task_id,model,fold,seed,epoch,gradient_norm_mean_so_far,training_bce_nll,training_exact_joint_hurdle_nll,validation_joint_hurdle_nll,validation_pr_auc,training_zt_nb_nll
M1_fold1_seed20261002,M1,1,20261002,1,1.0154409408569336,0.7724684861959059,0.7899457665139727,0.7672204581784422,0.013504416015684206,
M1_fold1_seed20261002,M1,1,20261002,2,1.0062772035598755,0.7563366361414116,0.7732431708931802,0.7479615482236606,0.011325364404786615,
M1_fold1_seed20261002,M1,1,20261002,3,0.9972337633371353,0.7403876697771997,0.756676811867739,0.7292441003809045,0.0101468481428675,
M1_fold1_seed20261002,M1,1,20261002,4,0.988375436514616,0.7247252754284705,0.7406844371936431,0.7110863715117688,0.009462614035196661,
M1_fold1_seed20261002,M1,1,20261002,5,0.9797773599624634,0.7094413160710417,0.7249948722182709,0.6935156295002711,0.009056078179407222,
M1_fold1_seed20261002,M1,1,20261002,6,0.9714641744891802,0.6945162019644575,0.7096614817359682,0.6764525355744133,0.008803979774322164,
M1_fold1_seed20261002,M1,1,20261002,7,0.9634187987872532,0.6798240882148366,0.6946288697144782,0.659896794440025,0.00864424278008404,
M1_fold1_seed20261002,M1,1,20261002,8,0.9556368626654148,0.6653858703845055,0.6798583286002853,0.6437821618101044,0.00854198028249823,
M1_fold1_seed20261002,M1,1,20261002,9,0.9480698787503772,0.6513008572256385,0.6655285038248304,0.6281132100493713,0.008483026290860304,
M1_fold1_seed20261002,M1,1,20261002,10,0.9407689109444618,0.6374705107237593,0.6514840687613384,0.6128742658342083,0.008451996971157848,
M1_fold1_seed20261002,M1,1,20261002,11,0.9337117211385206,0.6238551137474418,0.6377238585001325,0.5980431303558272,0.008440954911452948,
M1_fold1_seed20261002,M1,1,20261002,12,0.9268730444212755,0.6104353891063762,0.6240501264085012,0.5836031849457081,0.008450237976985553,
M1_fold1_seed20261002,M1,1,20261002,13,0.9202542167443496,0.5972041782969316,0.6106677341740382,0.5695019044423569,0.008476497287389164,
M1_fold1_seed20261002,M1,1,20261002,14,0.9138146734663418,0.5844118871043904,0.5977822648521536,0.5557458601984832,0.008511968522878308,
M1_fold1_seed20261002,M1,1,20261002,15,0.9075608899195989,0.5716225810858271,0.5848296915791126,0.5423285032928712,0.008559888007180834,
M1_fold1_seed20261002,M1,1,20261002,16,0.9014689167961478,0.559084722264885,0.5721790539085563,0.529195672697608,0.008624888998536086,
M1_fold1_seed20261002,M1,1,20261002,17,0.8955245543928707,0.5465380440450381,0.5595671878820062,0.5163683163428392,0.008700399772858804,
M1_fold1_seed20261002,M1,1,20261002,18,0.8897214589847459,0.5343476912537161,0.5472244426943039,0.5038444396181366,0.008779912241284148,
M1_fold1_seed20261002,M1,1,20261002,19,0.8840414418985969,0.522358866960276,0.5352030275229456,0.4916175031868388,0.00887087395105312,
M1_fold1_seed20261002,M1,1,20261002,20,0.8784669503569603,0.5104497395604128,0.5232240511432581,0.4796711039972743,0.008974558021810483,
M1_fold1_seed20261002,M1,1,20261002,21,0.8729869780086336,0.49877398065445694,0.5114333164459776,0.4680170584430682,0.009090466597556432,
M1_fold1_seed20261002,M1,1,20261002,22,0.8676014251329682,0.4871415299941088,0.4997847990859641,0.45663315359575785,0.009215677558851523,
M1_fold1_seed20261002,M1,1,20261002,23,0.862292692065239,0.4758648899493841,0.4884408024668592,0.4455177404389993,0.009345591331377363,
M1_fold1_seed20261002,M1,1,20261002,24,0.8570553896327814,0.46465783955967166,0.4772294321706636,0.43467385804287484,0.009482013756104744,
M1_fold1_seed20261002,M1,1,20261002,25,0.8518860250711441,0.4535172005908455,0.46596729836050904,0.42409982547730757,0.00962512662703873,
M1_fold1_seed20261002,M1,1,20261002,26,0.846771753178193,0.4427012806380234,0.4551295781327692,0.4137724854877048,0.009783220250403221,
M1_fold1_seed20261002,M1,1,20261002,27,0.84169152158278,0.4320431799097366,0.44444774483561084,0.40371035260472937,0.00994865812576965,
M1_fold1_seed20261002,M1,1,20261002,28,0.8366643115878105,0.4215031939934387,0.4338422322094917,0.39390109443436183,0.010141953147051429,
M1_fold1_seed20261002,M1,1,20261002,29,0.8316640340048691,0.4111749614261079,0.423501155272666,0.38434341841179365,0.010337090926844166,
M1_fold1_seed20261002,M1,1,20261002,30,0.8266988520820936,0.40092925447607325,0.41323053684203265,0.37503343707418757,0.0105372742179507,
M1_fold1_seed20261002,M1,1,20261002,31,0.8217557784049742,0.3911021810101406,0.40337419211295744,0.36596986949828114,0.010771264419803073,
M1_fold1_seed20261002,M1,1,20261002,32,0.8168360372073948,0.3812650842880266,0.3934954791065888,0.35715103038367485,0.01102611804025293,
M1_fold1_seed20261002,M1,1,20261002,33,0.8119375091610532,0.3716505957360481,0.38386454821060506,0.34857905329566313,0.0113166244382977,
M1_fold1_seed20261002,M1,1,20261002,34,0.8070525763665929,0.36233733998360657,0.37454850471529266,0.34023715513834385,0.011627573086598078,
M1_fold1_seed20261002,M1,1,20261002,35,0.8021776727267674,0.35296513100584975,0.36508467509239295,0.3321410217088717,0.011967929905574099,
M1_fold1_seed20261002,M1,1,20261002,36,0.7973167304363515,0.3439377148646156,0.3560551496689001,0.3242753784464487,0.012353387573163612,
M1_fold1_seed20261003,M1,1,20261003,1,1.1097387075424194,0.7737742193759448,0.7942917333629284,0.8566323857816249,0.008038142479443641,
M1_fold1_seed20261003,M1,1,20261003,2,1.1006207168102264,0.7573353728962926,0.7767408191356049,0.8350121027951867,0.008037261370437043,
M1_fold1_seed20261003,M1,1,20261003,3,1.091762512922287,0.7412587859706031,0.7598961181667705,0.8139615675435407,0.008036602588492233,
M1_fold1_seed20261003,M1,1,20261003,4,1.0832062140107155,0.725235466362567,0.743077701790144,0.7934546602429879,0.008036155401670568,
M1_fold1_seed20261003,M1,1,20261003,5,1.0749260067939759,0.7096500516681488,0.7269162133622371,0.7734892400417587,0.00803595834339423,
M1_fold1_seed20261003,M1,1,20261003,6,1.0668766895929973,0.6942233827713601,0.710933655089514,0.7540446387137163,0.008037236171224458,
M1_fold1_seed20261003,M1,1,20261003,7,1.0589914066450936,0.6789416130761924,0.6949265836347372,0.7351199279033334,0.008037295703936199,
M1_fold1_seed20261003,M1,1,20261003,8,1.05131483823061,0.663738905792406,0.6793116508200001,0.7166318600969983,0.008037341087269674,
M1_fold1_seed20261003,M1,1,20261003,9,1.043823480606079,0.6487255262763574,0.6639227766606066,0.6986083001570225,0.008037473090862833,
M1_fold1_seed20261003,M1,1,20261003,10,1.0365100145339965,0.6338968644862554,0.6487387258558409,0.6811098060496458,0.008037688647459816,
M1_fold1_seed20261003,M1,1,20261003,11,1.0293749083172192,0.619365071239178,0.6338981694561807,0.664071739882961,0.00803789416390424,
M1_fold1_seed20261003,M1,1,20261003,12,1.0223886296153069,0.605125800616448,0.6194162061430042,0.6475017824392906,0.008038106576765137,
M1_fold1_seed20261003,M1,1,20261003,13,1.0155424452744997,0.5910399829001707,0.604975572754742,0.6313608122483183,0.008038291489112906,
M1_fold1_seed20261003,M1,1,20261003,14,1.008813999593258,0.5772005310719576,0.5909249784357508,0.6156636064742002,0.008038503835379553,
M1_fold1_seed20261003,M1,1,20261003,15,1.0022195915381114,0.5634988130293298,0.5771394731228614,0.6003763399221683,0.00803872307585109,
M1_fold1_seed20261003,M1,1,20261003,16,0.9957255683839321,0.5500502488411604,0.5635342445442677,0.5854574505635713,0.008038983138132243,
M1_fold1_seed20261003,M1,1,20261003,17,0.9893126882174436,0.5369159924860731,0.5502469626476792,0.5708797667849734,0.008039304990588126,
M1_fold1_seed20261003,M1,1,20261003,18,0.9829967493812243,0.5239608722029251,0.5370998769301234,0.5566874315521029,0.008039739642771982,
M1_fold1_seed20261003,M1,1,20261003,19,0.9767328492904964,0.5111709125349978,0.5242354052052788,0.5428268651409381,0.00804025407995762,
M1_fold1_seed20261003,M1,1,20261003,20,0.9705405704677105,0.49877656951791405,0.5117034920889207,0.5292839494333882,0.008040954621185726,
M1_fold1_seed20261003,M1,1,20261003,21,0.9644167799325216,0.48621777102055747,0.499020388769311,0.5160993583594882,0.008041953297139115,
M1_fold1_seed20261003,M1,1,20261003,22,0.958333358168602,0.4740495102200131,0.486775367139437,0.5032296519981683,0.008043489118143012,
M1_fold1_seed20261003,M1,1,20261003,23,0.9522845103688862,0.4621769975323507,0.4748292663438233,0.4906961359207595,0.008045866711044802,
M1_fold1_seed20261003,M1,1,20261003,24,0.9462734889239073,0.4503638969014255,0.4629435198928898,0.4784877264631802,0.008049627247104804,
M1_fold1_seed20261003,M1,1,20261003,25,0.9402852982282639,0.43886274181209806,0.45146313092800333,0.4665869833611866,0.008055232575816699,
M1_fold1_seed20261003,M1,1,20261003,26,0.9343367161659094,0.42753265529500745,0.44000166887033076,0.45502954887900665,0.008063418962754886,
M1_fold1_seed20261003,M1,1,20261003,27,0.9283901740003515,0.41647507592446076,0.42890154003220826,0.443787490775598,0.008075118233636349,
M1_fold1_seed20261003,M1,1,20261003,28,0.9224683504019465,0.40547023457262843,0.41788478576907034,0.43285740766986563,0.008090918685835816,
M1_fold1_seed20261003,M1,1,20261003,29,0.9165569867553383,0.39476250469633895,0.40707878812788606,0.4222397040783612,0.008111731160407198,
M1_fold1_seed20261003,M1,1,20261003,30,0.9106568535168965,0.3843561812741132,0.3966655745670536,0.4119330433017439,0.008138398351270488,
M1_fold1_seed20261003,M1,1,20261003,31,0.9047602016118265,0.374172601617211,0.386447629686408,0.4019319456472983,0.008171437832995846,
M1_fold1_seed20261003,M1,1,20261003,32,0.8988616997376084,0.36415138725674173,0.3763796923654014,0.3922501310320793,0.008212235029116818,
M1_fold1_seed20261003,M1,1,20261003,33,0.8929772408622684,0.3542561498590195,0.3664898094065299,0.3828818527905274,0.008261780293728035,
M1_fold1_seed20261003,M1,1,20261003,34,0.8870895636432311,0.34495019998964904,0.3571319030954901,0.37379435207729655,0.00832087894790143,
M1_fold1_seed20261003,M1,1,20261003,35,0.8812046195779528,0.33540380985601576,0.3475555569284543,0.3649938044803883,0.008391804428466243,
M1_fold1_seed20261003,M1,1,20261003,36,0.8753156409495406,0.32635728433575073,0.3385314686916741,0.3564958033348242,0.008474665928951802,
M1_fold1_seed20261004,M1,1,20261004,1,0.848532184958458,0.6039548331536146,0.6209751400714891,0.6339701053466363,0.008214497953352974,
M1_fold1_seed20261004,M1,1,20261004,2,0.8411847054958344,0.5902396371436751,0.6068393563334565,0.6159419551709912,0.008204746939782258,
M1_fold1_seed20261004,M1,1,20261004,3,0.8340665797392527,0.5766459690951761,0.592786227566553,0.5984636432313631,0.008199290375403298,
M1_fold1_seed20261004,M1,1,20261004,4,0.8270462714135647,0.5633073678954469,0.579034239351336,0.5815175674795617,0.008199022233223163,
M1_fold1_seed20261004,M1,1,20261004,5,0.820280310511589,0.5503323535981278,0.5656619014941789,0.5651292284963718,0.008202044452803339,
M1_fold1_seed20261004,M1,1,20261004,6,0.8137245203057925,0.5374871938362049,0.5525524237415911,0.5493021761900955,0.008207506816949652,
M1_fold1_seed20261004,M1,1,20261004,7,0.8073335651840482,0.5251120513412146,0.5398444140996481,0.5340081826051634,0.008216584457196793,
M1_fold1_seed20261004,M1,1,20261004,8,0.8011144734919071,0.512662458446386,0.5270595161405998,0.5192604252552768,0.008229131489204575,
M1_fold1_seed20261004,M1,1,20261004,9,0.7950532452927696,0.5006213946135388,0.5147301809358955,0.5050124995467463,0.008244233648270153,
M1_fold1_seed20261004,M1,1,20261004,10,0.7891390070319175,0.48881626256394,0.5027590846878065,0.49125263006584075,0.008262044338966996,
M1_fold1_seed20261004,M1,1,20261004,11,0.7833640683781017,0.4771701205374816,0.4909354506362673,0.47795310273289354,0.008282610726268425,
M1_fold1_seed20261004,M1,1,20261004,12,0.7777175431450208,0.4657465016634224,0.47934957041999227,0.4650834119406131,0.008306268417354056,
M1_fold1_seed20261004,M1,1,20261004,13,0.7721750873785752,0.45454185558984705,0.4679670247580583,0.45264895398560034,0.008332308396807606,
M1_fold1_seed20261004,M1,1,20261004,14,0.766745853636946,0.4435580611610834,0.45685421978472335,0.4406174871918562,0.008363361062228694,
M1_fold1_seed20261004,M1,1,20261004,15,0.7614319215218226,0.43280926169035233,0.4459321761818142,0.42898491175724307,0.008399512610245026,
M1_fold1_seed20261004,M1,1,20261004,16,0.7561952229589224,0.42211644295671985,0.43518626710512887,0.4177344421655315,0.0084407833043655,
M1_fold1_seed20261004,M1,1,20261004,17,0.7510310428984025,0.4118173652934898,0.4247395439346057,0.406845924553525,0.008487281446796705,
M1_fold1_seed20261004,M1,1,20261004,18,0.7459373051921526,0.4015446085987008,0.41441989312211697,0.396319708452287,0.008542033416474358,
M1_fold1_seed20261004,M1,1,20261004,19,0.7408973425626755,0.39164085866816917,0.40439359495952276,0.3861460020659162,0.008606765631225108,
M1_fold1_seed20261004,M1,1,20261004,20,0.7359204933047294,0.38173554336392196,0.39444634409256357,0.376293162638315,0.008682246408085102,
M1_fold1_seed20261004,M1,1,20261004,21,0.730977401846931,0.37222791993118537,0.3848357823147829,0.3667666101173635,0.008770533063401363,
M1_fold1_seed20261004,M1,1,20261004,22,0.7260825776241042,0.3627937497258869,0.375313769617269,0.35757285115574317,0.008876803865501548,
M1_fold1_seed20261004,M1,1,20261004,23,0.7212204168672147,0.3536285320034148,0.3661224295022213,0.34867253571207507,0.009000778569529673,
M1_fold1_seed20261004,M1,1,20261004,24,0.7163954662779967,0.34444750524970696,0.3568706664506261,0.34006729404002506,0.009140049906033457,
M1_fold1_seed20261004,M1,1,20261004,25,0.711595031619072,0.33571640016664783,0.3480496247730206,0.33175043959426975,0.009313705765987786,
M1_fold1_seed20261004,M1,1,20261004,26,0.706808528647973,0.3271125832413996,0.33943703491505545,0.323706193966703,0.009513204067349127,
M1_fold1_seed20261004,M1,1,20261004,27,0.7020531434703756,0.31868728022483983,0.330950521142406,0.3159449052333778,0.009753046432219437,
M1_fold1_seed20261004,M1,1,20261004,28,0.6973165688770158,0.3104491744197963,0.32270332630145426,0.3084352731563118,0.010043105806788315,
M1_fold1_seed20261004,M1,1,20261004,29,0.6926003668842644,0.30229126872312767,0.3144910741875238,0.3011779353078077,0.010375516177924423,
M1_fold1_seed20261004,M1,1,20261004,30,0.6879033649961154,0.2944508282520727,0.3066367344110899,0.29417812760829165,0.010781581874975413,
M1_fold1_seed20261004,M1,1,20261004,31,0.6832118957273422,0.28680866129501714,0.2989325097259967,0.2874148026771297,0.011288496570299766,
M1_fold1_seed20261004,M1,1,20261004,32,0.6785324783995748,0.2793406507652719,0.29143888182286176,0.28087354167961814,0.011892636955497811,
M1_fold1_seed20261004,M1,1,20261004,33,0.6738758191014781,0.2720026855812963,0.2840947889142674,0.2745586977439859,0.012609982974752998,
M1_fold1_seed20261004,M1,1,20261004,34,0.6692340851706617,0.26499070982328193,0.27705546560662864,0.2684563028500646,0.01346179468732436,
M1_fold1_seed20261004,M1,1,20261004,35,0.6646027731043952,0.2579415469162363,0.2700022921033413,0.2625510264294288,0.014495495399782666,
M1_fold1_seed20261004,M1,1,20261004,36,0.6599853560328484,0.2512115914983828,0.2632348727801147,0.2568641545194087,0.01573976524445014,
M1_fold1_seed20261005,M1,1,20261005,1,0.9049418866634369,0.5915669028473279,0.6089705898882145,0.6711573364365894,0.34923881803421636,
M1_fold1_seed20261005,M1,1,20261005,2,0.897058330476284,0.5772015551617151,0.5940677366795674,0.6518604026437093,0.34360382057170324,
M1_fold1_seed20261005,M1,1,20261005,3,0.8890045384565989,0.5630287737392711,0.5792751563719022,0.6331892397601512,0.3376655828368691,
M1_fold1_seed20261005,M1,1,20261005,4,0.881222777068615,0.5490073860831354,0.5646889367797997,0.6150938207945933,0.3368731563945839,
M1_fold1_seed20261005,M1,1,20261005,5,0.8735806822776795,0.5354139457415462,0.5506902244447508,0.5975679225400147,0.32987193643117246,
M1_fold1_seed20261005,M1,1,20261005,6,0.8660785605510076,0.5220354459766681,0.536912910495489,0.5806019960477777,0.32040268009701395,
M1_fold1_seed20261005,M1,1,20261005,7,0.8586718844515937,0.5089803552028416,0.5235441464004682,0.5641460553171381,0.30967865349670565,
M1_fold1_seed20261005,M1,1,20261005,8,0.8514542113989592,0.49628479417946136,0.5104572700763105,0.5482385193214557,0.2983680142299267,
M1_fold1_seed20261005,M1,1,20261005,9,0.8443377729919221,0.48376717975651223,0.4976919149073144,0.5328135983315336,0.2866265221117774,
M1_fold1_seed20261005,M1,1,20261005,10,0.8373464658856392,0.4717482049664384,0.48541221892800546,0.5178823395944614,0.2740187280269915,
M1_fold1_seed20261005,M1,1,20261005,11,0.8305013437162746,0.45988716662924556,0.47332800839457845,0.5034118780026817,0.26079575691246243,
M1_fold1_seed20261005,M1,1,20261005,12,0.8237956911325455,0.44823565349321876,0.4615115945101444,0.48946385456525293,0.24676018523715662,
M1_fold1_seed20261005,M1,1,20261005,13,0.8171859979629517,0.43680765345164907,0.4499051488719592,0.4759394508746058,0.2315299479125977,
M1_fold1_seed20261005,M1,1,20261005,14,0.8106794857553073,0.4258007318517593,0.43879490746707445,0.46281972117597614,0.2154051144803883,
M1_fold1_seed20261005,M1,1,20261005,15,0.80427665412426,0.4149792627739333,0.42776545852327014,0.45012373380554754,0.19903981888689298,
M1_fold1_seed20261005,M1,1,20261005,16,0.7979654790833592,0.4043276730485368,0.4170402915763202,0.4378243293301758,0.18266735227483913,
M1_fold1_seed20261005,M1,1,20261005,17,0.7917496789904201,0.3939626309814408,0.4065728988442062,0.4259279561669227,0.1669641618323819,
M1_fold1_seed20261005,M1,1,20261005,18,0.7856037409769164,0.383829563732787,0.396356726629706,0.41442343302968015,0.1523466388679687,
M1_fold1_seed20261005,M1,1,20261005,19,0.7795229279681256,0.37385205739172905,0.3863014548322834,0.4032896146769457,0.13941605778456273,
M1_fold1_seed20261005,M1,1,20261005,20,0.7735077641904354,0.3641606838022915,0.3765646455249214,0.3925263671411035,0.1283692035818723,
M1_fold1_seed20261005,M1,1,20261005,21,0.7675579133487883,0.3546062952692496,0.3669724943735038,0.38209598228148256,0.11939525780461976,
M1_fold1_seed20261005,M1,1,20261005,22,0.7616617794741284,0.34521541117999655,0.35755816471881746,0.37200448235219313,0.11185175544400974,
M1_fold1_seed20261005,M1,1,20261005,23,0.7558084421831629,0.33627589488539095,0.34851156862916727,0.3622493197798426,0.10574149209471596,
M1_fold1_seed20261005,M1,1,20261005,24,0.7500073555856943,0.3274224065495727,0.3396278382084943,0.35281126163129556,0.10081629757462612,
M1_fold1_seed20261005,M1,1,20261005,25,0.7442557609081268,0.31874413358840037,0.3308937591562499,0.3436781538566807,0.09719725257568221,
M1_fold1_seed20261005,M1,1,20261005,26,0.7385496680553143,0.3104008482740224,0.3225408403213869,0.3348583766650304,0.09441897560402548,
M1_fold1_seed20261005,M1,1,20261005,27,0.7328857768464971,0.3021857373780099,0.314291871780307,0.32633874661189394,0.09264636929538678,
M1_fold1_seed20261005,M1,1,20261005,28,0.7272615778659072,0.29410372318692407,0.30618981932565204,0.31810741044972213,0.09168307823666193,
M1_fold1_seed20261005,M1,1,20261005,29,0.7216713983437111,0.28624263445085274,0.2982903731796063,0.31014861587802806,0.09106047350640044,
M1_fold1_seed20261005,M1,1,20261005,30,0.7161237428585688,0.2787533958294925,0.29075048672771125,0.3024593030384335,0.09099010541669532,
M1_fold1_seed20261005,M1,1,20261005,31,0.7106070830937354,0.271189583567225,0.28321303359303596,0.2950275534665444,0.09128117389513031,
M1_fold1_seed20261005,M1,1,20261005,32,0.705123848747462,0.2639524895241339,0.27594460203485704,0.28785339114849295,0.09199904434427632,
M1_fold1_seed20261005,M1,1,20261005,33,0.6996724998409097,0.25690802355158004,0.2688955654671742,0.2809362942834956,0.09288150933995575,
M1_fold1_seed20261005,M1,1,20261005,34,0.694256710655549,0.2500554036802354,0.2620590585902659,0.2742614236593876,0.09436238040803116,
M1_fold1_seed20261005,M1,1,20261005,35,0.6888710732970919,0.24350234903806017,0.2554638335944189,0.26783477599606925,0.096156704781701,
M1_fold1_seed20261005,M1,1,20261005,36,0.6835216544568539,0.23692572326252173,0.2488796029394722,0.26163764770894027,0.09815585523806525,
M1_fold1_seed20261006,M1,1,20261006,1,1.103621482849121,0.8159369271195732,0.8292012170313813,0.8606071911305815,0.00803599841116026,
M1_fold1_seed20261006,M1,1,20261006,2,1.0938965380191803,0.7979614409814143,0.8110719737843165,0.8417143922104335,0.00803568972138859,
M1_fold1_seed20261006,M1,1,20261006,3,1.0844626426696777,0.7802803668564082,0.7932485175405374,0.8231158180363642,0.008035473020018885,
M1_fold1_seed20261006,M1,1,20261006,4,1.0752583369612694,0.763094317534271,0.7759382903181673,0.8048109605195004,0.008035442444316263,
M1_fold1_seed20261006,M1,1,20261006,5,1.0663320124149323,0.7460620799177083,0.758799540475426,0.786834428589706,0.008035528808557043,
M1_fold1_seed20261006,M1,1,20261006,6,1.0576053659121196,0.7294075146566784,0.7420439529980453,0.7691191673427538,0.008035812158795898,
M1_fold1_seed20261006,M1,1,20261006,7,1.0491525615964616,0.7131363933460301,0.7257012689903254,0.7517202327922176,0.008036361063947409,
M1_fold1_seed20261006,M1,1,20261006,8,1.0408822521567345,0.6970100410282555,0.7095120498418722,0.734688686865605,0.008037484012552866,
M1_fold1_seed20261006,M1,1,20261006,9,1.0328294005658891,0.6812419793934176,0.6936634216048506,0.7180900607846014,0.008039728667248823,
M1_fold1_seed20261006,M1,1,20261006,10,1.024984645843506,0.6659209696383241,0.6782815496109756,0.7018943368460041,0.008043977689665223,
M1_fold1_seed20261006,M1,1,20261006,11,1.0173326337879354,0.650847389441102,0.6631621841132468,0.6861609617591375,0.008049032236144425,
M1_fold1_seed20261006,M1,1,20261006,12,1.0099143646657467,0.6360662130125063,0.6483171892978706,0.6708040780101969,0.008056128306396603,
M1_fold1_seed20261006,M1,1,20261006,13,1.0026611467966666,0.6216107887394774,0.633763834668392,0.6558657625965769,0.008065882840491466,
M1_fold1_seed20261006,M1,1,20261006,14,0.9955974050930568,0.6076760933273323,0.6198131992673287,0.6413376653107501,0.008078567449923,
M1_fold1_seed20261006,M1,1,20261006,15,0.9887085606654485,0.5937624788114553,0.6058921366755279,0.627223499946614,0.008094247838642762,
M1_fold1_seed20261006,M1,1,20261006,16,0.9819742115214467,0.5802709076106569,0.592367548955393,0.6134628212919051,0.008113168274063345,
M1_fold1_seed20261006,M1,1,20261006,17,0.9753923100583693,0.5668876878409305,0.5789575307343706,0.6000684831424627,0.008134532496061261,
M1_fold1_seed20261006,M1,1,20261006,18,0.968959222237269,0.5536420624273913,0.5656542316306515,0.5870253713178626,0.008158714405862869,
M1_fold1_seed20261006,M1,1,20261006,19,0.9626415191512359,0.540881481035147,0.552888981168919,0.574349849535062,0.008185306536582055,
M1_fold1_seed20261006,M1,1,20261006,20,0.9564441345632076,0.5283753593123794,0.5403776209931311,0.5619868127101467,0.008214661593619756,
M1_fold1_seed20261006,M1,1,20261006,21,0.9503500447386787,0.5161720481297741,0.528129482603944,0.5499854318388696,0.008247131109596875,
M1_fold1_seed20261006,M1,1,20261006,22,0.9443610059944066,0.5037605604632003,0.5157211123277622,0.5382796302428348,0.008281597551855554,
M1_fold1_seed20261006,M1,1,20261006,23,0.9384594553190729,0.49207318991226456,0.5040104202548437,0.5268531684691434,0.008317992413660363,
M1_fold1_seed20261006,M1,1,20261006,24,0.9326373053093752,0.4801797198553642,0.4921024489702071,0.5157424471443797,0.0083571568768982,
M1_fold1_seed20261006,M1,1,20261006,25,0.926880670785904,0.4689317308231826,0.4808642284258172,0.504937834393973,0.008399380169701147,
M1_fold1_seed20261006,M1,1,20261006,26,0.9212024911091878,0.4576221644789767,0.46952264491684254,0.4944194908713948,0.008444490886736883,
M1_fold1_seed20261006,M1,1,20261006,27,0.9155742459826999,0.44645910844060743,0.4583707648007595,0.4841824593107666,0.008492878737824843,
M1_fold1_seed20261006,M1,1,20261006,28,0.9099990635045937,0.43553020112880725,0.44743231612153717,0.47418980954059986,0.008545915400572193,
M1_fold1_seed20261006,M1,1,20261006,29,0.9044670755493229,0.42495563806728165,0.4368415843395651,0.4644700608369831,0.008605371780298068,
M1_fold1_seed20261006,M1,1,20261006,30,0.8989758148789406,0.4144061186173462,0.42628887561813084,0.4549945547012081,0.00867161540436557,
M1_fold1_seed20261006,M1,1,20261006,31,0.8935149735020053,0.4040985543067368,0.415969545369783,0.4457828296829373,0.008746173764827503,
M1_fold1_seed20261006,M1,1,20261006,32,0.8880911646410823,0.3942214530637565,0.4060949258696844,0.4368069118485599,0.008827974314890123,
M1_fold1_seed20261006,M1,1,20261006,33,0.8827045081239758,0.38444677985772197,0.39631261709034604,0.4280387061068513,0.008922051551236397,
M1_fold1_seed20261006,M1,1,20261006,34,0.87734114948441,0.37465706612459165,0.3865366217948557,0.4195027388342477,0.00902713544929297,
M1_fold1_seed20261006,M1,1,20261006,35,0.8719913738114493,0.36548593133545676,0.3773460303633171,0.4111822205689553,0.009148432409981089,
M1_fold1_seed20261006,M1,1,20261006,36,0.8666658914751477,0.356055749207638,0.36792437264552025,0.4030826892561765,0.009291352664590996,
M1_fold2_seed20261002,M1,2,20261002,1,0.9918688038984934,0.7672771957591991,0.7954108307008357,0.7641270601651715,0.044247722700343335,
M1_fold2_seed20261002,M1,2,20261002,2,0.9787973662217458,0.7436598465978541,0.7706800342743285,0.7401337804931133,0.02988625045262627,
M1_fold2_seed20261002,M1,2,20261002,3,0.9661922487947676,0.720728594436721,0.7467902237474932,0.7171658668704254,0.021558751013205354,
M1_fold2_seed20261002,M1,2,20261002,4,0.9541526933511099,0.6984841560930559,0.7237256780418917,0.6951896730492719,0.017366898049456885,
M1_fold2_seed20261002,M1,2,20261002,5,0.9427149454752605,0.6769149144450666,0.7014337122815377,0.6741361782684958,0.015093453465820429,
M1_fold2_seed20261002,M1,2,20261002,6,0.9317947493659126,0.6558535900503656,0.6798255994189981,0.653937654605605,0.013978335534498669,
M1_fold2_seed20261002,M1,2,20261002,7,0.9214312732219696,0.6353915619122861,0.6588824032637496,0.6345058847688309,0.013549714606289603,
M1_fold2_seed20261002,M1,2,20261002,8,0.9115425124764442,0.6155094537165792,0.6385255342114644,0.615720651846495,0.013456729573244836,
M1_fold2_seed20261002,M1,2,20261002,9,0.9020948829474272,0.5960370198626925,0.6187178277123475,0.5975736665072429,0.01375702136988737,
M1_fold2_seed20261002,M1,2,20261002,10,0.8930195977290472,0.5769577106440901,0.5993503876956641,0.5799466067241025,0.014285287558292007,
M1_fold2_seed20261002,M1,2,20261002,11,0.8843074088746851,0.5583752752060281,0.5805092337170829,0.5628536016842908,0.015091397252895674,
M1_fold2_seed20261002,M1,2,20261002,12,0.8758779135015275,0.5401093505879153,0.5620503962550506,0.546217821273033,0.01599643379962444,
M1_fold2_seed20261002,M1,2,20261002,13,0.8677181364634098,0.5221566795949226,0.5438268773202972,0.5300237970397366,0.017106630874223237,
M1_fold2_seed20261002,M1,2,20261002,14,0.8597639862980161,0.5046226248241299,0.5261381244933082,0.5142536714773427,0.018316881667983335,
M1_fold2_seed20261002,M1,2,20261002,15,0.8520108004411061,0.48754125470570514,0.5088746758906774,0.4988946112441693,0.019800321323005483,
M1_fold2_seed20261002,M1,2,20261002,16,0.8444121765593687,0.4706770793754532,0.4918867614300179,0.48394835723453916,0.021657401719127424,
M1_fold2_seed20261002,M1,2,20261002,17,0.8369412153374916,0.4543127351785695,0.4754158190995113,0.4693948599516746,0.02372405126156411,
M1_fold2_seed20261002,M1,2,20261002,18,0.8295859037726013,0.43828260127058155,0.45926392057637777,0.45522741022799357,0.02600693316682313,
M1_fold2_seed20261002,M1,2,20261002,19,0.8223072985808054,0.4225193599674562,0.44338106012717604,0.44145765214300997,0.028562900529887036,
M1_fold2_seed20261002,M1,2,20261002,20,0.8150958806276322,0.4073473145045693,0.42813164685772737,0.42810535170397807,0.03184321169661477,
M1_fold2_seed20261002,M1,2,20261002,21,0.8079295002278828,0.3924326786853342,0.41312920240839607,0.4151491736552995,0.03505447917400497,
M1_fold2_seed20261002,M1,2,20261002,22,0.8008049961292383,0.37781956644633596,0.39840390442637325,0.4026012136061868,0.03860326692794486,
M1_fold2_seed20261002,M1,2,20261002,23,0.793701910454294,0.36376818107558795,0.3842981330329612,0.39047877693166055,0.042725374097864054,
M1_fold2_seed20261002,M1,2,20261002,24,0.7866225950419903,0.35022562158647,0.3707231722547201,0.37876330472132724,0.04667523519853284,
M1_fold2_seed20261002,M1,2,20261002,25,0.779549260934194,0.337095298445723,0.3574871334609023,0.3674842303280344,0.05084306982161222,
M1_fold2_seed20261002,M1,2,20261002,26,0.7724826095195917,0.3242802508735818,0.34462802746223065,0.356626728779996,0.0554359204084691,
M1_fold2_seed20261002,M1,2,20261002,27,0.7654284132115635,0.3120476061072427,0.3323761332572209,0.3461833539104503,0.06014676767825261,
M1_fold2_seed20261002,M1,2,20261002,28,0.7583758937461036,0.3002080682981344,0.32048655351796335,0.33616637833364577,0.06502104340732515,
M1_fold2_seed20261002,M1,2,20261002,29,0.7513258337289438,0.28886057490989947,0.3091028394207919,0.3265573126872961,0.07008198542676601,
M1_fold2_seed20261002,M1,2,20261002,30,0.744289525018798,0.2779018815499207,0.2980943752254149,0.31735370751416275,0.07546363572777771,
M1_fold2_seed20261002,M1,2,20261002,31,0.7372576539875358,0.267285870603254,0.2874738733948561,0.3085374667626399,0.08029196350959933,
M1_fold2_seed20261002,M1,2,20261002,32,0.7302345344796777,0.25730434846292183,0.27747019856710403,0.30011723993123574,0.08548938125590008,
M1_fold2_seed20261002,M1,2,20261002,33,0.7232313074848868,0.24756310847320712,0.26770391629548834,0.2920723248958957,0.0907838160054013,
M1_fold2_seed20261002,M1,2,20261002,34,0.7162379916099941,0.2382165999554625,0.2583338430215596,0.2843909111362805,0.09598592120115704,
M1_fold2_seed20261002,M1,2,20261002,35,0.7092724976085482,0.22954666231682455,0.24964210188686692,0.2770542472661982,0.10097064839661277,
M1_fold2_seed20261002,M1,2,20261002,36,0.7023334703235714,0.22104413374061116,0.24112714686832346,0.27006456132912043,0.10600721892839893,
M1_fold2_seed20261003,M1,2,20261003,1,1.0852561195691426,0.7690066483911112,0.8015394994900422,0.7604418494848203,0.009282348722360917,
M1_fold2_seed20261003,M1,2,20261003,2,1.0723491311073303,0.7452193575186021,0.7759506139126671,0.7386120620215623,0.009279218346934858,
M1_fold2_seed20261003,M1,2,20261003,3,1.0598685476515028,0.7217996780794925,0.7509461367169534,0.7175231260913653,0.00927856775458395,
M1_fold2_seed20261003,M1,2,20261003,4,1.04788442949454,0.699009566413711,0.7267556257441892,0.6971624934860383,0.009277225996765236,
M1_fold2_seed20261003,M1,2,20261003,5,1.0364129424095154,0.6764770073906985,0.7030720646303483,0.6774814823843468,0.009276393498628254,
M1_fold2_seed20261003,M1,2,20261003,6,1.0253773397869534,0.6542546828425836,0.6798874900649732,0.6584642997308545,0.00927636067657436,
M1_fold2_seed20261003,M1,2,20261003,7,1.0147821278799147,0.6327063803515429,0.6575307843097045,0.6401140210244238,0.00927752740390919,
M1_fold2_seed20261003,M1,2,20261003,8,1.0045637985070546,0.6115962114908782,0.635767568074344,0.6223859286091312,0.009280976028047935,
M1_fold2_seed20261003,M1,2,20261003,9,0.994678364859687,0.5909327864774817,0.6145352399579473,0.6052147841762555,0.009288764593755598,
M1_fold2_seed20261003,M1,2,20261003,10,0.9850762774546941,0.570612602322684,0.5936978818422285,0.5885646989077425,0.009304402576215124,
M1_fold2_seed20261003,M1,2,20261003,11,0.975746444680474,0.5508662390502082,0.5735276910626007,0.5724108386622534,0.009333048308082278,
M1_fold2_seed20261003,M1,2,20261003,12,0.9665981365574731,0.5314938901208283,0.5538556021496093,0.556716829499276,0.00937980301936444,
M1_fold2_seed20261003,M1,2,20261003,13,0.9576156292206202,0.5125776203381804,0.534633958508527,0.5414720224266588,0.009452672568820656,
M1_fold2_seed20261003,M1,2,20261003,14,0.9487644185622534,0.4941978131529785,0.515964672827564,0.5266480974672436,0.009557872678488954,
M1_fold2_seed20261003,M1,2,20261003,15,0.9400062031216092,0.4761664293518955,0.4977398240379389,0.5122531734763225,0.009703322648846987,
M1_fold2_seed20261003,M1,2,20261003,16,0.9313380637516578,0.45852226072854557,0.47987268080827833,0.49826920738426034,0.009899487656080263,
M1_fold2_seed20261003,M1,2,20261003,17,0.9227243498259899,0.441300948503456,0.4625596996032886,0.48468415087581534,0.010152800363084835,
M1_fold2_seed20261003,M1,2,20261003,18,0.9141464509345867,0.424564502185251,0.4456212227760902,0.4714973776299862,0.01048015055128278,
M1_fold2_seed20261003,M1,2,20261003,19,0.9055924300561872,0.4082856363708538,0.42923871667493463,0.4586935201912504,0.010877282481190721,
M1_fold2_seed20261003,M1,2,20261003,20,0.8970431730151176,0.39259064363026264,0.41345558098084867,0.44628758264867185,0.011373456696852094,
M1_fold2_seed20261003,M1,2,20261003,21,0.888502647952428,0.3772481273178402,0.3980085185163238,0.4342633132096219,0.011975351483898663,
M1_fold2_seed20261003,M1,2,20261003,22,0.8799595774123163,0.36255492261218325,0.3832284504403483,0.42264011017711933,0.012714384625247776,
M1_fold2_seed20261003,M1,2,20261003,23,0.8714113313218822,0.3481740357755117,0.36879583191520265,0.4113969053469099,0.013632073454923468,
M1_fold2_seed20261003,M1,2,20261003,24,0.862857696496778,0.3343209349307069,0.3548569638448348,0.4005314494890062,0.014763739457577104,
M1_fold2_seed20261003,M1,2,20261003,25,0.8542974837621053,0.3210530200314061,0.3415749357934573,0.39004853760393887,0.016262644051945378,
M1_fold2_seed20261003,M1,2,20261003,26,0.8457381881964512,0.3083435750876811,0.3287802106989071,0.3799396016738903,0.01818438047255224,
M1_fold2_seed20261003,M1,2,20261003,27,0.8371681096377196,0.29613313547008596,0.3165325232063267,0.3702064982335211,0.020701250736715526,
M1_fold2_seed20261003,M1,2,20261003,28,0.8286057912877628,0.28432517689507575,0.3046844025680422,0.360848087749105,0.02385011192155332,
M1_fold2_seed20261003,M1,2,20261003,29,0.8200515508651733,0.27292837765993866,0.2932605699446612,0.35182718381093064,0.02777321002309066,
M1_fold2_seed20261003,M1,2,20261003,30,0.811512816283438,0.26225867118816276,0.2825309607203767,0.34317305881136106,0.03235931983857023,
M1_fold2_seed20261003,M1,2,20261003,31,0.8029945108198351,0.251906393855307,0.27217783503396004,0.3348497088140546,0.037523237132674435,
M1_fold2_seed20261003,M1,2,20261003,32,0.7945014797151089,0.24203597508692906,0.26228414812489464,0.3268761330317674,0.043343109233432084,
M1_fold2_seed20261003,M1,2,20261003,33,0.786048994521902,0.2326667974337604,0.2528935949313122,0.319213523722226,0.04925606015863321,
M1_fold2_seed20261003,M1,2,20261003,34,0.7776369825005531,0.22371064477296546,0.2439156398185712,0.3118653881515192,0.0553493525974353,
M1_fold2_seed20261003,M1,2,20261003,35,0.769274161543165,0.2151282642102428,0.23532339886479126,0.30481690768669445,0.06170019799405657,
M1_fold2_seed20261003,M1,2,20261003,36,0.7609699062175221,0.20699623530675365,0.22720973690845725,0.2980634202772875,0.06805182857165537,
M1_fold2_seed20261004,M1,2,20261004,1,0.8539740641911825,0.6052343100793207,0.6337436445966381,0.6369601394018055,0.009389135468713238,
M1_fold2_seed20261004,M1,2,20261004,2,0.8426446666320165,0.5845933209375707,0.6119519548338931,0.618203574135717,0.009401908317290587,
M1_fold2_seed20261004,M1,2,20261004,3,0.8317035734653473,0.5643315193000439,0.5907120636384106,0.6001264761112254,0.009421191313244606,
M1_fold2_seed20261004,M1,2,20261004,4,0.8212530985474586,0.544667490095377,0.5702272138179509,0.5827007575297374,0.009455557469503807,
M1_fold2_seed20261004,M1,2,20261004,5,0.8112175186475118,0.525618373421282,0.5504682913694727,0.5659522763967546,0.009509986043939106,
M1_fold2_seed20261004,M1,2,20261004,6,0.8015602363480462,0.5071146994655515,0.5312987206380502,0.5498599428623213,0.009561400648634522,
M1_fold2_seed20261004,M1,2,20261004,7,0.7922729026703608,0.48907206522689756,0.5127408855559076,0.5343790929284948,0.009585962240652115,
M1_fold2_seed20261004,M1,2,20261004,8,0.783308153351148,0.4716387418842946,0.49480663464023583,0.5194792874648956,0.009651513314800854,
M1_fold2_seed20261004,M1,2,20261004,9,0.7746123373508453,0.4547052327546971,0.47754023040168675,0.5051047067192918,0.009741126390790087,
M1_fold2_seed20261004,M1,2,20261004,10,0.766167605916659,0.4383118945839542,0.4607358949700299,0.4912088424432582,0.009886003780000138,
M1_fold2_seed20261004,M1,2,20261004,11,0.7579261190963514,0.42223475620814116,0.4443506145788959,0.4777473365965007,0.010081746726717434,
M1_fold2_seed20261004,M1,2,20261004,12,0.7498684484097693,0.4066986814203133,0.4285925127530858,0.46471562411884526,0.010344216583880194,
M1_fold2_seed20261004,M1,2,20261004,13,0.7419593548163389,0.39170314012798146,0.4133789168896308,0.45209855367421575,0.010679599775068138,
M1_fold2_seed20261004,M1,2,20261004,14,0.7341761745157696,0.37704295197173415,0.3985063598355801,0.4398729321403228,0.011096998485763399,
M1_fold2_seed20261004,M1,2,20261004,15,0.7264993634488848,0.3628930020193711,0.38422381579185405,0.42802873705496364,0.011620612688563505,
M1_fold2_seed20261004,M1,2,20261004,16,0.7189158586164316,0.3492080027880838,0.3704213180855587,0.41656227585003747,0.012253628887248222,
M1_fold2_seed20261004,M1,2,20261004,17,0.7114170252108106,0.33606748227799427,0.35708605644107194,0.4054533731269291,0.013010341726759102,
M1_fold2_seed20261004,M1,2,20261004,18,0.7039868980646133,0.32311055703464797,0.34404069274334337,0.39471034908490554,0.013936095448422055,
M1_fold2_seed20261004,M1,2,20261004,19,0.6966061262707961,0.31076438012189084,0.33157769372485135,0.38432534831189696,0.01505952743544547,
M1_fold2_seed20261004,M1,2,20261004,20,0.6892801677187284,0.29892373993184906,0.31965806401339336,0.37428554902456435,0.016426385583698352,
M1_fold2_seed20261004,M1,2,20261004,21,0.6820039356511737,0.28738725411962984,0.3080519385021847,0.3645892587771591,0.01810468980490624,
M1_fold2_seed20261004,M1,2,20261004,22,0.6747740240711154,0.2763999756474678,0.29699078916671057,0.35524765321126267,0.02022788712041782,
M1_fold2_seed20261004,M1,2,20261004,23,0.6675895443861035,0.2657711040216186,0.28627643216968324,0.34622914869864074,0.022863231678530445,
M1_fold2_seed20261004,M1,2,20261004,24,0.660447029189931,0.25564004492468323,0.2761215669317459,0.3375507149377666,0.026190994851955765,
M1_fold2_seed20261004,M1,2,20261004,25,0.6533464405934016,0.24582459231581624,0.26624362055173556,0.32918843205911774,0.030105691415140436,
M1_fold2_seed20261004,M1,2,20261004,26,0.6462931279570628,0.23650598429321565,0.2568595591810844,0.3211501251230188,0.034764469520370656,
M1_fold2_seed20261004,M1,2,20261004,27,0.6392869883113437,0.2275665616769518,0.2479100665697754,0.31342308870305224,0.04026564664887329,
M1_fold2_seed20261004,M1,2,20261004,28,0.6323316482206186,0.21891040139778625,0.23920749207596706,0.3059970720331952,0.04682335734303911,
M1_fold2_seed20261004,M1,2,20261004,29,0.6254296814915777,0.21077508945366608,0.23105981020264352,0.29886282610976445,0.05379323667565653,
M1_fold2_seed20261004,M1,2,20261004,30,0.618585005402565,0.20292273327869154,0.22315756270045722,0.2920073490493473,0.061411192528136954,
M1_fold2_seed20261004,M1,2,20261004,31,0.6117935634108,0.1953732317790568,0.21556688453476006,0.28542349234927233,0.06971751351357604,
M1_fold2_seed20261004,M1,2,20261004,32,0.6050617174866298,0.18826540429380212,0.2084626776254217,0.2791090686509452,0.0778394341230018,
M1_fold2_seed20261004,M1,2,20261004,33,0.5983912195220138,0.18147894418565785,0.20162973100271203,0.2730479739237079,0.08598936355374014,
M1_fold2_seed20261004,M1,2,20261004,34,0.5917865408986223,0.1749209587504884,0.19505513707735825,0.2672343453722106,0.09402264420021218,
M1_fold2_seed20261004,M1,2,20261004,35,0.5852535577047439,0.1686334983676004,0.18873865933364925,0.261656922811828,0.10234281801690455,
M1_fold2_seed20261004,M1,2,20261004,36,0.5787904375681171,0.162726728595849,0.18284872183395334,0.2563036626435635,0.1107869553617893,
M1_fold2_seed20261005,M1,2,20261005,1,0.8906363844871521,0.5850668265220931,0.6140069649333916,0.656890294088313,0.3591657750494988,
M1_fold2_seed20261005,M1,2,20261005,2,0.878819614648819,0.5639644068728026,0.5918386107506504,0.6345381054262523,0.35104332500130586,
M1_fold2_seed20261005,M1,2,20261005,3,0.8671631415685018,0.5431873501873634,0.5698229711644848,0.6132509327285645,0.3474900135748322,
M1_fold2_seed20261005,M1,2,20261005,4,0.8558500284949938,0.5233363799099912,0.5489713651306822,0.5929867068945005,0.33762884647304037,
M1_fold2_seed20261005,M1,2,20261005,5,0.8449025611082713,0.5041479641914822,0.5289782326831876,0.5736671574691825,0.32597757295395885,
M1_fold2_seed20261005,M1,2,20261005,6,0.8342486851745181,0.4854583757485694,0.509579501482846,0.5552225967033345,0.3135468633944545,
M1_fold2_seed20261005,M1,2,20261005,7,0.8238812528905415,0.46754308384002136,0.4910406845660191,0.537575875029074,0.30046560805805084,
M1_fold2_seed20261005,M1,2,20261005,8,0.8137789083023866,0.4501642660211195,0.47311053323024826,0.5206755906947207,0.2868532682088199,
M1_fold2_seed20261005,M1,2,20261005,9,0.8039239324905254,0.4333359778553377,0.4558818918797433,0.5044639899062981,0.2728417353314625,
M1_fold2_seed20261005,M1,2,20261005,10,0.7942954937616984,0.41703883744738657,0.4392725733290535,0.4889020580727453,0.2579984862193751,
M1_fold2_seed20261005,M1,2,20261005,11,0.7848859348080375,0.4013127293829003,0.4231518943594868,0.4739646943829291,0.24269474349540457,
M1_fold2_seed20261005,M1,2,20261005,12,0.7756581604480743,0.3859612275962372,0.40759630123448964,0.4596082812827268,0.22595701282977163,
M1_fold2_seed20261005,M1,2,20261005,13,0.7665720169360821,0.3712772697599588,0.39266611953870134,0.4458226590047027,0.20801865851188348,
M1_fold2_seed20261005,M1,2,20261005,14,0.7576300132842291,0.3570405751558036,0.37821869939199526,0.4325774856854769,0.19077256652737182,
M1_fold2_seed20261005,M1,2,20261005,15,0.7488106787204742,0.34334529287955917,0.3643528625697174,0.4198707543479038,0.1752448688488075,
M1_fold2_seed20261005,M1,2,20261005,16,0.7400942693154017,0.3299766279187556,0.35085840657745987,0.4076591671993417,0.161850374454492,
M1_fold2_seed20261005,M1,2,20261005,17,0.7314709676247017,0.31722571282062045,0.33794541856789817,0.39593981183134286,0.15058948283434323,
M1_fold2_seed20261005,M1,2,20261005,18,0.7229440554424569,0.30483743984270956,0.325495383926537,0.38471181611250493,0.14197114139956352,
M1_fold2_seed20261005,M1,2,20261005,19,0.7145007629143564,0.29301085602849686,0.31357871054207026,0.37393202773249073,0.13487195761639434,
M1_fold2_seed20261005,M1,2,20261005,20,0.7061447496215503,0.2816798577850751,0.30213319264739064,0.36361142712559424,0.13033685871243447,
M1_fold2_seed20261005,M1,2,20261005,21,0.6978680780009617,0.2707732073069231,0.29117569138205845,0.35372193023628745,0.1272489154073368,
M1_fold2_seed20261005,M1,2,20261005,22,0.6896676403103452,0.2601372212298623,0.2804768106613916,0.344252141457032,0.12539294635161866,
M1_fold2_seed20261005,M1,2,20261005,23,0.6815463593904523,0.2502066126630164,0.2705088369185825,0.3351873487923781,0.12465335131013676,
M1_fold2_seed20261005,M1,2,20261005,24,0.6735107654498683,0.2404764345408333,0.26070162560262355,0.3265149177533036,0.1245262046946092,
M1_fold2_seed20261005,M1,2,20261005,25,0.665547270377477,0.23131572029741432,0.25150311957228827,0.31820827483172065,0.12525489474945983,
M1_fold2_seed20261005,M1,2,20261005,26,0.6576646006642244,0.22231521777505098,0.2425102735533298,0.3102712613873337,0.12699186994123582,
M1_fold2_seed20261005,M1,2,20261005,27,0.6498648412065742,0.21398464366812475,0.23409335323762187,0.3026701822379216,0.12877885077715454,
M1_fold2_seed20261005,M1,2,20261005,28,0.6421501703915142,0.20601422151185886,0.22609715979561373,0.29540412468309357,0.1313844276136932,
M1_fold2_seed20261005,M1,2,20261005,29,0.6345195533900425,0.19825819035539402,0.21834837297724904,0.28845233841984813,0.13408913009047743,
M1_fold2_seed20261005,M1,2,20261005,30,0.6269796475768089,0.19091310524069177,0.21097638889130926,0.28180536190328387,0.13765851003776525,
M1_fold2_seed20261005,M1,2,20261005,31,0.619534233404744,0.18391139602117715,0.20395607401225732,0.2754431952978474,0.14106471929382308,
M1_fold2_seed20261005,M1,2,20261005,32,0.6121815755032003,0.17726978206412483,0.19733636919912714,0.2693520978705767,0.1446366654077267,
M1_fold2_seed20261005,M1,2,20261005,33,0.604921938042448,0.17078063374192345,0.19082306071618396,0.26351681559601214,0.14809772558778922,
M1_fold2_seed20261005,M1,2,20261005,34,0.5977607914337925,0.16472918180932014,0.18476204512770353,0.257936601164639,0.15198609769298999,
M1_fold2_seed20261005,M1,2,20261005,35,0.5907002556891668,0.15903071277999176,0.17904902053575872,0.25259574260812345,0.15600281925066653,
M1_fold2_seed20261005,M1,2,20261005,36,0.5837380470776999,0.15352448798155127,0.1735418758124039,0.24747771415488648,0.16013334706067417,
M1_fold2_seed20261006,M1,2,20261006,1,1.092133065064748,0.8166382163085069,0.8391803034156007,0.8566365210291823,0.009261158853869779,
M1_fold2_seed20261006,M1,2,20261006,2,1.077702134847641,0.789936626653328,0.8121671467800294,0.8314300257205768,0.009261553360325121,
M1_fold2_seed20261006,M1,2,20261006,3,1.0638129711151123,0.7640603067713241,0.7859624768196799,0.8070780786509237,0.009263181101126611,
M1_fold2_seed20261006,M1,2,20261006,4,1.050500176846981,0.7388703822235371,0.7605047091909724,0.7835392974144841,0.009266354427704983,
M1_fold2_seed20261006,M1,2,20261006,5,1.0376830140749613,0.7143914839189709,0.7357542349986553,0.7608285554067503,0.009276949768668066,
M1_fold2_seed20261006,M1,2,20261006,6,1.0253397441572614,0.6905413727260531,0.7116891376611497,0.7389907412417269,0.009300233617804106,
M1_fold2_seed20261006,M1,2,20261006,7,1.0135115626312436,0.6676100654656112,0.6886397244884629,0.7179902291535692,0.00938700126505425,
M1_fold2_seed20261006,M1,2,20261006,8,1.0021287016570568,0.6453151200271254,0.6661765795825966,0.6978293707790393,0.009717565466891865,
M1_fold2_seed20261006,M1,2,20261006,9,0.9912042871669486,0.6236651615672116,0.6444198933994385,0.6784331557904757,0.009743980962835082,
M1_fold2_seed20261006,M1,2,20261006,10,0.9807464142640432,0.6029245414095953,0.6235557473481226,0.659721504025177,0.00978479536714409,
M1_fold2_seed20261006,M1,2,20261006,11,0.9706460725177418,0.5826840661834137,0.6031976371933283,0.6416602292504626,0.009844207919410078,
M1_fold2_seed20261006,M1,2,20261006,12,0.9608807572060161,0.5630089687013743,0.5834815350630135,0.6241530719550841,0.009928411882366902,
M1_fold2_seed20261006,M1,2,20261006,13,0.9514153018975869,0.5439187818101336,0.5642958411322747,0.6071958165402582,0.009836933478653345,
M1_fold2_seed20261006,M1,2,20261006,14,0.9422312762056079,0.5252484123109734,0.5455749901295401,0.5907226454218008,0.010002342822035788,
M1_fold2_seed20261006,M1,2,20261006,15,0.9332894762357076,0.5072125840734572,0.5274920482604776,0.5747144654080538,0.010228255465504687,
M1_fold2_seed20261006,M1,2,20261006,16,0.9245387855917215,0.4895307191605004,0.5097537633145076,0.5591705410436514,0.010537093585512471,
M1_fold2_seed20261006,M1,2,20261006,17,0.9159734833474252,0.47233087645489774,0.49250896818236595,0.544049169063986,0.010916338427993518,
M1_fold2_seed20261006,M1,2,20261006,18,0.9075608496312741,0.45565941544203503,0.47578968794658255,0.5293214871811134,0.011384603742680821,
M1_fold2_seed20261006,M1,2,20261006,19,0.8992659334550824,0.43938906317098064,0.4595183439008365,0.5150157199407646,0.011965057453759979,
M1_fold2_seed20261006,M1,2,20261006,20,0.8910840337475141,0.42362490608462045,0.44372815749908434,0.5010988500340268,0.012651231050081067,
M1_fold2_seed20261006,M1,2,20261006,21,0.882982360465186,0.40831958610640157,0.4283910047491682,0.4875852163762829,0.013477766685305655,
M1_fold2_seed20261006,M1,2,20261006,22,0.8749470846219496,0.39346781896996935,0.41350270747737655,0.4744659809887034,0.014427431059441918,
M1_fold2_seed20261006,M1,2,20261006,23,0.8669712094293125,0.37896503230713907,0.39902107111298124,0.461773797728101,0.015499566012969172,
M1_fold2_seed20261006,M1,2,20261006,24,0.8590480974978871,0.36499082607645106,0.3850616910411699,0.44947175970581527,0.0168289135958506,
M1_fold2_seed20261006,M1,2,20261006,25,0.8511599536736806,0.3516421165581893,0.3716639408027247,0.4375627256409554,0.018229097583494752,
M1_fold2_seed20261006,M1,2,20261006,26,0.8433125580732639,0.33854567523757795,0.3585638225271812,0.42607300624614886,0.019752695669184202,
M1_fold2_seed20261006,M1,2,20261006,27,0.8354849506307531,0.3260192718830052,0.3460273204748898,0.4149702979571041,0.021469404922386654,
M1_fold2_seed20261006,M1,2,20261006,28,0.8276865656177202,0.31378126016054003,0.3337669294449912,0.40426129990578474,0.023283104199540036,
M1_fold2_seed20261006,M1,2,20261006,29,0.8199120246130844,0.30232528701415046,0.322320929470074,0.39393796719622215,0.02522716800966693,
M1_fold2_seed20261006,M1,2,20261006,30,0.8121556881401274,0.2910723518071382,0.3110705808666942,0.3840032058764588,0.02735410520435943,
M1_fold2_seed20261006,M1,2,20261006,31,0.8044211175493015,0.2803739676363016,0.30038105918712554,0.3744393040012239,0.029544236784249854,
M1_fold2_seed20261006,M1,2,20261006,32,0.7967198217908541,0.26993992178115206,0.28993463118386836,0.36522640131745804,0.03170843320523314,
M1_fold2_seed20261006,M1,2,20261006,33,0.7890401627078201,0.2600950369784822,0.28010178179933165,0.3563672730086207,0.03378825542901324,
M1_fold2_seed20261006,M1,2,20261006,34,0.7813928819754544,0.2505687987545586,0.27055545012634596,0.3478599043591578,0.03585607903327813,
M1_fold2_seed20261006,M1,2,20261006,35,0.7737774809201559,0.24161213639565512,0.2615800749906036,0.3396847899264183,0.03811089212438003,
M1_fold2_seed20261006,M1,2,20261006,36,0.7662051095178833,0.23290609343891985,0.25289308983964626,0.33183862126804864,0.040439870188762536,
M1_fold3_seed20261002,M1,3,20261002,1,0.9887061789631844,0.7625845773531915,0.7977776507551949,0.7427474286137347,0.0865060489162159,
M1_fold3_seed20261002,M1,3,20261002,2,0.9716331474483013,0.7316590802108256,0.7652290051448696,0.7098533505445487,0.06954904397342096,
M1_fold3_seed20261002,M1,3,20261002,3,0.9554128646850586,0.7019609156971316,0.7341621177905157,0.6786646000992466,0.055773503357634556,
M1_fold3_seed20261002,M1,3,20261002,4,0.9401608537882566,0.673196799126201,0.7042814291357384,0.6491381354493444,0.046762793756682304,
M1_fold3_seed20261002,M1,3,20261002,5,0.9258247211575508,0.6457689695094571,0.6759911046661929,0.6212424380417945,0.04102790419774852,
M1_fold3_seed20261002,M1,3,20261002,6,0.9123589359223843,0.6191389838360511,0.6485955705531677,0.5948098902107753,0.03909281867450171,
M1_fold3_seed20261002,M1,3,20261002,7,0.8996701815298626,0.5934177777741984,0.6222687646548039,0.5696566479073131,0.03972684292358641,
M1_fold3_seed20261002,M1,3,20261002,8,0.8876494821161032,0.5683143756497808,0.5966948800515789,0.5455742923523306,0.04170541826843661,
M1_fold3_seed20261002,M1,3,20261002,9,0.8762045452992121,0.5440933307662111,0.5720122128088034,0.5225404758426099,0.04561003435585672,
M1_fold3_seed20261002,M1,3,20261002,10,0.8652442298829556,0.5204212480811373,0.5479708769552202,0.5003375370340573,0.05019225224813652,
M1_fold3_seed20261002,M1,3,20261002,11,0.8546595051884651,0.49741519620709973,0.5246988232845413,0.4790669987057196,0.056363321391152986,
M1_fold3_seed20261002,M1,3,20261002,12,0.844385759284099,0.47494105850293244,0.5019841304046911,0.45859600387568966,0.06291779711891213,
M1_fold3_seed20261002,M1,3,20261002,13,0.8343592515358558,0.4531329099348345,0.479934312922763,0.43900915836404325,0.07114879493352243,
M1_fold3_seed20261002,M1,3,20261002,14,0.8245046191981861,0.43208037110927633,0.4586687873714023,0.42026656350995273,0.07966900978004018,
M1_fold3_seed20261002,M1,3,20261002,15,0.8147877549131711,0.4117229654991592,0.43812262702011606,0.4023128700874579,0.08831725574365742,
M1_fold3_seed20261002,M1,3,20261002,16,0.805159155279398,0.39185694436681595,0.4181213255104679,0.3852096465959469,0.09669427620438101,
M1_fold3_seed20261002,M1,3,20261002,17,0.7955965632024933,0.37284297080494444,0.3989808902890969,0.36892077847428323,0.10503502110633534,
M1_fold3_seed20261002,M1,3,20261002,18,0.7860689117676682,0.354645219317117,0.38065222390334946,0.3534421169410209,0.11161237866663813,
M1_fold3_seed20261002,M1,3,20261002,19,0.776567748894817,0.3371679025796488,0.3630843697775194,0.3387712580809783,0.11712306915435258,
M1_fold3_seed20261002,M1,3,20261002,20,0.767069474607706,0.32051537826573584,0.34633971371415057,0.32493597382904943,0.12237144235676528,
M1_fold3_seed20261002,M1,3,20261002,21,0.7575741598293895,0.3046192608115278,0.3303794726821782,0.3118922219712022,0.12692893304637096,
M1_fold3_seed20261002,M1,3,20261002,22,0.7480980381369591,0.28954735029694906,0.3152744035504262,0.29961652910861053,0.1308063273270342,
M1_fold3_seed20261002,M1,3,20261002,23,0.7386322325986364,0.27529440141755834,0.30094136631366103,0.28802634030881336,0.1339898330803624,
M1_fold3_seed20261002,M1,3,20261002,24,0.7291795338193575,0.2617227076698879,0.2873067004903866,0.2771354902093873,0.13706881204373794,
M1_fold3_seed20261002,M1,3,20261002,25,0.7197491991519928,0.24893913031989787,0.27451932084532893,0.26693921151490685,0.14005508911270081,
M1_fold3_seed20261002,M1,3,20261002,26,0.710360375734476,0.23686445018481292,0.26239288129198124,0.2573562994993552,0.14273536242044432,
M1_fold3_seed20261002,M1,3,20261002,27,0.7010138526006982,0.2255443559664305,0.25105816925990193,0.2484218658954336,0.14544795306432368,
M1_fold3_seed20261002,M1,3,20261002,28,0.6917316602276904,0.21487806979439336,0.24035229937288535,0.24002445760896748,0.14781576205277042,
M1_fold3_seed20261002,M1,3,20261002,29,0.6825186413680685,0.2049813651253597,0.23043806870324487,0.2321752137092151,0.15002110761427281,
M1_fold3_seed20261002,M1,3,20261002,30,0.6733859743922949,0.19549841241727517,0.22096808678898416,0.22484289812714142,0.15219777377612873,
M1_fold3_seed20261002,M1,3,20261002,31,0.6643425777794854,0.18662763734349452,0.21208113502575757,0.21795685049689478,0.15424386894545294,
M1_fold3_seed20261002,M1,3,20261002,32,0.6553950834786519,0.17844310158135784,0.2038578356027753,0.21151994203576308,0.15605043224160256,
M1_fold3_seed20261002,M1,3,20261002,33,0.6465563403837609,0.17064901321966278,0.19607158175501,0.20547903731492156,0.15788007070996213,
M1_fold3_seed20261002,M1,3,20261002,34,0.6378306744291502,0.16332401088289503,0.1887401404406955,0.1998542917947594,0.15982725105318665,
M1_fold3_seed20261002,M1,3,20261002,35,0.6292239463755063,0.1564892927933108,0.1818757821711409,0.19455457980584856,0.1617072938850828,
M1_fold3_seed20261002,M1,3,20261002,36,0.6207420896324847,0.15015774694353975,0.17556008739164772,0.1896091017085478,0.16370749219610498,
M1_fold3_seed20261003,M1,3,20261003,1,1.0798368752002716,0.7654153927195091,0.8050307537161953,0.6821169499347063,0.008915029911893654,
M1_fold3_seed20261003,M1,3,20261003,2,1.062771037220955,0.7340183459408066,0.7711180526600435,0.6553944206806698,0.008923691469493475,
M1_fold3_seed20261003,M1,3,20261003,3,1.0465834190448124,0.7036403791282881,0.7386019914651867,0.6295579884810995,0.008949761556958286,
M1_fold3_seed20261003,M1,3,20261003,4,1.0312038138508797,0.6738585169918085,0.70710083354202,0.6046110790217122,0.00900993452237333,
M1_fold3_seed20261003,M1,3,20261003,5,1.0166143655776978,0.6449364506337983,0.6767680574069714,0.5805968821043207,0.009131176697058875,
M1_fold3_seed20261003,M1,3,20261003,6,1.0027359550197918,0.6167174426299737,0.647397899158362,0.5574886526363991,0.009354063648060195,
M1_fold3_seed20261003,M1,3,20261003,7,0.9894984077130046,0.5894308303278488,0.6192499709859677,0.5352974333473366,0.009723179031005431,
M1_fold3_seed20261003,M1,3,20261003,8,0.9767307648435235,0.5628664077829802,0.591973847815868,0.5138949441262679,0.01026434544879644,
M1_fold3_seed20261003,M1,3,20261003,9,0.9643549306525124,0.5372309164472993,0.5657736694173884,0.49332984438562244,0.010982244630133158,
M1_fold3_seed20261003,M1,3,20261003,10,0.9522853486239911,0.5122537567965222,0.5402872774485703,0.4735144290620694,0.011921234127019658,
M1_fold3_seed20261003,M1,3,20261003,11,0.9404546469449997,0.4880473063560565,0.5156928489929995,0.4544137219436124,0.01313713707431742,
M1_fold3_seed20261003,M1,3,20261003,12,0.9287930733213822,0.4645798430064318,0.49191861313454155,0.4360549615430238,0.014668413923115584,
M1_fold3_seed20261003,M1,3,20261003,13,0.9172327764905416,0.4418914203846402,0.46893311730462145,0.41844747019651096,0.016668834490482762,
M1_fold3_seed20261003,M1,3,20261003,14,0.9057444227593285,0.42010664892555155,0.4469195115376313,0.40153153592997926,0.019236766394844944,
M1_fold3_seed20261003,M1,3,20261003,15,0.8942963004112243,0.3990541836872745,0.4256830292428379,0.38534018874893256,0.022505982763898934,
M1_fold3_seed20261003,M1,3,20261003,16,0.8828636249527335,0.37899733082068354,0.40544102830879386,0.36984582958113443,0.0267870312756397,
M1_fold3_seed20261003,M1,3,20261003,17,0.8714350694242645,0.35970480304630414,0.38598692346225477,0.3550695738193645,0.03223100793100867,
M1_fold3_seed20261003,M1,3,20261003,18,0.8599937086304029,0.3414289793278349,0.3675518598526534,0.34098071266514285,0.03891154917092842,
M1_fold3_seed20261003,M1,3,20261003,19,0.8485516917548681,0.32392015849829253,0.34993705209995146,0.32759536578841736,0.046920746562107964,
M1_fold3_seed20261003,M1,3,20261003,20,0.8371124107390642,0.30743553092532677,0.3334147749411826,0.314895357179971,0.05612370267314282,
M1_fold3_seed20261003,M1,3,20261003,21,0.8256845601967403,0.29176145959655647,0.31767155748464254,0.3028793911832135,0.06601068786640245,
M1_fold3_seed20261003,M1,3,20261003,22,0.8142906061627648,0.27700861358689904,0.302820276405182,0.2915216962542053,0.07577063290075996,
M1_fold3_seed20261003,M1,3,20261003,23,0.802930408845777,0.2630202193644404,0.2887898060056556,0.280812547650811,0.08513009059154246,
M1_fold3_seed20261003,M1,3,20261003,24,0.7916264925152063,0.24985297782972332,0.2756071876006716,0.27073540231321536,0.09379317106857395,
M1_fold3_seed20261003,M1,3,20261003,25,0.7803920102119446,0.23753005336777688,0.2632104020687858,0.2612493775002776,0.10177359966747225,
M1_fold3_seed20261003,M1,3,20261003,26,0.7692492359246199,0.2259287421860261,0.2515997464902583,0.2523431154205995,0.10902387748020909,
M1_fold3_seed20261003,M1,3,20261003,27,0.7582096736188288,0.2150153807866385,0.2406307339304884,0.24398200016285265,0.11560835474365522,
M1_fold3_seed20261003,M1,3,20261003,28,0.7472801318924341,0.20483871927233013,0.23042567962092,0.23614161089405508,0.12169927912948052,
M1_fold3_seed20261003,M1,3,20261003,29,0.7364779433299755,0.1952986926090023,0.22084491136799367,0.22878202879677792,0.12730733349239345,
M1_fold3_seed20261003,M1,3,20261003,30,0.7258118718862534,0.18628244560315735,0.2118137029835034,0.221896273690558,0.13250606255987518,
M1_fold3_seed20261003,M1,3,20261003,31,0.7152977820125318,0.1778432412358649,0.20339044006188703,0.21541411356893647,0.13732454459543314,
M1_fold3_seed20261003,M1,3,20261003,32,0.7049402407137677,0.16997530599654134,0.19548938601898233,0.20936677683573116,0.14214440132883543,
M1_fold3_seed20261003,M1,3,20261003,33,0.6947463697782068,0.16266246098822046,0.18818449481667707,0.20368489087640923,0.14665331849108082,
M1_fold3_seed20261003,M1,3,20261003,34,0.6847224599298309,0.15573792628184308,0.1812405496902631,0.1983535829263471,0.15091691052058026,
M1_fold3_seed20261003,M1,3,20261003,35,0.6748760176556451,0.1492237044499138,0.17468788765984167,0.19336351753565584,0.15507945872174805,
M1_fold3_seed20261003,M1,3,20261003,36,0.6652091121714976,0.14324017108857603,0.168713133063962,0.18864500106948776,0.1588209922748601,
M1_fold3_seed20261004,M1,3,20261004,1,0.8404955789446831,0.6024318136856501,0.6384260295029083,0.6004840992566417,0.008975213439255714,
M1_fold3_seed20261004,M1,3,20261004,2,0.825523629784584,0.5754416838345751,0.609842783466144,0.5724415606045737,0.009027587748903061,
M1_fold3_seed20261004,M1,3,20261004,3,0.8115532149871191,0.5495310112749582,0.5825135328211996,0.5457445302225559,0.009152187248279094,
M1_fold3_seed20261004,M1,3,20261004,4,0.7983341738581657,0.5245633846078229,0.5563302919490274,0.5203510637833113,0.009422774755044841,
M1_fold3_seed20261004,M1,3,20261004,5,0.7858786940574646,0.5006025597442725,0.5313638345613851,0.49623072188161704,0.009949079604978218,
M1_fold3_seed20261004,M1,3,20261004,6,0.774002194404602,0.4775713166375535,0.5075242553595797,0.47331332039650886,0.010857837712810904,
M1_fold3_seed20261004,M1,3,20261004,7,0.7626302146485874,0.4553642017968642,0.48461360212555726,0.4515040358272916,0.012216564484420184,
M1_fold3_seed20261004,M1,3,20261004,8,0.7516703503206372,0.43402264695228715,0.4626743784390236,0.4307913221494899,0.014157699877003738,
M1_fold3_seed20261004,M1,3,20261004,9,0.7410625467697779,0.41348594709598263,0.4417135160694703,0.41108771245953923,0.016656919071715827,
M1_fold3_seed20261004,M1,3,20261004,10,0.7307225070893765,0.39363614440776495,0.4214564420206268,0.3924100967869496,0.01977983409621952,
M1_fold3_seed20261004,M1,3,20261004,11,0.7205991013483568,0.3747706142462385,0.4022274316069827,0.37471264165276863,0.023690236372298973,
M1_fold3_seed20261004,M1,3,20261004,12,0.7106611654162407,0.3564927531595073,0.38368032092553134,0.3579492392300565,0.028430419809559467,
M1_fold3_seed20261004,M1,3,20261004,13,0.7008692278311803,0.3390068248838321,0.36598250186728104,0.34210584956727025,0.034019155143811305,
M1_fold3_seed20261004,M1,3,20261004,14,0.6911951596183437,0.3223548243725554,0.3491433580472668,0.3271722922183603,0.040515042085454256,
M1_fold3_seed20261004,M1,3,20261004,15,0.6816131234169006,0.3064070464138923,0.332977339807282,0.3131198755841396,0.04811532852847419,
M1_fold3_seed20261004,M1,3,20261004,16,0.6721102194860578,0.29124402076990585,0.31769605484495456,0.2999025761659628,0.05698953989074715,
M1_fold3_seed20261004,M1,3,20261004,17,0.6626872350187862,0.27686863428684944,0.30317033577260066,0.2874793877636078,0.06681143655467307,
M1_fold3_seed20261004,M1,3,20261004,18,0.6533359479573038,0.26304439017118547,0.2892350762190132,0.27583670399183086,0.077105359334884,
M1_fold3_seed20261004,M1,3,20261004,19,0.6440600641071796,0.2501797443234726,0.27625229262474094,0.2649238106272375,0.08735411931683656,
M1_fold3_seed20261004,M1,3,20261004,20,0.6348598644137382,0.23782287682482584,0.2638303299232082,0.2547155987662658,0.09635739977238188,
M1_fold3_seed20261004,M1,3,20261004,21,0.6257339304401761,0.22625357191128193,0.25220153694251285,0.24516670673238122,0.1047668137917524,
M1_fold3_seed20261004,M1,3,20261004,22,0.6166928141293201,0.2153036505295216,0.2411552866065072,0.23624727291506933,0.11265618667795366,
M1_fold3_seed20261004,M1,3,20261004,23,0.6077505239973897,0.2050997875760189,0.23090477031911671,0.2279023883023975,0.11943819013163935,
M1_fold3_seed20261004,M1,3,20261004,24,0.5989135000854731,0.19546718026097196,0.2212069127670273,0.22011487292234855,0.12568956414760438,
M1_fold3_seed20261004,M1,3,20261004,25,0.5901750735938549,0.1862797814212345,0.2119692751533353,0.21282995365928828,0.131286199316197,
M1_fold3_seed20261004,M1,3,20261004,26,0.5815521222181045,0.17778920213739433,0.20341615750754724,0.20602544963803557,0.1359997878540167,
M1_fold3_seed20261004,M1,3,20261004,27,0.5730425926546255,0.16973945694893536,0.19534434983793375,0.19966307035176536,0.14059321929872742,
M1_fold3_seed20261004,M1,3,20261004,28,0.5646565972960421,0.1621554182016795,0.1877188045640317,0.19371554866017457,0.1448447010464818,
M1_fold3_seed20261004,M1,3,20261004,29,0.5563995561979967,0.15511744911644867,0.18065808980302825,0.1881530300694639,0.1489453787343074,
M1_fold3_seed20261004,M1,3,20261004,30,0.5482784335811933,0.1485505825764171,0.17406560326022538,0.18293774977549343,0.15261781028402163,
M1_fold3_seed20261004,M1,3,20261004,31,0.5402934038110317,0.14230571914951276,0.16778364266694804,0.17803642221341465,0.15582746003370446,
M1_fold3_seed20261004,M1,3,20261004,32,0.5324447188759223,0.13639663467838015,0.1618645981818335,0.17346615793949796,0.1591187082744063,
M1_fold3_seed20261004,M1,3,20261004,33,0.5247389953019042,0.13102226176101636,0.1564695656146789,0.1691744552883034,0.1624209768670786,
M1_fold3_seed20261004,M1,3,20261004,34,0.5171742505010437,0.1258234441640786,0.15125151067471293,0.1651404364808053,0.16559339963944186,
M1_fold3_seed20261004,M1,3,20261004,35,0.5097564974001476,0.12098566158588328,0.14638970113284083,0.1613508643251902,0.1688140808051366,
M1_fold3_seed20261004,M1,3,20261004,36,0.5024837745974461,0.11641036670485223,0.14180859461016865,0.15778795309688137,0.17175755734930895,
M1_fold3_seed20261005,M1,3,20261005,1,0.8834813982248306,0.5821480707184118,0.6182908257771099,0.5781040248113709,0.23825409053477054,
M1_fold3_seed20261005,M1,3,20261005,2,0.86799006909132,0.5545242558855419,0.5887305692181213,0.5482553370824135,0.23414719228780753,
M1_fold3_seed20261005,M1,3,20261005,3,0.8530404542883238,0.5281584001522274,0.5608268730431066,0.520388424387498,0.23193892185792855,
M1_fold3_seed20261005,M1,3,20261005,4,0.8386231157928705,0.5028206891666047,0.5342654688592503,0.49431477295382503,0.22430685636524209,
M1_fold3_seed20261005,M1,3,20261005,5,0.8246723756194114,0.47854663838328365,0.5088904628742718,0.46987395231520873,0.21531420740407656,
M1_fold3_seed20261005,M1,3,20261005,6,0.8112093384067217,0.45542684650509946,0.4848768835487792,0.44690038685071337,0.20564405847551975,
M1_fold3_seed20261005,M1,3,20261005,7,0.7981680503913334,0.4333643830244356,0.462112547629423,0.4252427935370701,0.1955130899864785,
M1_fold3_seed20261005,M1,3,20261005,8,0.7855009129270911,0.4121284908174983,0.4401951220742398,0.4048259372440752,0.18498478074803615,
M1_fold3_seed20261005,M1,3,20261005,9,0.7731618889504008,0.3918239514728565,0.4194511298399906,0.38565950564134005,0.1750717824896171,
M1_fold3_seed20261005,M1,3,20261005,10,0.7610862113535404,0.37242497373122074,0.3996899832530311,0.36767269372735933,0.16616801051038976,
M1_fold3_seed20261005,M1,3,20261005,11,0.7492480643770911,0.3538720970791292,0.3807198920715498,0.35077424130821133,0.1585314749474495,
M1_fold3_seed20261005,M1,3,20261005,12,0.7376127572109302,0.33620376497621984,0.362766325356386,0.3349975626672924,0.15307406048409686,
M1_fold3_seed20261005,M1,3,20261005,13,0.7261638251634744,0.3194286054623986,0.3458062245118357,0.32019920053634643,0.14868308928784346,
M1_fold3_seed20261005,M1,3,20261005,14,0.7148834115692547,0.30348225380573285,0.3296896301577028,0.30640071966225085,0.14633202248468247,
M1_fold3_seed20261005,M1,3,20261005,15,0.7037533248464266,0.2882019492859315,0.31423344176560597,0.29348003492029684,0.14479757385531702,
M1_fold3_seed20261005,M1,3,20261005,16,0.6927816714160144,0.27370564924627366,0.2996226616153022,0.28143338919679634,0.1446555429960582,
M1_fold3_seed20261005,M1,3,20261005,17,0.681959586984971,0.2600369142643762,0.2858776147330615,0.27015597041590816,0.14516927294131113,
M1_fold3_seed20261005,M1,3,20261005,18,0.6712859840028815,0.24702911854816728,0.2727724425850124,0.25960875437730724,0.14628907202134786,
M1_fold3_seed20261005,M1,3,20261005,19,0.6607426304958368,0.23485862016778353,0.26051890078976786,0.2497293467597374,0.1474579268731777,
M1_fold3_seed20261005,M1,3,20261005,20,0.6503568606451153,0.2233266932954129,0.24895462956307182,0.24052192930247485,0.14957596162999687,
M1_fold3_seed20261005,M1,3,20261005,21,0.6401174648531845,0.21247948156622556,0.238018339784836,0.23191540721815623,0.15202186511204002,
M1_fold3_seed20261005,M1,3,20261005,22,0.6300365796143358,0.2023215331932881,0.22787651662615274,0.22388235117992056,0.15462920079525727,
M1_fold3_seed20261005,M1,3,20261005,23,0.6201186463560747,0.192722037361603,0.21822748837924727,0.21634518340909198,0.15714880708646434,
M1_fold3_seed20261005,M1,3,20261005,24,0.6103580247921249,0.18374771979736934,0.20925450530586814,0.2093068038617192,0.15998023482249812,
M1_fold3_seed20261005,M1,3,20261005,25,0.6007586908340454,0.17520689797228664,0.2006780067682513,0.20272653141038388,0.16275808178280043,
M1_fold3_seed20261005,M1,3,20261005,26,0.5913391207846311,0.16720022197589446,0.19262946491562372,0.19655926390403,0.16540320582250473,
M1_fold3_seed20261005,M1,3,20261005,27,0.5820883529053794,0.1598627997375127,0.18528385048610838,0.19079313111975846,0.16802522587562174,
M1_fold3_seed20261005,M1,3,20261005,28,0.5730137346046311,0.15282844468653045,0.17820270917791498,0.1853839576467074,0.1704826087745783,
M1_fold3_seed20261005,M1,3,20261005,29,0.564119947753076,0.14636253923189824,0.17176555769066335,0.18033166927664568,0.1728202274359309,
M1_fold3_seed20261005,M1,3,20261005,30,0.5554051462560892,0.14026930067011895,0.16565832027096689,0.1755843294446809,0.17489156851422413,
M1_fold3_seed20261005,M1,3,20261005,31,0.5468724650000373,0.13448317398292225,0.1598613831419806,0.17109971813543776,0.17666251622629134,
M1_fold3_seed20261005,M1,3,20261005,32,0.5385206904029474,0.12905902920519932,0.15442297678733766,0.16689133133675021,0.17856262671234088,
M1_fold3_seed20261005,M1,3,20261005,33,0.5303456472853819,0.12398328796721039,0.14935164760581146,0.16292880245702257,0.18050866033305335,
M1_fold3_seed20261005,M1,3,20261005,34,0.5223442559294841,0.1191517377690498,0.14451086090927773,0.1591741199270307,0.18233251484137716,
M1_fold3_seed20261005,M1,3,20261005,35,0.5145226001207318,0.11472022354102838,0.14009538641874017,0.15564463447800636,0.18414386151673076,
M1_fold3_seed20261005,M1,3,20261005,36,0.5068738556777438,0.11050367881708349,0.13585769402543732,0.15231574994597072,0.18602027907358623,
M1_fold3_seed20261006,M1,3,20261006,1,1.0817730575799942,0.8121927668496468,0.8409223581994686,0.8395849561579003,0.008838238832593338,
M1_fold3_seed20261006,M1,3,20261006,2,1.063160091638565,0.7774189961582307,0.8055817951799282,0.8021141352737122,0.008842882696253903,
M1_fold3_seed20261006,M1,3,20261006,3,1.0454726293683052,0.7439003181668016,0.7715593374531681,0.7663136035781482,0.008856181116974386,
M1_fold3_seed20261006,M1,3,20261006,4,1.0287836398929358,0.7115629691045289,0.7388267798665729,0.7325173378503819,0.00888965122803842,
M1_fold3_seed20261006,M1,3,20261006,5,1.012977620959282,0.6805599571483064,0.707485451800427,0.7006607890676525,0.00896870928154532,
M1_fold3_seed20261006,M1,3,20261006,6,0.9980429746210575,0.6509691105360085,0.6775916505225918,0.6706015793392072,0.009152201544866208,
M1_fold3_seed20261006,M1,3,20261006,7,0.983879950429712,0.6226219583377738,0.6490549893764245,0.6422153539505998,0.009561519277793612,
M1_fold3_seed20261006,M1,3,20261006,8,0.9704599706456065,0.595225546578662,0.6214664337997398,0.615419499009883,0.010274673231118137,
M1_fold3_seed20261006,M1,3,20261006,9,0.9576435395412974,0.568938370948944,0.5950249071808473,0.5898541040336931,0.01131546693916379,
M1_fold3_seed20261006,M1,3,20261006,10,0.9453474931418896,0.5436832908611741,0.5696519590708857,0.5654372397653827,0.01274577558106609,
M1_fold3_seed20261006,M1,3,20261006,11,0.9334676367315379,0.5192435856253984,0.5450982621818808,0.5421247050878791,0.014721849407276215,
M1_fold3_seed20261006,M1,3,20261006,12,0.9219425581395626,0.4957504844620943,0.5215260102401497,0.5198098910318574,0.017243111203335583,
M1_fold3_seed20261006,M1,3,20261006,13,0.9107134565711021,0.4729058801401058,0.49861710702332074,0.49844838070719777,0.02030923609632394,
M1_fold3_seed20261006,M1,3,20261006,14,0.8997096259679113,0.4510754116070881,0.4767648406471978,0.47796627372622574,0.02384536510036459,
M1_fold3_seed20261006,M1,3,20261006,15,0.8888912469148635,0.4297801935104766,0.45540242775991574,0.4584003232159872,0.027877713304314218,
M1_fold3_seed20261006,M1,3,20261006,16,0.878204538486898,0.409536634917275,0.43509852345386046,0.43968880595189813,0.03220454146502088,
M1_fold3_seed20261006,M1,3,20261006,17,0.8676149367409594,0.3899535355224066,0.41550431103515817,0.4218492478621821,0.03679690590891808,
M1_fold3_seed20261006,M1,3,20261006,18,0.8570962349573771,0.3712908872929496,0.3967871125471871,0.40484911810913593,0.04155108414227979,
M1_fold3_seed20261006,M1,3,20261006,19,0.8466407499815288,0.35340776751967834,0.3788911708740762,0.38870210638531455,0.04648417995732084,
M1_fold3_seed20261006,M1,3,20261006,20,0.8362231679260731,0.33641441041612635,0.3618956290141427,0.37338413727353303,0.05136511541285288,
M1_fold3_seed20261006,M1,3,20261006,21,0.825845850010713,0.3202234963603712,0.345662177026561,0.35884439023999026,0.0560505431751756,
M1_fold3_seed20261006,M1,3,20261006,22,0.8155056830834259,0.30480878675405426,0.3302523932511714,0.3450988624558735,0.060777080849597126,
M1_fold3_seed20261006,M1,3,20261006,23,0.8051969172514003,0.29022245156372223,0.31562952600331184,0.3320707360174319,0.06515615415917068,
M1_fold3_seed20261006,M1,3,20261006,24,0.7949316197385391,0.27651092843003655,0.3019233267946775,0.319777428164353,0.06950270418698783,
M1_fold3_seed20261006,M1,3,20261006,25,0.7847153696417809,0.26347344570724857,0.2888539190124473,0.3081976313996453,0.07372426104019522,
M1_fold3_seed20261006,M1,3,20261006,26,0.7745605684243716,0.2510786940553317,0.2764748620167518,0.2972905067762748,0.07770897487959443,
M1_fold3_seed20261006,M1,3,20261006,27,0.7644657195994148,0.2395018142242418,0.2648977052797158,0.2870009549793676,0.08149489484016484,
M1_fold3_seed20261006,M1,3,20261006,28,0.7544459555564182,0.22851440285742106,0.2538810596695126,0.27730309462963765,0.08516002884458809,
M1_fold3_seed20261006,M1,3,20261006,29,0.7445119181326751,0.21828793719231715,0.2436699853299931,0.2681985934238011,0.08876510525859155,
M1_fold3_seed20261006,M1,3,20261006,30,0.7346720366428295,0.2084666349900483,0.23384164348952147,0.2596231063959613,0.09217337006354882,
M1_fold3_seed20261006,M1,3,20261006,31,0.7249349729428368,0.1994215906911836,0.22478886930130845,0.2515437263153923,0.09539550936458494,
M1_fold3_seed20261006,M1,3,20261006,32,0.7153088178019971,0.190813826521527,0.21617054451765502,0.24393628405822493,0.09847371583259235,
M1_fold3_seed20261006,M1,3,20261006,33,0.7058017315963904,0.18274142627582915,0.2081008474106163,0.23677673073534397,0.10155512104069861,
M1_fold3_seed20261006,M1,3,20261006,34,0.6964191025232568,0.1751889745234811,0.20057206033715663,0.23000019487777135,0.1044526671620756,
M1_fold3_seed20261006,M1,3,20261006,35,0.6871644343648639,0.16808651037811534,0.1934383188291737,0.22362659037291377,0.10746576288845908,
M1_fold3_seed20261006,M1,3,20261006,36,0.6780491505439082,0.16131811741616145,0.18669333679308636,0.21759760241423454,0.11027304614926818,
M1_fold4_seed20261002,M1,4,20261002,1,0.9887312352657318,0.7602207179518627,0.7939775972823042,0.7631454743789116,0.17182967035492933,
M1_fold4_seed20261002,M1,4,20261002,2,0.9673752576112747,0.7214892531335225,0.7536468358834189,0.7298457946441277,0.1363709941974102,
M1_fold4_seed20261002,M1,4,20261002,3,0.9474903066953023,0.6846906025662045,0.7154830687179311,0.6985711191441867,0.10278957854993967,
M1_fold4_seed20261002,M1,4,20261002,4,0.9292367175221443,0.6497523400959397,0.6795050655586821,0.6692359553994445,0.08144802246151697,
M1_fold4_seed20261002,M1,4,20261002,5,0.912396297454834,0.6162503939236154,0.6452446918728098,0.6413979961541284,0.07011230416617255,
M1_fold4_seed20261002,M1,4,20261002,6,0.8966431299845378,0.5841774593215625,0.61251711945996,0.6147860458490211,0.06429831194194073,
M1_fold4_seed20261002,M1,4,20261002,7,0.8818666841302599,0.5531771713550878,0.5810416675818278,0.5893087790184519,0.06314395622172397,
M1_fold4_seed20261002,M1,4,20261002,8,0.8678352355957031,0.523408569122421,0.5508747760469858,0.5647978662760961,0.06371356202696166,
M1_fold4_seed20261002,M1,4,20261002,9,0.8543748848968082,0.4947304794931359,0.5218886143200535,0.5411732290946468,0.06609738495167031,
M1_fold4_seed20261002,M1,4,20261002,10,0.8413392275571823,0.46681804687209344,0.49369917717510803,0.5184270362792961,0.07015506067379902,
M1_fold4_seed20261002,M1,4,20261002,11,0.8285875130783428,0.440323553366495,0.4669959851211317,0.4965949781488928,0.07581932306205931,
M1_fold4_seed20261002,M1,4,20261002,12,0.8161179105440776,0.41480110371498036,0.44126127842912827,0.47577175805070504,0.08476189960986108,
M1_fold4_seed20261002,M1,4,20261002,13,0.8037946338836963,0.3903542520969345,0.41667524017751134,0.455795797776942,0.09336043037142346,
M1_fold4_seed20261002,M1,4,20261002,14,0.791615515095847,0.3670496671434805,0.39323858315853377,0.43673441542347025,0.10264326065497359,
M1_fold4_seed20261002,M1,4,20261002,15,0.7794839255015056,0.34498510545008976,0.37105644990124564,0.41860165568576846,0.11125673590580497,
M1_fold4_seed20261002,M1,4,20261002,16,0.7674182664602995,0.3241791762163415,0.3501955555389239,0.40143623607043427,0.12033828570877314,
M1_fold4_seed20261002,M1,4,20261002,17,0.7553650501896353,0.3045340502346442,0.33047953660630414,0.38521819486332337,0.12869868457282438,
M1_fold4_seed20261002,M1,4,20261002,18,0.743355064921909,0.2860543133223854,0.31193018614115525,0.36994776601310986,0.13694625127468765,
M1_fold4_seed20261002,M1,4,20261002,19,0.731407504332693,0.2687963458369038,0.2946443549803453,0.35559091219099687,0.144310828140991,
M1_fold4_seed20261002,M1,4,20261002,20,0.7194965301454067,0.2528543136614796,0.27863495251384246,0.34209185370564005,0.15083388451468419,
M1_fold4_seed20261002,M1,4,20261002,21,0.7076654289449964,0.23795138901717353,0.2637060865032879,0.32953722640262806,0.15820305594430806,
M1_fold4_seed20261002,M1,4,20261002,22,0.6959293057972734,0.22407089860362656,0.24980727823921353,0.3178111642163238,0.1653159032580883,
M1_fold4_seed20261002,M1,4,20261002,23,0.6843310339295345,0.21124243989929778,0.23696033497227806,0.30681604018235914,0.17127053523104113,
M1_fold4_seed20261002,M1,4,20261002,24,0.6728632939358552,0.19947593973867958,0.22517262247854156,0.29648008632680767,0.17634726265361816,
M1_fold4_seed20261002,M1,4,20261002,25,0.6615331889390945,0.1883623172365393,0.21405674433303185,0.28679005346440717,0.18056591150064025,
M1_fold4_seed20261002,M1,4,20261002,26,0.6503619022094287,0.17825668476301007,0.20393274564213487,0.27775872074579605,0.185105494225004,
M1_fold4_seed20261002,M1,4,20261002,27,0.6393646091222763,0.16892943215124326,0.19460355809546012,0.26935594890103237,0.18991504450592478,
M1_fold4_seed20261002,M1,4,20261002,28,0.6285885049828461,0.16029041178861256,0.18595640662202548,0.26147932659112916,0.1943707009022331,
M1_fold4_seed20261002,M1,4,20261002,29,0.6180046036325652,0.15231123852061124,0.17796259262421174,0.25405206783094497,0.19784267346761322,
M1_fold4_seed20261002,M1,4,20261002,30,0.6076209013660748,0.14499188974266616,0.17064194586223877,0.24706486335477437,0.20109325593540522,
M1_fold4_seed20261002,M1,4,20261002,31,0.5974653177684354,0.13821372936758206,0.16385750120779047,0.24053036092397148,0.20414262800692598,
M1_fold4_seed20261002,M1,4,20261002,32,0.5875265291891992,0.13177682968372248,0.1574334907465821,0.2343988668098678,0.2068653875503748,
M1_fold4_seed20261002,M1,4,20261002,33,0.5778022503310983,0.12595015041497223,0.15159253665350272,0.22861091670427833,0.2092864590457952,
M1_fold4_seed20261002,M1,4,20261002,34,0.5682978117290665,0.12055496070888444,0.14620054156149337,0.22317897542993212,0.2114823587646923,
M1_fold4_seed20261002,M1,4,20261002,35,0.5590185748679297,0.11544011219430836,0.1410733493089573,0.21809969822564126,0.21360116951419575,
M1_fold4_seed20261002,M1,4,20261002,36,0.5499695723669397,0.11083314366049017,0.13645349266763773,0.21330204097781683,0.21542870193977984,
M1_fold4_seed20261003,M1,4,20261003,1,1.0736005425453186,0.7617143649339304,0.7988853542879385,0.77312874181541,0.014825019637485098,
M1_fold4_seed20261003,M1,4,20261003,2,1.0527537167072296,0.7228959292061544,0.7574691029868342,0.7394745873250892,0.014776313363324052,
M1_fold4_seed20261003,M1,4,20261003,3,1.0336261888345082,0.6852277434239221,0.7177973986733007,0.7072274958221303,0.014777135142347412,
M1_fold4_seed20261003,M1,4,20261003,4,1.0154841780662536,0.6489026862113083,0.6799022925750843,0.6764333105694671,0.01479461493572997,
M1_fold4_seed20261003,M1,4,20261003,5,0.9985070049762725,0.6136204871394658,0.6434778143854342,0.6470166996269842,0.014840704985755931,
M1_fold4_seed20261003,M1,4,20261003,6,0.9822791635990142,0.5798173137189525,0.6087448667606565,0.6188385281124661,0.014947161755866939,
M1_fold4_seed20261003,M1,4,20261003,7,0.966721043416432,0.5471553443646955,0.5754292639351537,0.5916945222230924,0.015170828243611939,
M1_fold4_seed20261003,M1,4,20261003,8,0.9517458327114582,0.5157258027912924,0.5434315962716381,0.5655130597769008,0.015599358873879197,
M1_fold4_seed20261003,M1,4,20261003,9,0.9370534671677484,0.4853770216789048,0.5126675892278455,0.5403065325786683,0.016356287989725406,
M1_fold4_seed20261003,M1,4,20261003,10,0.9225365644693375,0.4563462569320385,0.4833189748161036,0.51605544853374,0.017504729412602785,
M1_fold4_seed20261003,M1,4,20261003,11,0.9082149559801275,0.42855598934521566,0.45522749902603377,0.4928182004752995,0.01914814794816581,
M1_fold4_seed20261003,M1,4,20261003,12,0.8939524794618289,0.4019911806475562,0.4284411918105055,0.47058546456190914,0.02138023201116971,
M1_fold4_seed20261003,M1,4,20261003,13,0.8796953137104327,0.37687091963027736,0.4031733696381781,0.44943555439053434,0.024447991579879154,
M1_fold4_seed20261003,M1,4,20261003,14,0.8654142366988319,0.35310405538330825,0.37927179740622646,0.42937091411616024,0.028667946855330084,
M1_fold4_seed20261003,M1,4,20261003,15,0.8511092658837637,0.3307023994165124,0.35677436178993716,0.4104350568530211,0.03457244207153355,
M1_fold4_seed20261003,M1,4,20261003,16,0.836783142387867,0.30978614888838596,0.33574018410457207,0.39261869574482017,0.04261414694364547,
M1_fold4_seed20261003,M1,4,20261003,17,0.8224649937713847,0.29015698478826907,0.3160430909533347,0.37588737552963475,0.053056346602957334,
M1_fold4_seed20261003,M1,4,20261003,18,0.8081857091850705,0.2720285738529186,0.2978455423520937,0.3602049763026075,0.06558532954400387,
M1_fold4_seed20261003,M1,4,20261003,19,0.7939616965620141,0.25515137345557837,0.28092514012617725,0.34553850039778494,0.07975731669893137,
M1_fold4_seed20261003,M1,4,20261003,20,0.7798658674955368,0.23953637658326385,0.2652510562760507,0.3318597547916296,0.094353106382542,
M1_fold4_seed20261003,M1,4,20261003,21,0.7658811648686726,0.22509906545634256,0.2508047823781474,0.31909446454079754,0.10805135462163594,
M1_fold4_seed20261003,M1,4,20261003,22,0.7520683368498629,0.21178494438898685,0.23743802715090548,0.3071877405229327,0.12106835779279349,
M1_fold4_seed20261003,M1,4,20261003,23,0.7384305998035099,0.1994484587670964,0.22512533408813745,0.2961457306306554,0.1333417323506831,
M1_fold4_seed20261003,M1,4,20261003,24,0.7250030526270469,0.1882035468713071,0.21388939612353836,0.28586925193558993,0.14524750075974596,
M1_fold4_seed20261003,M1,4,20261003,25,0.7118216249942779,0.17786851207211374,0.2035058790223822,0.2763282445200844,0.15642690229356193,
M1_fold4_seed20261003,M1,4,20261003,26,0.6988805708976892,0.16826455968609882,0.1938780208238669,0.26746095750858795,0.1658032988948586,
M1_fold4_seed20261003,M1,4,20261003,27,0.6861899239045602,0.15943734942847287,0.18504905377500958,0.25923165251299124,0.17464459268758392,
M1_fold4_seed20261003,M1,4,20261003,28,0.6737775826028415,0.15126610640830454,0.1768606842356967,0.25157021826001424,0.1823732395187638,
M1_fold4_seed20261003,M1,4,20261003,29,0.6616582867400399,0.14389801976974592,0.16951245565021458,0.24446014187587337,0.1896705725289975,
M1_fold4_seed20261003,M1,4,20261003,30,0.649820994635423,0.13695834438093182,0.16253802888287142,0.2378206634563934,0.19592387540501585,
M1_fold4_seed20261003,M1,4,20261003,31,0.6382662890418883,0.13060598903136475,0.1562028056076113,0.2316349690431636,0.20183064003478685,
M1_fold4_seed20261003,M1,4,20261003,32,0.6270133319310844,0.12470358575630765,0.15030558798039653,0.22587801482043102,0.20717045855736074,
M1_fold4_seed20261003,M1,4,20261003,33,0.6160546427423303,0.11916650940774624,0.1447696878242697,0.22048967613525272,0.2120209264394233,
M1_fold4_seed20261003,M1,4,20261003,34,0.6053818004972794,0.11416428764303854,0.13974047451058322,0.21542569233343425,0.21622551935735282,
M1_fold4_seed20261003,M1,4,20261003,35,0.5949800812772342,0.10948967140405863,0.13505794452297024,0.21067717048129836,0.22020757917999262,
M1_fold4_seed20261003,M1,4,20261003,36,0.5848612626807557,0.10519478072371392,0.1307559111250864,0.20624547192497486,0.2240409386079466,
M1_fold4_seed20261004,M1,4,20261004,1,0.8359867751598358,0.5995769802538465,0.6342480955700807,0.6374384137308261,0.014997114260926595,
M1_fold4_seed20261004,M1,4,20261004,2,0.8177705824375152,0.5661874157937187,0.5990630255289132,0.6093194134685385,0.0150476991332657,
M1_fold4_seed20261004,M1,4,20261004,3,0.8010062019030253,0.5342861987174573,0.5658313422711241,0.5825505243752641,0.015180264010157147,
M1_fold4_seed20261004,M1,4,20261004,4,0.7854727059602737,0.5039511425523019,0.5343448584487757,0.5570618320092628,0.015489950945206617,
M1_fold4_seed20261004,M1,4,20261004,5,0.7708076965808869,0.47510697943647784,0.5045867157567957,0.5327106284427378,0.016087948624795925,
M1_fold4_seed20261004,M1,4,20261004,6,0.7569778650999069,0.4475450960710362,0.47633943997365824,0.5094143857043557,0.01712190663221503,
M1_fold4_seed20261004,M1,4,20261004,7,0.7437148187841688,0.42127191718424145,0.4495244379346205,0.48709948409141846,0.01863889585396536,
M1_fold4_seed20261004,M1,4,20261004,8,0.730834138393402,0.39615373331529474,0.4239949929690845,0.46577928656670375,0.02071309528819975,
M1_fold4_seed20261004,M1,4,20261004,9,0.7183302866088019,0.37236805354197655,0.39983584953060713,0.44544208977459393,0.023368845106136602,
M1_fold4_seed20261004,M1,4,20261004,10,0.7060548931360244,0.349795849741105,0.37695314342516134,0.4260833743401645,0.026594947511101613,
M1_fold4_seed20261004,M1,4,20261004,11,0.6939706249670549,0.32837017791882717,0.35528350924349705,0.4076946755843128,0.030498196603753556,
M1_fold4_seed20261004,M1,4,20261004,12,0.6819749037424724,0.30829816273626115,0.3350145026239244,0.3902771504304336,0.03523697067442701,
M1_fold4_seed20261004,M1,4,20261004,13,0.6701113590827354,0.2893566805935283,0.3158731175577117,0.37383846900516793,0.0411261155981672,
M1_fold4_seed20261004,M1,4,20261004,14,0.6583480198468481,0.27155903024416284,0.2979217352104149,0.35834164310842653,0.04788375572345961,
M1_fold4_seed20261004,M1,4,20261004,15,0.6466916253169378,0.25492257613685365,0.281179632273069,0.34379257509414296,0.05572635033393516,
M1_fold4_seed20261004,M1,4,20261004,16,0.6351282807067037,0.2394002980211367,0.265543446122248,0.3301764861860535,0.0642151408696412,
M1_fold4_seed20261004,M1,4,20261004,17,0.6236808683942346,0.2250947357375138,0.2511741481723133,0.3174345326289387,0.0737916935689975,
M1_fold4_seed20261004,M1,4,20261004,18,0.6123765713638729,0.21166560324620617,0.23764673618468074,0.3055578746519088,0.08405261399201024,
M1_fold4_seed20261004,M1,4,20261004,19,0.6011858129187634,0.19934206435492813,0.22527557630132114,0.29447068729584924,0.09508890409663728,
M1_fold4_seed20261004,M1,4,20261004,20,0.5901700039207936,0.1878167845636635,0.2136972871137819,0.2841565122039299,0.10679674524584643,
M1_fold4_seed20261004,M1,4,20261004,21,0.5793164016235443,0.17727250190864527,0.2031048774405488,0.2745294515898818,0.11740517991711587,
M1_fold4_seed20261004,M1,4,20261004,22,0.5686483625661243,0.16751467737104078,0.1933127140519604,0.26558535941797556,0.12775155862939377,
M1_fold4_seed20261004,M1,4,20261004,23,0.5581858794326368,0.15847890122362548,0.18425432504943604,0.25726310638852495,0.13700376828396368,
M1_fold4_seed20261004,M1,4,20261004,24,0.5479306522756815,0.15018359996985386,0.17591605072473046,0.24953164352825521,0.14588174242967783,
M1_fold4_seed20261004,M1,4,20261004,25,0.537895442724228,0.1424990970312407,0.16822439293806993,0.24233251202318068,0.1543057699598148,
M1_fold4_seed20261004,M1,4,20261004,26,0.5280692576215817,0.1354561442864428,0.16118589284462692,0.23564655079925173,0.16170631233045285,
M1_fold4_seed20261004,M1,4,20261004,27,0.5184797097135473,0.12892398615187237,0.154647315377209,0.22940924744881822,0.1695523637526241,
M1_fold4_seed20261004,M1,4,20261004,28,0.5091273308864661,0.12287177500508908,0.148573516505479,0.22359638488744807,0.1768262989676478,
M1_fold4_seed20261004,M1,4,20261004,29,0.4999909324378803,0.11726467886985482,0.14291556755616583,0.21816704266930018,0.18319509129228587,
M1_fold4_seed20261004,M1,4,20261004,30,0.491092874109745,0.11214169395139781,0.13778869509845423,0.21308525114662852,0.18983148835151417,
M1_fold4_seed20261004,M1,4,20261004,31,0.4824341046233331,0.10735749697823609,0.13298504482830403,0.2083303450388528,0.19654225859718477,
M1_fold4_seed20261004,M1,4,20261004,32,0.47400389490649103,0.10289188948085705,0.12851466441560475,0.20387690788476978,0.2022986515119692,
M1_fold4_seed20261004,M1,4,20261004,33,0.4657878744331273,0.09874296972611549,0.1243660426579082,0.1996873457337954,0.2076791886775947,
M1_fold4_seed20261004,M1,4,20261004,34,0.4577927186208613,0.09497690636587057,0.12058726547050293,0.19575868046630493,0.21354803711460027,
M1_fold4_seed20261004,M1,4,20261004,35,0.4500073290722711,0.09136787309655237,0.11698169120920242,0.19207246865414682,0.21902828960434054,
M1_fold4_seed20261004,M1,4,20261004,36,0.44244087541268934,0.08808092085595054,0.11371545969637224,0.1886318529402483,0.2243417456313836,
M1_fold4_seed20261005,M1,4,20261005,1,0.8805106997489929,0.5794750774632391,0.6139255500402752,0.594141617697407,0.21636662006198967,
M1_fold4_seed20261005,M1,4,20261005,2,0.8614228159189224,0.5450446122399971,0.5776204166838816,0.5644735539893411,0.2039664072622321,
M1_fold4_seed20261005,M1,4,20261005,3,0.8429387350877126,0.5123987078943817,0.543503622585749,0.5366656313709433,0.18209001187133167,
M1_fold4_seed20261005,M1,4,20261005,4,0.8251490101218224,0.4815827108061756,0.5114152904340468,0.5105974397415746,0.15732473691630122,
M1_fold4_seed20261005,M1,4,20261005,5,0.8081988537311554,0.45257954526290417,0.48147107165529873,0.48613778035278016,0.13635483308554322,
M1_fold4_seed20261005,M1,4,20261005,6,0.7918424805005392,0.425164072544698,0.4533305517578667,0.4631694756244764,0.11952242785866779,
M1_fold4_seed20261005,M1,4,20261005,7,0.7760575669152396,0.3992553674568195,0.42679431150092667,0.4415865275638467,0.1086857490860524,
M1_fold4_seed20261005,M1,4,20261005,8,0.760806005448103,0.3748426879833198,0.401902589458569,0.42130642343526764,0.10266385859313679,
M1_fold4_seed20261005,M1,4,20261005,9,0.7459172520372602,0.35172803143662207,0.3784599557917333,0.4022292874721443,0.09828410203823902,
M1_fold4_seed20261005,M1,4,20261005,10,0.7313043624162674,0.32999201030987113,0.3564539343755076,0.3843795392634935,0.09849953137960925,
M1_fold4_seed20261005,M1,4,20261005,11,0.7170375634323467,0.30957509690927165,0.33579066996754775,0.3676875647648934,0.10253427756391639,
M1_fold4_seed20261005,M1,4,20261005,12,0.7029810373981794,0.2904798839709541,0.3165905646862771,0.3520326732615461,0.10738208478506517,
M1_fold4_seed20261005,M1,4,20261005,13,0.6892093158685244,0.27237257598971526,0.2983901631540741,0.33742847740796605,0.11461630710185552,
M1_fold4_seed20261005,M1,4,20261005,14,0.6756398092423167,0.2558217796987065,0.281750809909188,0.323752720215839,0.12149155691335009,
M1_fold4_seed20261005,M1,4,20261005,15,0.6623484989007314,0.2401900799372984,0.2660338055358643,0.3110011553643783,0.12971210144874976,
M1_fold4_seed20261005,M1,4,20261005,16,0.6492529932409525,0.22565603708164628,0.2514365513664182,0.2990918246195604,0.1378497654603024,
M1_fold4_seed20261005,M1,4,20261005,17,0.6364245078142952,0.21219844577467742,0.23795696234125843,0.2879838352586002,0.14764588600731812,
M1_fold4_seed20261005,M1,4,20261005,18,0.6238472186856799,0.19970230676387427,0.22544395713619525,0.2776275506854377,0.15678198383725792,
M1_fold4_seed20261005,M1,4,20261005,19,0.6115419610550529,0.18822151588679414,0.21392090872758046,0.26797610818758216,0.16614547544012329,
M1_fold4_seed20261005,M1,4,20261005,20,0.5995231729745865,0.17761401097749802,0.20330444538586562,0.25897633463841563,0.17448915384946823,
M1_fold4_seed20261005,M1,4,20261005,21,0.5877518245152065,0.16777836459619158,0.1934601211632178,0.2506014612218043,0.18165230450818207,
M1_fold4_seed20261005,M1,4,20261005,22,0.5762480993162502,0.15870912621057376,0.18437059696603292,0.2428094253771764,0.18931791630460953,
M1_fold4_seed20261005,M1,4,20261005,23,0.5650501962589181,0.15032905902461027,0.17598506440896133,0.23557746460992995,0.1972438081213312,
M1_fold4_seed20261005,M1,4,20261005,24,0.554116428643465,0.1425949365337068,0.16825857709093986,0.22881324721727775,0.20307698071117702,
M1_fold4_seed20261005,M1,4,20261005,25,0.5434620136022568,0.13544455555722823,0.16110156563951844,0.2225292569877101,0.2096428430103968,
M1_fold4_seed20261005,M1,4,20261005,26,0.5330893137134038,0.1289852132501821,0.15462293697188967,0.2166595703212903,0.21563770807684704,
M1_fold4_seed20261005,M1,4,20261005,27,0.522991904064461,0.1228015887663439,0.14843961068299674,0.2111861205657926,0.22067039027723176,
M1_fold4_seed20261005,M1,4,20261005,28,0.5131864191698177,0.11729456918604653,0.14293583645302702,0.2060834080127012,0.22549854662307234,
M1_fold4_seed20261005,M1,4,20261005,29,0.5036452586280888,0.1119830585077649,0.13761018278627607,0.20132916837802406,0.22948750150727693,
M1_fold4_seed20261005,M1,4,20261005,30,0.494377206514279,0.10715955371848535,0.13278497678564638,0.19687695050226964,0.23282428203621847,
M1_fold4_seed20261005,M1,4,20261005,31,0.4853788305194147,0.1027997045514434,0.12842438730916095,0.19272358940406698,0.23615796678526252,
M1_fold4_seed20261005,M1,4,20261005,32,0.4766203875653446,0.09855388798635414,0.12418442141983606,0.18883202913502034,0.23891264496347345,
M1_fold4_seed20261005,M1,4,20261005,33,0.4681228779482119,0.09473758594618463,0.12035236028685113,0.18518901008327465,0.24199577678458173,
M1_fold4_seed20261005,M1,4,20261005,34,0.45988188740961694,0.0912156533234989,0.11680238640243848,0.18177392248371935,0.24501578043456487,
M1_fold4_seed20261005,M1,4,20261005,35,0.4518767778362547,0.0878971645280257,0.11349494118478645,0.17855665954581681,0.24723071690231635,
M1_fold4_seed20261005,M1,4,20261005,36,0.4440969684885608,0.08486226693793915,0.1104603473733618,0.17554137794020128,0.24947588990618147,
M1_fold4_seed20261006,M1,4,20261006,1,1.0768511176109314,0.8092716538083814,0.8373981372409259,0.8103465669445057,0.014749243798589995,
M1_fold4_seed20261006,M1,4,20261006,2,1.0540278255939484,0.766131335959511,0.7936622002548319,0.7760928965291171,0.014759637230606762,
M1_fold4_seed20261006,M1,4,20261006,3,1.0326186577479044,0.7249672824960114,0.7520447095983439,0.743445082283737,0.014791394857423505,
M1_fold4_seed20261006,M1,4,20261006,4,1.0127034053206443,0.685721226588284,0.7124491013362095,0.7126723448213809,0.014862447407984189,
M1_fold4_seed20261006,M1,4,20261006,5,0.9941624355316162,0.6485890398857377,0.6750483302687471,0.6835128592278694,0.015010345774846556,
M1_fold4_seed20261006,M1,4,20261006,6,0.976813143491745,0.6134003126198821,0.6396799537772964,0.6557313335735693,0.015294890728981622,
M1_fold4_seed20261006,M1,4,20261006,7,0.9604577209268298,0.5798856411015539,0.6060006544739726,0.62911118424107,0.015812215592901975,
M1_fold4_seed20261006,M1,4,20261006,8,0.9449632272124291,0.5480529174362547,0.574058199043248,0.6035398524624671,0.016763899098862167,
M1_fold4_seed20261006,M1,4,20261006,9,0.9301683260334863,0.517409497404648,0.5433169413042862,0.5788175747850095,0.018028030897399884,
M1_fold4_seed20261006,M1,4,20261006,10,0.9159139263629913,0.4881724709498245,0.5140070650416889,0.5549827696252354,0.01992898720316516,
M1_fold4_seed20261006,M1,4,20261006,11,0.9020922449502078,0.4601951733253814,0.48600308405997084,0.5319817622921289,0.022470559297104398,
M1_fold4_seed20261006,M1,4,20261006,12,0.8885029092431068,0.4335917539974008,0.4593500912719989,0.5097974216272863,0.02565861339267854,
M1_fold4_seed20261006,M1,4,20261006,13,0.8751292013205014,0.40818894957340857,0.4339003533897917,0.48850688049415913,0.029979304396603096,
M1_fold4_seed20261006,M1,4,20261006,14,0.8619356432131359,0.3840610279269594,0.40975403793979864,0.4680877716411148,0.0350781826275116,
M1_fold4_seed20261006,M1,4,20261006,15,0.8488238326708476,0.36137612935321783,0.3870361545400568,0.4485439006051253,0.040596046459091414,
M1_fold4_seed20261006,M1,4,20261006,16,0.8357705466449261,0.33982206853640157,0.36547722611094435,0.4299444128128234,0.04677100999267134,
M1_fold4_seed20261006,M1,4,20261006,17,0.8227648962946499,0.31963183370349474,0.34527667694179526,0.412320735800397,0.05404896413513191,
M1_fold4_seed20261006,M1,4,20261006,18,0.8098238034380807,0.3006643362503898,0.3263077645576415,0.39565899336336613,0.06190551352057586,
M1_fold4_seed20261006,M1,4,20261006,19,0.7969169092805762,0.2829654107725746,0.30857785866770526,0.37990249864870174,0.07029755919628336,
M1_fold4_seed20261006,M1,4,20261006,20,0.7841127154231071,0.26656291182405156,0.2922161037337716,0.36508389256428564,0.07911715571650281,
M1_fold4_seed20261006,M1,4,20261006,21,0.7713878881363642,0.2512388910629967,0.27685665497843664,0.3511263835089416,0.08727426926291798,
M1_fold4_seed20261006,M1,4,20261006,22,0.7587652131915092,0.2368898195080366,0.2624926685477312,0.3380312881626702,0.09552002347577324,
M1_fold4_seed20261006,M1,4,20261006,23,0.746282794682876,0.22373901270566254,0.24938515164177055,0.3258286579213563,0.10328611270702039,
M1_fold4_seed20261006,M1,4,20261006,24,0.7339183477063974,0.21145057552395907,0.23706068297979432,0.3143857373012147,0.11025959109797423,
M1_fold4_seed20261006,M1,4,20261006,25,0.7217239341735839,0.200115039719085,0.22574244219828205,0.3037424172716584,0.11706893775814801,
M1_fold4_seed20261006,M1,4,20261006,26,0.709710279909464,0.18967784595447537,0.2152950601645893,0.29378991437431756,0.1232508807911548,
M1_fold4_seed20261006,M1,4,20261006,27,0.6978842217613149,0.17993103974016583,0.20553936830229613,0.28450048002893225,0.12893673163523772,
M1_fold4_seed20261006,M1,4,20261006,28,0.6862633751971381,0.17093132776283845,0.1965404523760679,0.27582925015588455,0.13467918842095397,
M1_fold4_seed20261006,M1,4,20261006,29,0.674850540428326,0.16270276981989462,0.188323817733517,0.2676854612982468,0.13996330395796172,
M1_fold4_seed20261006,M1,4,20261006,30,0.6636720888813337,0.15495414879072952,0.18057548557596362,0.26009585747659125,0.14528152506873662,
M1_fold4_seed20261006,M1,4,20261006,31,0.6527096833913557,0.14775180670761437,0.17336360959956673,0.2529631681049961,0.14973523077411338,
M1_fold4_seed20261006,M1,4,20261006,32,0.6419893665239215,0.14109770935829868,0.16667874156943766,0.2462696260770193,0.1540501979762488,
M1_fold4_seed20261006,M1,4,20261006,33,0.6315028406453855,0.13497864934651516,0.16058878343272623,0.240002999540142,0.15847147689104896,
M1_fold4_seed20261006,M1,4,20261006,34,0.6212595669662251,0.12917998195959418,0.1547671656058321,0.23408397111165485,0.16249182075738003,
M1_fold4_seed20261006,M1,4,20261006,35,0.6112536922522953,0.12390468898532257,0.14951101765588368,0.22857595241924422,0.16651657859555827,
M1_fold4_seed20261006,M1,4,20261006,36,0.601470269759496,0.1188262214693326,0.1444369689394685,0.22339370173132156,0.1701843019872374,
M2_fold1_seed20261002,M2,1,20261002,1,0.7908695936203003,0.6624003946781158,0.6788204312324524,0.8132926888115234,0.2087605837471132,3.1161177158355713
M2_fold1_seed20261002,M2,1,20261002,2,0.7875508964061737,0.6549662947654724,0.6712555289268494,0.8089933664373621,0.33531984326180014,3.1076072454452515
M2_fold1_seed20261002,M2,1,20261002,3,0.7847130199273428,0.6487032771110535,0.6648543179035187,0.8042700759674708,0.41586978235601546,3.082929253578186
M2_fold1_seed20261002,M2,1,20261002,4,0.7820730283856392,0.6426013112068176,0.6586266458034515,0.7993623560083598,0.4613543230040853,3.038854718208313
M2_fold1_seed20261002,M2,1,20261002,5,0.7795443952083587,0.6365930438041687,0.6524656713008881,0.7943534065959258,0.48791651025950705,3.019329071044922
M2_fold1_seed20261002,M2,1,20261002,6,0.7771321733792623,0.6307113468647003,0.6464105248451233,0.789279838534506,0.5034879639206362,2.989855647087097
M2_fold1_seed20261002,M2,1,20261002,7,0.7748066484928131,0.6248597204685211,0.6404550075531006,0.7841605664831824,0.5126351202487315,2.9512100219726562
M2_fold1_seed20261002,M2,1,20261002,8,0.772594828158617,0.6191348731517792,0.6345621645450592,0.7790051704601573,0.5179941494709401,2.9271979331970215
M2_fold1_seed20261002,M2,1,20261002,9,0.770478775103887,0.6133543848991394,0.6286730170249939,0.7738187540339018,0.5213864223194061,2.9005770683288574
M2_fold1_seed20261002,M2,1,20261002,10,0.7684290170669555,0.6077094078063965,0.6229570806026459,0.7686017036005078,0.5238873985351007,2.8948843479156494
M2_fold1_seed20261002,M2,1,20261002,11,0.7664657424796711,0.6019236147403717,0.6170308589935303,0.7633547473576611,0.5251366502851219,2.8819435834884644
M2_fold1_seed20261002,M2,1,20261002,12,0.7645795916517576,0.5962457954883575,0.6112072169780731,0.7580771083729818,0.5260603082585931,2.8438256978988647
M2_fold1_seed20261002,M2,1,20261002,13,0.7627734289719508,0.5905604958534241,0.6054370403289795,0.7527652214057232,0.5265391709249306,2.844884157180786
M2_fold1_seed20261002,M2,1,20261002,14,0.7610376413379397,0.5848686993122101,0.5996781587600708,0.7474153451221643,0.5265908972923986,2.814071774482727
M2_fold1_seed20261002,M2,1,20261002,15,0.759367561340332,0.579204648733139,0.5938675105571747,0.7420223926359133,0.5263897918686853,2.795782208442688
M2_fold1_seed20261002,M2,1,20261002,16,0.757752813398838,0.5734030604362488,0.5879848599433899,0.7365834947789471,0.5258241440006057,2.771580696105957
M2_fold1_seed20261002,M2,1,20261002,17,0.7562104971969829,0.5675441324710846,0.582080751657486,0.7310929041252114,0.525161675290757,2.7598143815994263
M2_fold1_seed20261002,M2,1,20261002,18,0.7547273884216944,0.5616056025028229,0.5760586559772491,0.7255424322859172,0.5242860386489089,2.7515283823013306
M2_fold1_seed20261002,M2,1,20261002,19,0.7532987014243477,0.5557057857513428,0.5700506567955017,0.7199281343165762,0.5234144418525402,2.72066867351532
M2_fold1_seed20261002,M2,1,20261002,20,0.751935638487339,0.5496983528137207,0.5640137493610382,0.7142424498120954,0.5219425096352761,2.7160494327545166
M2_fold1_seed20261002,M2,1,20261002,21,0.7506225421315148,0.5435129255056381,0.5576878041028976,0.7084775356787018,0.5202042383177239,2.7067952156066895
M2_fold1_seed20261002,M2,1,20261002,22,0.7493634914810007,0.5373129099607468,0.5514311194419861,0.7026265486501571,0.5184785781525466,2.6945950984954834
M2_fold1_seed20261002,M2,1,20261002,23,0.7481510276379792,0.5309036821126938,0.5449815988540649,0.6966808726832038,0.5164250893160333,2.684240937232971
M2_fold1_seed20261002,M2,1,20261002,24,0.7469905403753122,0.5243241339921951,0.5383363217115402,0.6906316652121771,0.5142054394220115,2.663568615913391
M2_fold1_seed20261002,M2,1,20261002,25,0.7458680737018585,0.517596110701561,0.5315492898225784,0.6844680718260119,0.5117071108106285,2.6603771448135376
M2_fold1_seed20261002,M2,1,20261002,26,0.7447856378096801,0.5107337534427643,0.5245958268642426,0.6781797036070504,0.5091304263291192,2.6446324586868286
M2_fold1_seed20261002,M2,1,20261002,27,0.7437450378029434,0.5036747306585312,0.5175192207098007,0.671756044187582,0.5063203595122373,2.642491340637207
M2_fold1_seed20261002,M2,1,20261002,28,0.7427351591842515,0.49639731645584106,0.5101730823516846,0.665182878241466,0.5031945861001936,2.623335838317871
M2_fold1_seed20261002,M2,1,20261002,29,0.7417609784109839,0.4888432174921036,0.5025845170021057,0.6584476891758694,0.4997320854715656,2.6221256256103516
M2_fold1_seed20261002,M2,1,20261002,30,0.7408139149347941,0.48106546700000763,0.4947672486305237,0.6515350913153914,0.4959854347047303,2.6124202013015747
M2_fold1_seed20261002,M2,1,20261002,31,0.7398864578816199,0.4729856699705124,0.4866347461938858,0.6444285745464038,0.4922713278111767,2.5999274253845215
M2_fold1_seed20261002,M2,1,20261002,32,0.7389824017882347,0.46463412046432495,0.4782910495996475,0.6371082397752181,0.4883010099676063,2.6115190982818604
M2_fold1_seed20261002,M2,1,20261002,33,0.7380921976132826,0.4559900015592575,0.4695407301187515,0.6295540242558658,0.4841827150891898,2.5891085863113403
M2_fold1_seed20261002,M2,1,20261002,34,0.7372082147528144,0.4468172788619995,0.4603288024663925,0.6217428462630125,0.47973803387103314,2.576938509941101
M2_fold1_seed20261002,M2,1,20261002,35,0.7363327937466758,0.43752267956733704,0.45102399587631226,0.613647305899455,0.47482178039332734,2.564365267753601
M2_fold1_seed20261002,M2,1,20261002,36,0.735449825723966,0.4276908189058304,0.4411030113697052,0.6052375688336371,0.4699080738026228,2.56161892414093
M2_fold1_seed20261003,M2,1,20261003,1,0.9429340362548828,0.842681884765625,0.8560419082641602,0.7709008840240943,0.008033804538374819,2.534532904624939
M2_fold1_seed20261003,M2,1,20261003,2,0.9373793601989746,0.8339900076389313,0.847293883562088,0.7697122916009903,0.008034088443473123,2.5210670232772827
M2_fold1_seed20261003,M2,1,20261003,3,0.9324847459793091,0.826683908700943,0.8399203419685364,0.7683268003499307,0.008034656819429314,2.510994076728821
M2_fold1_seed20261003,M2,1,20261003,4,0.9279188737273216,0.8198366761207581,0.8330249786376953,0.7668574834821682,0.00803587513450025,2.514998197555542
M2_fold1_seed20261003,M2,1,20261003,5,0.9236149609088897,0.8131910860538483,0.8263111412525177,0.7653416394713681,0.00803864214688053,2.488363742828369
M2_fold1_seed20261003,M2,1,20261003,6,0.9195266216993332,0.8065451681613922,0.8196171820163727,0.7637958830207826,0.008044862836657774,2.486567974090576
M2_fold1_seed20261003,M2,1,20261003,7,0.9156084784439632,0.8002497255802155,0.8133224844932556,0.7622258975374983,0.008058963350068109,2.4762526750564575
M2_fold1_seed20261003,M2,1,20261003,8,0.9118347503244877,0.7939319908618927,0.8069190382957458,0.7606325295497322,0.00809113393646654,2.4699543714523315
M2_fold1_seed20261003,M2,1,20261003,9,0.9082131485144297,0.7878192663192749,0.8007625341415405,0.7590135034247213,0.008163260672509715,2.4481953382492065
M2_fold1_seed20261003,M2,1,20261003,10,0.9047601640224456,0.7818022072315216,0.7946949303150177,0.7573678062615377,0.008318345828029443,2.4448546171188354
M2_fold1_seed20261003,M2,1,20261003,11,0.9014395610852675,0.7758224606513977,0.7886848151683807,0.7556926181447055,0.008635751687354662,2.438125729560852
M2_fold1_seed20261003,M2,1,20261003,12,0.8982490549484888,0.7700610160827637,0.7828700542449951,0.7539839929547308,0.009249263834025192,2.432389736175537
M2_fold1_seed20261003,M2,1,20261003,13,0.8951824032343351,0.7641309797763824,0.7768942713737488,0.752239446552245,0.010378964823683398,2.423524498939514
M2_fold1_seed20261003,M2,1,20261003,14,0.8922224108661924,0.7582754194736481,0.7710382342338562,0.750457172691575,0.01238756240661289,2.424060583114624
M2_fold1_seed20261003,M2,1,20261003,15,0.8893906772136688,0.752671092748642,0.7653696835041046,0.7486339602839817,0.015845346430912892,2.409258008003235
M2_fold1_seed20261003,M2,1,20261003,16,0.8866627160459757,0.7467954456806183,0.7594757080078125,0.7467674503481803,0.021573279123057558,2.4069576263427734
M2_fold1_seed20261003,M2,1,20261003,17,0.8840573219692006,0.7412762343883514,0.7539068460464478,0.7448549760993441,0.030585814040307528,2.398574471473694
M2_fold1_seed20261003,M2,1,20261003,18,0.8815526316563288,0.7354913055896759,0.7480917572975159,0.7428951877984428,0.044342544964702246,2.3892382383346558
M2_fold1_seed20261003,M2,1,20261003,19,0.879149716151388,0.729782223701477,0.7423714399337769,0.7408856415710444,0.0642743425929749,2.3870164155960083
M2_fold1_seed20261003,M2,1,20261003,20,0.8768453016877175,0.7241099774837494,0.7366523742675781,0.738825508096985,0.09066700138567747,2.379367709159851
M2_fold1_seed20261003,M2,1,20261003,21,0.8746314360981896,0.7183369398117065,0.7308628261089325,0.7367132174074182,0.12169281436932083,2.3790283203125
M2_fold1_seed20261003,M2,1,20261003,22,0.872510545633056,0.7125109136104584,0.72501540184021,0.7345472106869054,0.1530244173329865,2.374459743499756
M2_fold1_seed20261003,M2,1,20261003,23,0.8704809170702229,0.7065572440624237,0.719047337770462,0.7323251512218781,0.1797045491092865,2.3697434663772583
M2_fold1_seed20261003,M2,1,20261003,24,0.8685415349900723,0.7007426619529724,0.7132017314434052,0.7300445182283742,0.19849887570527852,2.3612356185913086
M2_fold1_seed20261003,M2,1,20261003,25,0.866688973903656,0.6947247684001923,0.7071390151977539,0.7277030293523923,0.2094056568875015,2.352262020111084
M2_fold1_seed20261003,M2,1,20261003,26,0.8649137662007258,0.6885157525539398,0.7009087800979614,0.7252967215145084,0.21475715447097332,2.3515219688415527
M2_fold1_seed20261003,M2,1,20261003,27,0.8632241962132631,0.6823638081550598,0.6947528719902039,0.7228221920875195,0.2174148477174271,2.351381540298462
M2_fold1_seed20261003,M2,1,20261003,28,0.8616061902471951,0.6759879887104034,0.6883592903614044,0.7202738153813397,0.21907052948048347,2.349449872970581
M2_fold1_seed20261003,M2,1,20261003,29,0.8600668804398899,0.6694996356964111,0.6818566918373108,0.7176459778264689,0.22045140804455854,2.349453926086426
M2_fold1_seed20261003,M2,1,20261003,30,0.858601771791776,0.6628900170326233,0.675216019153595,0.7149320345268846,0.2217106321784719,2.340477228164673
M2_fold1_seed20261003,M2,1,20261003,31,0.8572075443883096,0.6559801399707794,0.6682994961738586,0.7121242187775213,0.222936832112452,2.3452470302581787
M2_fold1_seed20261003,M2,1,20261003,32,0.8558846563100815,0.6490180790424347,0.6613146662712097,0.709214018736744,0.2240787006610439,2.332429528236389
M2_fold1_seed20261003,M2,1,20261003,33,0.8546262311212944,0.6416557431221008,0.6539520025253296,0.7061919649718114,0.22518978940337536,2.3391987085342407
M2_fold1_seed20261003,M2,1,20261003,34,0.8534371747690088,0.6343046128749847,0.6465590596199036,0.7030468335652107,0.22622664025874745,2.3329421281814575
M2_fold1_seed20261003,M2,1,20261003,35,0.8523121518748147,0.6264529228210449,0.6386952996253967,0.699765932510976,0.22720316657323592,2.325983762741089
M2_fold1_seed20261003,M2,1,20261003,36,0.8512492660019133,0.6184718906879425,0.630733460187912,0.6963343748320823,0.2281250067872421,2.333132266998291
M2_fold1_seed20261004,M2,1,20261004,1,0.9040597379207611,0.7362896800041199,0.7509511411190033,0.8009944245922428,0.008085113148968821,2.8289893865585327
M2_fold1_seed20261004,M2,1,20261004,2,0.9001733958721161,0.726557731628418,0.7410871386528015,0.7981814194187229,0.008115651294207884,2.7962948083877563
M2_fold1_seed20261004,M2,1,20261004,3,0.8968998789787292,0.7181105315685272,0.7325813472270966,0.7950521632075496,0.008176157409080523,2.7865713834762573
M2_fold1_seed20261004,M2,1,20261004,4,0.8939632475376129,0.7101036310195923,0.7244604527950287,0.7917723902869253,0.008302753473928537,2.758338212966919
M2_fold1_seed20261004,M2,1,20261004,5,0.8912438750267029,0.702291876077652,0.7165557742118835,0.788391454638323,0.008568701020099132,2.7541741132736206
M2_fold1_seed20261004,M2,1,20261004,6,0.8886567900578181,0.6943508386611938,0.7085274457931519,0.7849261793193426,0.009132464188365006,2.7221843004226685
M2_fold1_seed20261004,M2,1,20261004,7,0.8862067971910749,0.6866005957126617,0.7007309794425964,0.7813804803773838,0.010364853989242903,2.738177537918091
M2_fold1_seed20261004,M2,1,20261004,8,0.8838661313056946,0.6787752211093903,0.6927988827228546,0.7777559501491629,0.012785635002473752,2.691168189048767
M2_fold1_seed20261004,M2,1,20261004,9,0.8816521863142649,0.6711125671863556,0.6850447952747345,0.7740501497347057,0.017594719571687952,2.686755418777466
M2_fold1_seed20261004,M2,1,20261004,10,0.8795434206724166,0.6632881164550781,0.6771456301212311,0.7702587003577892,0.027450970509570655,2.666356325149536
M2_fold1_seed20261004,M2,1,20261004,11,0.8775416856462305,0.6556106805801392,0.6694281101226807,0.766374811421935,0.047834123345948665,2.6666446924209595
M2_fold1_seed20261004,M2,1,20261004,12,0.8756204048792521,0.647733211517334,0.6614418625831604,0.7623908037203321,0.08321364367774914,2.640864849090576
M2_fold1_seed20261004,M2,1,20261004,13,0.8737990053800436,0.6398364007472992,0.6534787714481354,0.7583005319005237,0.12637647324833168,2.6279033422470093
M2_fold1_seed20261004,M2,1,20261004,14,0.8720654504639762,0.6318934559822083,0.6455068290233612,0.7540949497691591,0.16632195410614675,2.610880732536316
M2_fold1_seed20261004,M2,1,20261004,15,0.8704115629196167,0.6239583492279053,0.6374721229076385,0.749764537588649,0.19735959621301055,2.603070855140686
M2_fold1_seed20261004,M2,1,20261004,16,0.8688417114317417,0.6157079935073853,0.62916699051857,0.7452990244145509,0.2180474278992045,2.59459125995636
M2_fold1_seed20261004,M2,1,20261004,17,0.8673418725238127,0.6074561178684235,0.6208641827106476,0.740687636377677,0.22986610106889097,2.5837982892990112
M2_fold1_seed20261004,M2,1,20261004,18,0.8659152653482225,0.5989788770675659,0.6123323440551758,0.7359174060269172,0.23571628417822252,2.567199230194092
M2_fold1_seed20261004,M2,1,20261004,19,0.864545580587889,0.5902668535709381,0.6035674512386322,0.7309737383517687,0.23884277052720737,2.5572142601013184
M2_fold1_seed20261004,M2,1,20261004,20,0.8632449358701706,0.5815359055995941,0.5948079228401184,0.7258421469729065,0.24095061816624497,2.5556209087371826
M2_fold1_seed20261004,M2,1,20261004,21,0.8620028694470724,0.572323352098465,0.5855211317539215,0.7205068937851711,0.24264571564484405,2.5362426042556763
M2_fold1_seed20261004,M2,1,20261004,22,0.8608149859038267,0.5629585981369019,0.5761222839355469,0.7149499777900772,0.24399996271528268,2.530609607696533
M2_fold1_seed20261004,M2,1,20261004,23,0.8596812590308811,0.5534651279449463,0.5665926933288574,0.7091519596740473,0.24503461561920403,2.532068371772766
M2_fold1_seed20261004,M2,1,20261004,24,0.8585934427877268,0.5436714291572571,0.5567420423030853,0.7030890360984067,0.2457929020538981,2.5165321826934814
M2_fold1_seed20261004,M2,1,20261004,25,0.8575488030910492,0.5332612097263336,0.5462917685508728,0.696737288519519,0.246223219269172,2.502738356590271
M2_fold1_seed20261004,M2,1,20261004,26,0.8565300244551438,0.5224765837192535,0.5354453325271606,0.6900666493889567,0.24635376694070216,2.4965081214904785
M2_fold1_seed20261004,M2,1,20261004,27,0.8555334629835906,0.5114440619945526,0.5243789851665497,0.683045397872438,0.2462137142464247,2.4847705364227295
M2_fold1_seed20261004,M2,1,20261004,28,0.8545567723257201,0.4998021423816681,0.5127157121896744,0.6756355930854775,0.24577828012665393,2.4804731607437134
M2_fold1_seed20261004,M2,1,20261004,29,0.8535906138091252,0.4876646250486374,0.5005258321762085,0.6677939641482638,0.24507862133609565,2.468367099761963
M2_fold1_seed20261004,M2,1,20261004,30,0.852615949511528,0.4750744253396988,0.48793067038059235,0.6594712176526141,0.24419276948996788,2.4642120599746704
M2_fold1_seed20261004,M2,1,20261004,31,0.8516213461276023,0.4618009179830551,0.47459618747234344,0.6506085108457381,0.24312396136336617,2.457908034324646
M2_fold1_seed20261004,M2,1,20261004,32,0.8505940632894635,0.44783270359039307,0.4605918377637863,0.6411378908997972,0.24193130602664314,2.447861075401306
M2_fold1_seed20261004,M2,1,20261004,33,0.8495182494322459,0.4332016259431839,0.44594255089759827,0.6309782624669067,0.24069417834568896,2.4440962076187134
M2_fold1_seed20261004,M2,1,20261004,34,0.8483678032370174,0.41776344180107117,0.4304638206958771,0.6200317139447128,0.23942131276690298,2.4415870904922485
M2_fold1_seed20261004,M2,1,20261004,35,0.8471165929521833,0.4014928489923477,0.4141742140054703,0.6081822654805633,0.23815202130885674,2.4329893589019775
M2_fold1_seed20261004,M2,1,20261004,36,0.8457249816921022,0.3841733932495117,0.39681197702884674,0.5952923705256624,0.23691271563312252,2.4293957948684692
M2_fold1_seed20261005,M2,1,20261005,1,0.7454044818878174,0.5940686166286469,0.6091345846652985,0.6150379517061404,0.29737273626894184,2.8598512411117554
M2_fold1_seed20261005,M2,1,20261005,2,0.742725133895874,0.5873456299304962,0.6023374795913696,0.6120854635595444,0.30093162275655283,2.848118782043457
M2_fold1_seed20261005,M2,1,20261005,3,0.7406216959158579,0.5814879834651947,0.5962786376476288,0.6088408250979543,0.3043195413416839,2.8136011362075806
M2_fold1_seed20261005,M2,1,20261005,4,0.7386896461248398,0.5758875012397766,0.5905480086803436,0.6054686628725852,0.30771320783058953,2.7903538942337036
M2_fold1_seed20261005,M2,1,20261005,5,0.7369004368782044,0.5702614784240723,0.5847522020339966,0.6020213758056585,0.3110541867936699,2.7510581016540527
M2_fold1_seed20261005,M2,1,20261005,6,0.7351881017287573,0.5645444095134735,0.578918993473053,0.5985218572773655,0.3143733536148613,2.7412725687026978
M2_fold1_seed20261005,M2,1,20261005,7,0.7335577394281115,0.5589713454246521,0.573244571685791,0.594979033002458,0.3176833181445295,2.713425397872925
M2_fold1_seed20261005,M2,1,20261005,8,0.7320071682333946,0.5532926321029663,0.5674399435520172,0.5913969558378163,0.32098255155163036,2.6817784309387207
M2_fold1_seed20261005,M2,1,20261005,9,0.7304941813151041,0.54755038022995,0.5615598261356354,0.5877761764198081,0.3241735164585665,2.6585928201675415
M2_fold1_seed20261005,M2,1,20261005,10,0.7290432214736938,0.5417672842741013,0.5556831955909729,0.5841136942465444,0.3273353144039374,2.6436322927474976
M2_fold1_seed20261005,M2,1,20261005,11,0.7276515120809729,0.5359734892845154,0.5498144179582596,0.5804063127380152,0.3303988083276519,2.6272106170654297
M2_fold1_seed20261005,M2,1,20261005,12,0.726306269566218,0.5299602597951889,0.543704941868782,0.5766486551606012,0.3333560501963458,2.6248908042907715
M2_fold1_seed20261005,M2,1,20261005,13,0.7250018280286056,0.5239595323801041,0.5376131534576416,0.57283424726267,0.3361174769038428,2.5937381982803345
M2_fold1_seed20261005,M2,1,20261005,14,0.7237433344125748,0.5176728814840317,0.5312319695949554,0.5689571719571311,0.3387538127668436,2.5674400329589844
M2_fold1_seed20261005,M2,1,20261005,15,0.7225304921468099,0.5114748626947403,0.5249672532081604,0.5650084496107466,0.34122066431599424,2.561703085899353
M2_fold1_seed20261005,M2,1,20261005,16,0.7213690038770437,0.5051180571317673,0.518552616238594,0.5609788894715881,0.3434256376503956,2.54866886138916
M2_fold1_seed20261005,M2,1,20261005,17,0.7202425826998318,0.49855026602745056,0.5119079947471619,0.5568587857246226,0.34543514559712274,2.5351755619049072
M2_fold1_seed20261005,M2,1,20261005,18,0.7191523346636031,0.49183987081050873,0.5051263719797134,0.5526377480989144,0.3471214604038249,2.522262215614319
M2_fold1_seed20261005,M2,1,20261005,19,0.7181064235536676,0.4849681854248047,0.4981987923383713,0.5483039396362287,0.3486940381731866,2.5118162631988525
M2_fold1_seed20261005,M2,1,20261005,20,0.7170918181538581,0.47790856659412384,0.49110381305217743,0.5438438815958981,0.3498714185623389,2.5118558406829834
M2_fold1_seed20261005,M2,1,20261005,21,0.7161060032390413,0.4704764038324356,0.4835882931947708,0.539244743185144,0.35075221104278037,2.4832987785339355
M2_fold1_seed20261005,M2,1,20261005,22,0.7151480154557661,0.4629903584718704,0.4760613590478897,0.5344920072608762,0.35135903831208015,2.4810101985931396
M2_fold1_seed20261005,M2,1,20261005,23,0.714223149030105,0.4553031027317047,0.46831975877285004,0.5295688987384779,0.35172535873210176,2.4668859243392944
M2_fold1_seed20261005,M2,1,20261005,24,0.7133162009219328,0.44710424542427063,0.4600856900215149,0.5244571207224764,0.3517079409388205,2.459110379219055
M2_fold1_seed20261005,M2,1,20261005,25,0.7124221074581146,0.4387538880109787,0.45170171558856964,0.5191375841314455,0.35139889836401444,2.4521563053131104
M2_fold1_seed20261005,M2,1,20261005,26,0.7115337756963876,0.43000607192516327,0.4429081380367279,0.5135884348771231,0.3508233949362333,2.4473925828933716
M2_fold1_seed20261005,M2,1,20261005,27,0.710651672548718,0.4208926111459732,0.4337354004383087,0.5077865384068659,0.3500007074062576,2.433277726173401
M2_fold1_seed20261005,M2,1,20261005,28,0.7097743515457425,0.41132333874702454,0.42414626479148865,0.5017050938665403,0.34890773203719905,2.432382822036743
M2_fold1_seed20261005,M2,1,20261005,29,0.7088875626695568,0.4013013690710068,0.4141062945127487,0.4953137158869748,0.3474975543172783,2.4303144216537476
M2_fold1_seed20261005,M2,1,20261005,30,0.7079795400301615,0.3909175395965576,0.40368641912937164,0.4885764119477043,0.34584186013947693,2.4256680011749268
M2_fold1_seed20261005,M2,1,20261005,31,0.7070468048895558,0.3799557685852051,0.39271892607212067,0.4814521295971504,0.3439699757567058,2.419564127922058
M2_fold1_seed20261005,M2,1,20261005,32,0.7060733111575246,0.3683280348777771,0.38104531168937683,0.4738922988463317,0.3419292207308722,2.4058693647384644
M2_fold1_seed20261005,M2,1,20261005,33,0.7050442533059553,0.35614337027072906,0.36883682012557983,0.4658404554411439,0.33967491866040184,2.4073920249938965
M2_fold1_seed20261005,M2,1,20261005,34,0.7039472504573709,0.3432842046022415,0.35594505071640015,0.4572299953536552,0.3372838908030654,2.3994921445846558
M2_fold1_seed20261005,M2,1,20261005,35,0.7027538393224989,0.32963745296001434,0.3422545939683914,0.4479804203822349,0.3346821379760659,2.3901346921920776
M2_fold1_seed20261005,M2,1,20261005,36,0.7014413989252515,0.3152239918708801,0.3278394341468811,0.4379946908531272,0.3319233456455022,2.3900214433670044
M2_fold1_seed20261006,M2,1,20261006,1,0.8035984635353088,0.6638974249362946,0.679671049118042,0.8103860416900345,0.008260863473532701,3.0167235136032104
M2_fold1_seed20261006,M2,1,20261006,2,0.800231322646141,0.6566303968429565,0.672126293182373,0.8064186094210486,0.008409062271991142,2.97318172454834
M2_fold1_seed20261006,M2,1,20261006,3,0.7972105940183004,0.6503584980964661,0.6657154560089111,0.8021811213332088,0.008709160154287821,2.9443975687026978
M2_fold1_seed20261006,M2,1,20261006,4,0.7944599241018295,0.6443428695201874,0.6594996154308319,0.7978588690900026,0.00931981179963135,2.900641918182373
M2_fold1_seed20261006,M2,1,20261006,5,0.7917680621147156,0.6384523510932922,0.6534757018089294,0.7935075164647807,0.010573438901910025,2.8773030042648315
M2_fold1_seed20261006,M2,1,20261006,6,0.7892402509848276,0.6326705813407898,0.6475298702716827,0.7891500211523595,0.013285180612647052,2.859108567237854
M2_fold1_seed20261006,M2,1,20261006,7,0.7868115646498544,0.6268560290336609,0.6415443122386932,0.7847942788619937,0.019724526407763177,2.8259315490722656
M2_fold1_seed20261006,M2,1,20261006,8,0.7844828888773918,0.6211535632610321,0.6357136964797974,0.7804428931788906,0.03612793641986553,2.782716155052185
M2_fold1_seed20261006,M2,1,20261006,9,0.782253728972541,0.61548712849617,0.629907101392746,0.7760958304754222,0.07510294943328921,2.7632408142089844
M2_fold1_seed20261006,M2,1,20261006,10,0.7801297783851624,0.6097974181175232,0.6241408586502075,0.771750973260629,0.1487622712006943,2.7715625762939453
M2_fold1_seed20261006,M2,1,20261006,11,0.7780785506421869,0.6041443943977356,0.6183256804943085,0.7674027105089873,0.24812708406423556,2.716032028198242
M2_fold1_seed20261006,M2,1,20261006,12,0.7761124670505524,0.5984645783901215,0.6125485599040985,0.7630463642813292,0.3409803284680279,2.699037790298462
M2_fold1_seed20261006,M2,1,20261006,13,0.7742264362481924,0.5926511287689209,0.6066439151763916,0.7586754069187408,0.40878588646682185,2.6849770545959473
M2_fold1_seed20261006,M2,1,20261006,14,0.7724314097847257,0.5868466198444366,0.6007245779037476,0.7542833876712145,0.44889824854714616,2.6407142877578735
M2_fold1_seed20261006,M2,1,20261006,15,0.7707132379213969,0.5809714496135712,0.5947863459587097,0.749862549008385,0.46985728426903206,2.643648386001587
M2_fold1_seed20261006,M2,1,20261006,16,0.7690639328211546,0.5751391351222992,0.5888194143772125,0.7454059994619812,0.48005922458068284,2.627609372138977
M2_fold1_seed20261006,M2,1,20261006,17,0.7674881500356338,0.5690672099590302,0.5827021598815918,0.7409059938400289,0.48496085419124985,2.6093703508377075
M2_fold1_seed20261006,M2,1,20261006,18,0.7659908168845706,0.5629927217960358,0.5765384137630463,0.7363518399621726,0.4873893068574353,2.5927493572235107
M2_fold1_seed20261006,M2,1,20261006,19,0.7645573035666817,0.5568102896213531,0.5703035891056061,0.7317326945891619,0.48844760208284915,2.5803613662719727
M2_fold1_seed20261006,M2,1,20261006,20,0.7631859943270684,0.5504893362522125,0.5638957619667053,0.7270383647714915,0.48846779261253614,2.559851050376892
M2_fold1_seed20261006,M2,1,20261006,21,0.7618756166526249,0.5438265651464462,0.5571742802858353,0.7222590210600195,0.48763291689844984,2.550692915916443
M2_fold1_seed20261006,M2,1,20261006,22,0.7606262822042812,0.5371993333101273,0.5505126714706421,0.7173818629003064,0.48607904053977885,2.5360153913497925
M2_fold1_seed20261006,M2,1,20261006,23,0.7594349332477736,0.5304029732942581,0.5436345487833023,0.7123935068037938,0.4836761598746447,2.522567868232727
M2_fold1_seed20261006,M2,1,20261006,24,0.7583024663229784,0.5232753604650497,0.5364740788936615,0.7072793476687447,0.4804826260353148,2.5269421339035034
M2_fold1_seed20261006,M2,1,20261006,25,0.7572151005268097,0.5159117728471756,0.5290643274784088,0.702022554428917,0.47646809200882645,2.5135180950164795
M2_fold1_seed20261006,M2,1,20261006,26,0.756180213047908,0.5083412826061249,0.521448478102684,0.6966036005959136,0.47178810047042546,2.5007787942886353
M2_fold1_seed20261006,M2,1,20261006,27,0.75519476113496,0.5005243271589279,0.5135965943336487,0.6910028991768807,0.46649080139234866,2.4967583417892456
M2_fold1_seed20261006,M2,1,20261006,28,0.7542456750358854,0.4923693388700485,0.5053966492414474,0.685196551317167,0.4605548331975782,2.4922995567321777
M2_fold1_seed20261006,M2,1,20261006,29,0.753339249512245,0.48378634452819824,0.49675002694129944,0.679159814857676,0.45431192223938943,2.469308853149414
M2_fold1_seed20261006,M2,1,20261006,30,0.7524695634841919,0.47497808933258057,0.48792053759098053,0.6728623220968614,0.44751848272699346,2.466164469718933
M2_fold1_seed20261006,M2,1,20261006,31,0.7516265857604242,0.46573202311992645,0.47865425050258636,0.6662692377196769,0.4402982952658158,2.4684741497039795
M2_fold1_seed20261006,M2,1,20261006,32,0.7508163703605533,0.4561646580696106,0.4690403789281845,0.6593399436304446,0.4330540498108501,2.4626678228378296
M2_fold1_seed20261006,M2,1,20261006,33,0.7500238120555878,0.44593545794487,0.45875900983810425,0.6520296614217644,0.4257629815248631,2.4553335905075073
M2_fold1_seed20261006,M2,1,20261006,34,0.7492470986702863,0.4353066682815552,0.44813181459903717,0.644284001393628,0.4184545893725586,2.456718921661377
M2_fold1_seed20261006,M2,1,20261006,35,0.7484757210527148,0.4241824299097061,0.4369727373123169,0.6360385798876144,0.41127988619552136,2.4446264505386353
M2_fold1_seed20261006,M2,1,20261006,36,0.7476997251311938,0.41234104335308075,0.425113245844841,0.6272162005020829,0.40421298828360425,2.438700795173645
M2_fold2_seed20261002,M2,2,20261002,1,0.8794273138046265,0.6650420427322388,0.692258874575297,0.713218891795445,0.27084344195639,3.081080198287964
M2_fold2_seed20261002,M2,2,20261002,2,0.8738762338956197,0.6543111801147461,0.6812403996785482,0.705971400359562,0.3952878117659894,3.055701971054077
M2_fold2_seed20261002,M2,2,20261002,3,0.8692048655615913,0.6455729603767395,0.6721409757932028,0.6988767959479905,0.449737874519231,3.0116659005482993
M2_fold2_seed20261002,M2,2,20261002,4,0.8648930887381235,0.6371845404307047,0.6633805632591248,0.6919293762733519,0.4731216182633423,2.968146721522013
M2_fold2_seed20261002,M2,2,20261002,5,0.8608992298444113,0.6290137767791748,0.654934803644816,0.6851114552864043,0.4855726983714588,2.940322240193685
M2_fold2_seed20261002,M2,2,20261002,6,0.8570958839522468,0.6209702690442404,0.6465113361676534,0.6784011789799372,0.4934539939091174,2.895877997080485
M2_fold2_seed20261002,M2,2,20261002,7,0.8534938182149615,0.6131234566370646,0.6383700966835022,0.6717749002288533,0.49818262051220047,2.8605398337046304
M2_fold2_seed20261002,M2,2,20261002,8,0.8500865052143732,0.6053762634595236,0.6303401192029318,0.6652059624491541,0.5014744991907037,2.8299012184143066
M2_fold2_seed20261002,M2,2,20261002,9,0.8468225708714238,0.5976172089576721,0.622387150923411,0.6586680990517658,0.503593897890487,2.822291374206543
M2_fold2_seed20261002,M2,2,20261002,10,0.8437002678712209,0.5898441672325134,0.614303469657898,0.6521339749034534,0.5049959664343525,2.781139055887858
M2_fold2_seed20261002,M2,2,20261002,11,0.8407215403788018,0.5820977687835693,0.6063497265179952,0.6455757838357519,0.5056870411638196,2.7558161417643228
M2_fold2_seed20261002,M2,2,20261002,12,0.8378701027896669,0.5743462244669596,0.598416268825531,0.6389654872493772,0.5053488384651154,2.724363644917806
M2_fold2_seed20261002,M2,2,20261002,13,0.835145007341336,0.5666245818138123,0.5904589096705118,0.632274488126392,0.5045802044564835,2.7086856365203857
M2_fold2_seed20261002,M2,2,20261002,14,0.8325390091964177,0.5587094326814016,0.5824204484621683,0.6254748945612305,0.5030116138310818,2.6949622631073
M2_fold2_seed20261002,M2,2,20261002,15,0.8300375938415527,0.5507069528102875,0.574211835861206,0.6185378423572302,0.5009698404569843,2.671776612599691
M2_fold2_seed20261002,M2,2,20261002,16,0.8276435645918051,0.5426832139492035,0.566043496131897,0.6114335994757829,0.4980627719573651,2.6547664801279702
M2_fold2_seed20261002,M2,2,20261002,17,0.8253419948559181,0.5343345503012339,0.5575820803642273,0.6041304666615079,0.4952369950306132,2.6361757119496665
M2_fold2_seed20261002,M2,2,20261002,18,0.8231265246868134,0.5257196029027303,0.548760453859965,0.5965973895791109,0.49173274469207084,2.6148370107014975
M2_fold2_seed20261002,M2,2,20261002,19,0.8209878300365648,0.5169905225435892,0.5399204790592194,0.5888020793821512,0.48785514144278214,2.606692314147949
M2_fold2_seed20261002,M2,2,20261002,20,0.8189207305510838,0.5079302589098612,0.5307585895061493,0.580707942604485,0.4836402261416465,2.595877250035604
M2_fold2_seed20261002,M2,2,20261002,21,0.8169200164931161,0.49860090017318726,0.5213293631871542,0.5722758716595365,0.4788151119886848,2.579211950302124
M2_fold2_seed20261002,M2,2,20261002,22,0.8149760654478362,0.48889103531837463,0.5114549299081167,0.5634638230129434,0.4739802387010075,2.5594774087270102
M2_fold2_seed20261002,M2,2,20261002,23,0.8130775050840516,0.4787584642569224,0.5012722611427307,0.5542239512785352,0.46887510206799765,2.558210770289103
M2_fold2_seed20261002,M2,2,20261002,24,0.8112093086043993,0.4680977364381154,0.4905191957950592,0.5445043072302036,0.4634161398297591,2.5448469320933023
M2_fold2_seed20261002,M2,2,20261002,25,0.8093670248985291,0.4570755461851756,0.47939130663871765,0.5342447356460305,0.45769264875686316,2.536624272664388
M2_fold2_seed20261002,M2,2,20261002,26,0.8075350056856107,0.44542956352233887,0.4676543076833089,0.5233801757726838,0.4517010364382891,2.5328585306803384
M2_fold2_seed20261002,M2,2,20261002,27,0.8056956823961234,0.43312908212343854,0.4552561442057292,0.5118363812630874,0.44561408549750653,2.5167369842529297
M2_fold2_seed20261002,M2,2,20261002,28,0.8038329893634433,0.42017550269762677,0.442248394091924,0.4995282989329765,0.4394906816420692,2.5052148501078286
M2_fold2_seed20261002,M2,2,20261002,29,0.8019258900620472,0.40634838740030926,0.4283389051755269,0.48636148241426685,0.43313689178643716,2.497161944707235
M2_fold2_seed20261002,M2,2,20261002,30,0.7999514844682482,0.3917677203814189,0.41370850801467896,0.47222826112385013,0.4264893881097491,2.487746238708496
M2_fold2_seed20261002,M2,2,20261002,31,0.7978724574529996,0.376079797744751,0.3979506691296895,0.4570094390625393,0.4194200937833721,2.4848126570383706
M2_fold2_seed20261002,M2,2,20261002,32,0.7956504629304012,0.35920657714207965,0.38102294007937115,0.44057394470420486,0.4122585774967206,2.475989739100138
M2_fold2_seed20261002,M2,2,20261002,33,0.7932427965029322,0.3412530819574992,0.36298728982607525,0.4227836411777442,0.4045245791865658,2.4649318059285483
M2_fold2_seed20261002,M2,2,20261002,34,0.7905888095790264,0.32193265358606976,0.3436119159062703,0.4034993723845951,0.3967447375919708,2.4664146900177
M2_fold2_seed20261002,M2,2,20261002,35,0.7876068756693886,0.30107467373212177,0.32268664240837097,0.38259951109321916,0.38851287142899205,2.454068422317505
M2_fold2_seed20261002,M2,2,20261002,36,0.7842067612542046,0.27868510286013287,0.3002591033776601,0.3600070141364393,0.3798178936366626,2.4528635342915854
M2_fold2_seed20261003,M2,2,20261003,1,1.0151177247365315,0.8373659451802572,0.8597077131271362,0.9023906071581496,0.009268276364800274,2.5330992539723716
M2_fold2_seed20261003,M2,2,20261003,2,1.0075368285179138,0.825220505396525,0.8474098642667135,0.8947298080988058,0.009268722567929452,2.513216495513916
M2_fold2_seed20261003,M2,2,20261003,3,1.001072261068556,0.8157457709312439,0.8378276228904724,0.887500515853848,0.009269528579735392,2.4986751079559326
M2_fold2_seed20261003,M2,2,20261003,4,0.995243693391482,0.8067764639854431,0.8287156422932943,0.8805591876410672,0.009271005609254977,2.4923011461893716
M2_fold2_seed20261003,M2,2,20261003,5,0.9898571173350016,0.7981263995170593,0.8199430306752523,0.8738439492469298,0.00927483434847048,2.470188856124878
M2_fold2_seed20261003,M2,2,20261003,6,0.9848643740018209,0.7899006803830465,0.8116173148155212,0.867313844646887,0.00928717261864522,2.462161143620809
M2_fold2_seed20261003,M2,2,20261003,7,0.9801438961710248,0.7817536989847819,0.8033544818560282,0.8609382767592046,0.009327559224995641,2.45377508799235
M2_fold2_seed20261003,M2,2,20261003,8,0.9756917506456375,0.7737673123677572,0.7952773769696554,0.8546901814867159,0.00946038881077807,2.4393301010131836
M2_fold2_seed20261003,M2,2,20261003,9,0.9714868620589927,0.7658875981966654,0.7873102029164633,0.848544818773255,0.009843549616061681,2.4269843896230063
M2_fold2_seed20261003,M2,2,20261003,10,0.9674948255221049,0.7580469449361166,0.7793803413709005,0.842479850853806,0.010769366669033794,2.421147425969442
M2_fold2_seed20261003,M2,2,20261003,11,0.9637202512134205,0.7503995299339294,0.7716703017552694,0.836473310956517,0.012711876181656458,2.4105169773101807
M2_fold2_seed20261003,M2,2,20261003,12,0.9601271864440706,0.7426369786262512,0.7638188004493713,0.8305041413052288,0.016806447215284986,2.3974902629852295
M2_fold2_seed20261003,M2,2,20261003,13,0.9567267008316822,0.7349318265914917,0.7560271620750427,0.8245513871171611,0.026330158005805376,2.391042868296305
M2_fold2_seed20261003,M2,2,20261003,14,0.9535122967901684,0.7271735072135925,0.7482090989748637,0.8185942956874682,0.04632145285581244,2.387798547744751
M2_fold2_seed20261003,M2,2,20261003,15,0.9504706011878119,0.7193330923716227,0.7403079469998678,0.8126116527785061,0.0794572212056461,2.3768701553344727
M2_fold2_seed20261003,M2,2,20261003,16,0.9476015592614809,0.7115128835042318,0.7324404915173849,0.8065821012456512,0.11863867925161947,2.3704796632130942
M2_fold2_seed20261003,M2,2,20261003,17,0.9448914025344101,0.7032989859580994,0.7241718371709188,0.8004836223880051,0.15058470460505768,2.366649548212687
M2_fold2_seed20261003,M2,2,20261003,18,0.9423272433104338,0.6951457460721334,0.7159607807795206,0.7942935393206472,0.16984083306733602,2.3566695054372153
M2_fold2_seed20261003,M2,2,20261003,19,0.9399117064057735,0.6866637667020162,0.70744256178538,0.7879880053867913,0.17945442183122964,2.3546329339345298
M2_fold2_seed20261003,M2,2,20261003,20,0.9376415501038233,0.6779792507489523,0.6987117131551107,0.7815405687044461,0.18489426990002808,2.352711041768392
M2_fold2_seed20261003,M2,2,20261003,21,0.9355192108759804,0.669053316116333,0.6897302071253458,0.774922705526492,0.1893461652488744,2.3400346438090005
M2_fold2_seed20261003,M2,2,20261003,22,0.93352902748368,0.6597652435302734,0.6804128090540568,0.7681018361321971,0.19332064861149023,2.340493122736613
M2_fold2_seed20261003,M2,2,20261003,23,0.9316855859065402,0.6501325766245524,0.6707594593365988,0.7610421243888283,0.19694466007287237,2.334080378214518
M2_fold2_seed20261003,M2,2,20261003,24,0.9299670259157816,0.6401849985122681,0.6607644160588583,0.7537024146237058,0.20028705711023248,2.330160220464071
M2_fold2_seed20261003,M2,2,20261003,25,0.9283819762865703,0.6295743783315023,0.6501257419586182,0.7460349316986591,0.20339833919541045,2.3312292098999023
M2_fold2_seed20261003,M2,2,20261003,26,0.9269215770256825,0.6184354027112325,0.6389366388320923,0.7379833140993972,0.20635139993825435,2.322070757548014
M2_fold2_seed20261003,M2,2,20261003,27,0.9255852552107823,0.6066458423932394,0.6271265347798666,0.7294814158727929,0.2089904730469876,2.320993979771932
M2_fold2_seed20261003,M2,2,20261003,28,0.9243676414092382,0.594050665696462,0.6145103772481283,0.7204483724621216,0.2112946513027094,2.3173259099324546
M2_fold2_seed20261003,M2,2,20261003,29,0.9232603750009646,0.5807334780693054,0.6011771559715271,0.7107862884338013,0.21332785803321686,2.3179065386454263
M2_fold2_seed20261003,M2,2,20261003,30,0.922258632712894,0.5663111011187235,0.5867241621017456,0.7003746258381152,0.21503486026922417,2.3111794789632163
M2_fold2_seed20261003,M2,2,20261003,31,0.9213493812468744,0.5507890780766805,0.5712117751439413,0.6890609577589456,0.21648621993698386,2.3167197704315186
M2_fold2_seed20261003,M2,2,20261003,32,0.9205208600809177,0.5338403185208639,0.5542378822962443,0.6766508756175098,0.21768031461919987,2.308926264444987
M2_fold2_seed20261003,M2,2,20261003,33,0.9197534563565495,0.5155130724112192,0.5358754992485046,0.6628915216308923,0.21864707761951685,2.3043411572774253
M2_fold2_seed20261003,M2,2,20261003,34,0.9190179606278738,0.4952521125475566,0.5156109631061554,0.6474471721216645,0.21942265041514092,2.3028647899627686
M2_fold2_seed20261003,M2,2,20261003,35,0.9182668311255319,0.4728901187578837,0.4932375450929006,0.6298621791450258,0.2200313773582469,2.300934314727783
M2_fold2_seed20261003,M2,2,20261003,36,0.9174437887138791,0.44802600145339966,0.4683682421843211,0.6095063561160007,0.22048488120119425,2.2992211182912192
M2_fold2_seed20261004,M2,2,20261004,1,0.9960229396820068,0.7331165671348572,0.7583803137143453,0.8209020236029005,0.009334755405022021,2.8884305159250894
M2_fold2_seed20261004,M2,2,20261004,2,0.9898955523967743,0.7195737163225809,0.7445931831995646,0.8119836158955605,0.009447296676155355,2.847677310307821
M2_fold2_seed20261004,M2,2,20261004,3,0.9851222038269043,0.7087934811909994,0.7335380514462789,0.8033435980445974,0.009817055218686246,2.821096420288086
M2_fold2_seed20261004,M2,2,20261004,4,0.9809078921874365,0.6985326409339905,0.7230212291081747,0.7948970455711419,0.011129414531608471,2.795625368754069
M2_fold2_seed20261004,M2,2,20261004,5,0.9770789941151937,0.6883387764294943,0.7125745415687561,0.7865895480476184,0.015647415772521846,2.763956626256307
M2_fold2_seed20261004,M2,2,20261004,6,0.9735061261388991,0.6783897876739502,0.7024668653806051,0.7783747391335657,0.029061022143594722,2.747624158859253
M2_fold2_seed20261004,M2,2,20261004,7,0.9701658487319946,0.6684236725171407,0.6922447880109152,0.7702108436825501,0.0615285629874081,2.7133919397989907
M2_fold2_seed20261004,M2,2,20261004,8,0.9670396049817404,0.658558984597524,0.6821737090746561,0.7620571163242266,0.11720309180350681,2.687570015589396
M2_fold2_seed20261004,M2,2,20261004,9,0.9641089042027792,0.648679514726003,0.672088086605072,0.7538723511626544,0.1696821630676252,2.6624812285105386
M2_fold2_seed20261004,M2,2,20261004,10,0.9613400359948476,0.6386392116546631,0.6618843674659729,0.7456153901589949,0.19609491291522718,2.6508914629618325
M2_fold2_seed20261004,M2,2,20261004,11,0.9587099624402595,0.6284363269805908,0.6515044172604879,0.737244914420125,0.20574169001332038,2.634167273839315
M2_fold2_seed20261004,M2,2,20261004,12,0.9562122424443563,0.6180644234021505,0.640956461429596,0.7287180948078623,0.21141486198417514,2.6120447317759194
M2_fold2_seed20261004,M2,2,20261004,13,0.9538464469787402,0.6077032287915548,0.6304364204406738,0.7199918558521364,0.21604405059625847,2.594350735346476
M2_fold2_seed20261004,M2,2,20261004,14,0.9515880984919411,0.5967116157213846,0.6193252007166544,0.7110194039242129,0.22037644974605147,2.576721509297689
M2_fold2_seed20261004,M2,2,20261004,15,0.9494413759973314,0.5857556859652201,0.608225146929423,0.7017503362346923,0.22451745915709084,2.5644023418426514
M2_fold2_seed20261004,M2,2,20261004,16,0.9473700858652592,0.5742645462354025,0.5966141819953918,0.692128800935815,0.22837091504829168,2.5514678955078125
M2_fold2_seed20261004,M2,2,20261004,17,0.9453904827435812,0.5625205238660177,0.584756076335907,0.6820936807128172,0.23182622185532453,2.536085923512777
M2_fold2_seed20261004,M2,2,20261004,18,0.9434707462787628,0.5500192046165466,0.5721175074577332,0.6715756629385993,0.2344127424176839,2.5175769329071045
M2_fold2_seed20261004,M2,2,20261004,19,0.9415996775292513,0.5370713075002035,0.5590720375378927,0.6604947698308573,0.2367702935582214,2.5089070002237954
M2_fold2_seed20261004,M2,2,20261004,20,0.9397657136122386,0.5236117045084635,0.5455038944880167,0.6487584230434662,0.238502043081413,2.4915632406870523
M2_fold2_seed20261004,M2,2,20261004,21,0.9379460981913975,0.5092846651872,0.531091034412384,0.6362585550122387,0.2396608128517752,2.486847241719564
M2_fold2_seed20261004,M2,2,20261004,22,0.9361222395391176,0.49423888325691223,0.5159498850504557,0.6228675867610748,0.23999613039621623,2.4709650675455728
M2_fold2_seed20261004,M2,2,20261004,23,0.9342647635418436,0.47810234626134235,0.49970128138860065,0.6084326873862045,0.2395019329580919,2.46036434173584
M2_fold2_seed20261004,M2,2,20261004,24,0.9323359893427955,0.4608134726683299,0.4823579986890157,0.5927692001165694,0.23826543114579105,2.4589335123697915
M2_fold2_seed20261004,M2,2,20261004,25,0.9302941958109537,0.44221917788187665,0.4636826018492381,0.5756535718769772,0.23639229669600792,2.445500135421753
M2_fold2_seed20261004,M2,2,20261004,26,0.9280787461843246,0.4221967061360677,0.4435761074225108,0.5568120714187184,0.23371262362514275,2.4445751508076987
M2_fold2_seed20261004,M2,2,20261004,27,0.9256129794650607,0.40039221445719403,0.4217124084631602,0.5359274164598011,0.2304657796428201,2.4303572177886963
M2_fold2_seed20261004,M2,2,20261004,28,0.9228028101580483,0.3765377302964528,0.3977918525536855,0.512633476396428,0.2269867692405005,2.4327268600463867
M2_fold2_seed20261004,M2,2,20261004,29,0.9195069883061552,0.3504766921202342,0.37164437770843506,0.4865052698168203,0.22350790851156543,2.4130833943684897
M2_fold2_seed20261004,M2,2,20261004,30,0.9155409144030677,0.3218251367410024,0.3429502248764038,0.4571103764810886,0.22031053433114697,2.4103330771128335
M2_fold2_seed20261004,M2,2,20261004,31,0.9106731946750354,0.29071758190790814,0.31179942687352497,0.42412468122486113,0.21751853212925254,2.4067320823669434
M2_fold2_seed20261004,M2,2,20261004,32,0.9046201817691326,0.25749630729357403,0.2785198390483856,0.38760558485361385,0.2152491142088844,2.404317299524943
M2_fold2_seed20261004,M2,2,20261004,33,0.8970937463972304,0.22311381498972574,0.24410190681616464,0.3484350951254503,0.213452943700106,2.3955913384755454
M2_fold2_seed20261004,M2,2,20261004,34,0.8879098395506541,0.18956856429576874,0.21052729586760202,0.30871682773451375,0.21215149290712648,2.3943758805592856
M2_fold2_seed20261004,M2,2,20261004,35,0.8771044881570906,0.15933515628178915,0.18025394777456918,0.2714939580304832,0.21131252983283857,2.3914271195729575
M2_fold2_seed20261004,M2,2,20261004,36,0.8649684383913323,0.13423057148853937,0.15512835482756296,0.23949897777268805,0.210951360540707,2.3932039737701416
M2_fold2_seed20261005,M2,2,20261005,1,0.8139167626698812,0.5985183318456014,0.6236445705095927,0.5952882914474118,0.2876408968484063,2.862263282140096
M2_fold2_seed20261005,M2,2,20261005,2,0.8095027705033621,0.5892672538757324,0.6140793760617574,0.5887845951933456,0.29593480921136583,2.8267409006754556
M2_fold2_seed20261005,M2,2,20261005,3,0.8060347239176432,0.5817307233810425,0.606173555056254,0.5823054380576479,0.3041889542257175,2.7873992125193277
M2_fold2_seed20261005,M2,2,20261005,4,0.8029927263657252,0.5742782950401306,0.5983905792236328,0.5758532083579971,0.3123753267610504,2.742913007736206
M2_fold2_seed20261005,M2,2,20261005,5,0.8001928488413493,0.5668658415476481,0.5906683206558228,0.5694117821616653,0.32039469727959846,2.7180138429005942
M2_fold2_seed20261005,M2,2,20261005,6,0.7975870337751176,0.5595497687657675,0.5830459992090861,0.5629629174550234,0.3281214965043178,2.676460107167562
M2_fold2_seed20261005,M2,2,20261005,7,0.7951240936915079,0.5519433319568634,0.5751504103342692,0.556488338964858,0.3354512101741325,2.6421549320220947
M2_fold2_seed20261005,M2,2,20261005,8,0.7927952980001768,0.5443590581417084,0.5673741698265076,0.5499649341174422,0.34260292500496137,2.6231331825256348
M2_fold2_seed20261005,M2,2,20261005,9,0.7905872221346255,0.53669872879982,0.5594759782155355,0.5433679954705585,0.34931211710976917,2.5993003050486245
M2_fold2_seed20261005,M2,2,20261005,10,0.7884864926338195,0.5286888281504313,0.5512479543685913,0.5366719826759038,0.3554089388345138,2.5726211071014404
M2_fold2_seed20261005,M2,2,20261005,11,0.7864745187036919,0.5206246972084045,0.5430226425329844,0.5298479690680653,0.36092258028952146,2.5491889317830405
M2_fold2_seed20261005,M2,2,20261005,12,0.7845423933532503,0.5122426648934683,0.5344426731268564,0.5228658550832244,0.36583055033140194,2.525967995325724
M2_fold2_seed20261005,M2,2,20261005,13,0.7826881561523829,0.5036047200361887,0.5256616671880087,0.5156948944553721,0.36976497651573115,2.5084685484568277
M2_fold2_seed20261005,M2,2,20261005,14,0.7809199435370309,0.4947132468223572,0.516618033250173,0.5082987505409841,0.37261193526910114,2.493897279103597
M2_fold2_seed20261005,M2,2,20261005,15,0.7792092031902738,0.4854622483253479,0.5072749753793081,0.5006378857804762,0.37452009541265063,2.482454538345337
M2_fold2_seed20261005,M2,2,20261005,16,0.7775614708662033,0.4757501184940338,0.49741530418395996,0.49267050344041635,0.37549283418701196,2.463874260584513
M2_fold2_seed20261005,M2,2,20261005,17,0.7759598902627534,0.4657292465368907,0.4873133103052775,0.48434961144389715,0.3757024577507376,2.4533793926239014
M2_fold2_seed20261005,M2,2,20261005,18,0.7744001105979637,0.45509398976961773,0.47657177845637005,0.47562214856509083,0.3753983071275697,2.435373147328695
M2_fold2_seed20261005,M2,2,20261005,19,0.7728648405326041,0.44399020075798035,0.4653781255086263,0.4664288031958281,0.37409611847498503,2.4297417799631753
M2_fold2_seed20261005,M2,2,20261005,20,0.7713457703590393,0.43221960465113324,0.4535166621208191,0.45670107948793,0.3720803459473941,2.4161130587259927
M2_fold2_seed20261005,M2,2,20261005,21,0.7698172822831169,0.41972283522288006,0.440953532854716,0.44636329697341837,0.3692813219461143,2.41009251276652
M2_fold2_seed20261005,M2,2,20261005,22,0.7682629850777712,0.40630480647087097,0.42746715744336444,0.43532632055331216,0.3655719470996045,2.4018736680348716
M2_fold2_seed20261005,M2,2,20261005,23,0.7666543221128159,0.3920556803544362,0.41312994559605914,0.42348807662105037,0.3615369967396166,2.3944148222605386
M2_fold2_seed20261005,M2,2,20261005,24,0.7649582061502669,0.37668079137802124,0.39772772789001465,0.4107298573614053,0.3566700541539014,2.391350746154785
M2_fold2_seed20261005,M2,2,20261005,25,0.7631390333175659,0.3601544499397278,0.3811425566673279,0.39691200056603065,0.35124958629842307,2.3837685585021973
M2_fold2_seed20261005,M2,2,20261005,26,0.7611331855639433,0.34231704473495483,0.36327052116394043,0.3818689414038446,0.345344867637955,2.3790136178334556
M2_fold2_seed20261005,M2,2,20261005,27,0.7588827941152785,0.3229655921459198,0.34387534856796265,0.36541255480744755,0.33878562083098845,2.368628660837809
M2_fold2_seed20261005,M2,2,20261005,28,0.7562836245411918,0.30174653728802997,0.32259055972099304,0.3473312942217521,0.3319415731334749,2.364887555440267
M2_fold2_seed20261005,M2,2,20261005,29,0.7532154294266098,0.27873311440149945,0.29954832792282104,0.32740847373253584,0.3246727436291346,2.3622454007466636
M2_fold2_seed20261005,M2,2,20261005,30,0.7495109895865123,0.25354963541030884,0.27433426678180695,0.3054632019247747,0.317076232733578,2.352477232615153
M2_fold2_seed20261005,M2,2,20261005,31,0.7449680560378618,0.2264571189880371,0.24722628792126974,0.2814514216608518,0.3095025148672786,2.35322372118632
M2_fold2_seed20261005,M2,2,20261005,32,0.7393469630430142,0.1978882054487864,0.21861168245474497,0.25566405973985906,0.3019448534164207,2.350483020146688
M2_fold2_seed20261005,M2,2,20261005,33,0.7324332089135142,0.16895335415999094,0.18965257704257965,0.22902324510708075,0.2944848368804807,2.3489094575246177
M2_fold2_seed20261005,M2,2,20261005,34,0.7241241113812316,0.141425592203935,0.16208326319853464,0.20325257423230964,0.28750055065721714,2.3432044188181558
M2_fold2_seed20261005,M2,2,20261005,35,0.7145100130921318,0.11721825848023097,0.13786148776610693,0.18038357795769175,0.2815298183515032,2.3435571988423667
M2_fold2_seed20261005,M2,2,20261005,36,0.7038525944506681,0.09743364403645198,0.11806198457876842,0.161648794440624,0.27714774175562795,2.3401803970336914
M2_fold2_seed20261006,M2,2,20261006,1,0.8775757352511088,0.6707236369450887,0.6970037420590719,0.6697215950123653,0.017483440047517347,2.9903151194254556
M2_fold2_seed20261006,M2,2,20261006,2,0.8719505767027537,0.6603619456291199,0.6861589749654134,0.6623812492629362,0.024164379129124086,2.9372361501057944
M2_fold2_seed20261006,M2,2,20261006,3,0.8670194612609016,0.6517836650212606,0.6771534283955892,0.6553025517084483,0.03914584662821768,2.895037571589152
M2_fold2_seed20261006,M2,2,20261006,4,0.8624782661596934,0.6435039242108663,0.6684968074162801,0.648440288586078,0.08297151862261644,2.8392879962921143
M2_fold2_seed20261006,M2,2,20261006,5,0.8582497119903565,0.6354930400848389,0.6601019104321798,0.6417584324262438,0.17599571152739044,2.8117903073628745
M2_fold2_seed20261006,M2,2,20261006,6,0.8542773856057061,0.6274851361910502,0.6517498890558878,0.6352245880672905,0.28425145837627824,2.7580148379007974
M2_fold2_seed20261006,M2,2,20261006,7,0.8505462294533139,0.6196466286977133,0.6436186830202738,0.6288048818474057,0.3728852224915617,2.721579154332479
M2_fold2_seed20261006,M2,2,20261006,8,0.8470293010274569,0.6118627190589905,0.6355157494544983,0.6224645997022579,0.42566243062316966,2.684296449025472
M2_fold2_seed20261006,M2,2,20261006,9,0.8437241337917469,0.6040281454722086,0.627423624197642,0.6161670346745872,0.4513263741935961,2.672593434651693
M2_fold2_seed20261006,M2,2,20261006,10,0.8406291623910268,0.5961782336235046,0.619356612364451,0.6098735006828412,0.4626670206222269,2.6485188802083335
M2_fold2_seed20261006,M2,2,20261006,11,0.8377050757408142,0.5881607135136923,0.6111351450284322,0.603545178167789,0.4678766038045451,2.61289119720459
M2_fold2_seed20261006,M2,2,20261006,12,0.8349749081664615,0.5800436437129974,0.60281902551651,0.5971441560687563,0.46973805980741123,2.584568818410238
M2_fold2_seed20261006,M2,2,20261006,13,0.8324115505585303,0.5717001458009084,0.594301700592041,0.5906312979257349,0.46956559751236737,2.570457379023234
M2_fold2_seed20261006,M2,2,20261006,14,0.8299997079940069,0.5631982485453287,0.5856216053167979,0.583967497774485,0.4672974727034181,2.5533271630605063
M2_fold2_seed20261006,M2,2,20261006,15,0.827736849255032,0.5543249150117239,0.576629122098287,0.5771110764376043,0.46386342524407054,2.5280609925587973
M2_fold2_seed20261006,M2,2,20261006,16,0.8256174723307291,0.5451730887095133,0.567317267258962,0.5700184258888137,0.45895198896563877,2.5205220381418862
M2_fold2_seed20261006,M2,2,20261006,17,0.8236235941157621,0.5356717805067698,0.5577042599519094,0.5626428181186942,0.45268897876242753,2.506012201309204
M2_fold2_seed20261006,M2,2,20261006,18,0.8217517910180269,0.5256892840067545,0.5476302206516266,0.5549338004770317,0.44529285864576545,2.4935406843821206
M2_fold2_seed20261006,M2,2,20261006,19,0.8199898715604815,0.5152131815751394,0.5370407501856486,0.5468357667403638,0.4368738001770796,2.4748104413350425
M2_fold2_seed20261006,M2,2,20261006,20,0.8183295557896296,0.504204789797465,0.5259449382623037,0.538285591112859,0.427642051493668,2.469191312789917
M2_fold2_seed20261006,M2,2,20261006,21,0.8167516655392117,0.49252594510714215,0.514147569735845,0.5292136699877591,0.41775898118122956,2.4592414697011313
M2_fold2_seed20261006,M2,2,20261006,22,0.8152558162356868,0.48009918133417767,0.5016714135805765,0.5195365377912732,0.40766425324120287,2.451669931411743
M2_fold2_seed20261006,M2,2,20261006,23,0.8138092445290607,0.4668242832024892,0.4883258541425069,0.5091573515935749,0.39729126589265784,2.4419304529825845
M2_fold2_seed20261006,M2,2,20261006,24,0.8124013534850545,0.45274777213732403,0.4741831620534261,0.4979621127082707,0.38719501874848017,2.4335415363311768
M2_fold2_seed20261006,M2,2,20261006,25,0.8110111697514852,0.43740156292915344,0.4587489763895671,0.4858132641037804,0.37724526207195164,2.4185794989267984
M2_fold2_seed20261006,M2,2,20261006,26,0.809602854343561,0.4210314055283864,0.4423452814420064,0.4725447664406625,0.36774156653404216,2.420712868372599
M2_fold2_seed20261006,M2,2,20261006,27,0.8081353409790698,0.40316317478815716,0.42441366116205853,0.4579513626903693,0.3589627433756531,2.4095176060994468
M2_fold2_seed20261006,M2,2,20261006,28,0.8065534021173205,0.38354525963465375,0.4047473867734273,0.44178148335797124,0.35036965293067324,2.4131058057149253
M2_fold2_seed20261006,M2,2,20261006,29,0.8047841801040474,0.36229761441548664,0.38344934582710266,0.42372726837035957,0.34276560057795985,2.402161121368408
M2_fold2_seed20261006,M2,2,20261006,30,0.802725621064504,0.338798721631368,0.35991784930229187,0.40341975840675875,0.33604386601422237,2.402375062306722
M2_fold2_seed20261006,M2,2,20261006,31,0.8002506943159206,0.31311020255088806,0.33421026666959125,0.3804478888451085,0.32960998738586617,2.395165125528971
M2_fold2_seed20261006,M2,2,20261006,32,0.7971754794319471,0.2850383520126343,0.3060704270998637,0.3544338977730907,0.3237078968840057,2.3908708095550537
M2_fold2_seed20261006,M2,2,20261006,33,0.7932790764654526,0.2545964866876602,0.27560604612032574,0.3252439061408378,0.31795196434755174,2.3884096145629883
M2_fold2_seed20261006,M2,2,20261006,34,0.7883223301055384,0.2229118843873342,0.24389022092024484,0.29342409315522666,0.3117789621506811,2.387925306955973
M2_fold2_seed20261006,M2,2,20261006,35,0.7821083159673782,0.19130157430966696,0.21225391328334808,0.26075910646409983,0.3052724795729391,2.386177937189738
M2_fold2_seed20261006,M2,2,20261006,36,0.7745747880803214,0.1619164894024531,0.18287965655326843,0.23020945732938577,0.2976120339790781,2.3904507160186768
M2_fold3_seed20261002,M2,3,20261002,1,0.8658266961574554,0.6640557795763016,0.6984822005033493,0.6313188790331421,0.29766257561628406,3.0750283002853394
M2_fold3_seed20261002,M2,3,20261002,2,0.8595224246382713,0.6509346663951874,0.6847925037145615,0.6227126283779697,0.31836434245604833,3.033463776111603
M2_fold3_seed20261002,M2,3,20261002,3,0.8541181236505508,0.6397662162780762,0.673009991645813,0.6149326804289369,0.33076262558127384,2.98164165019989
M2_fold3_seed20261002,M2,3,20261002,4,0.8491709679365158,0.6290346384048462,0.6617797762155533,0.6075927256305376,0.33890690552260166,2.9334641098976135
M2_fold3_seed20261002,M2,3,20261002,5,0.8445811361074448,0.6185347139835358,0.6507260352373123,0.6005347574497714,0.3452611889418105,2.8862534761428833
M2_fold3_seed20261002,M2,3,20261002,6,0.840277262032032,0.6082535982131958,0.6399830281734467,0.5936509062691525,0.34998282433216166,2.8497801423072815
M2_fold3_seed20261002,M2,3,20261002,7,0.8362554013729095,0.5981116741895676,0.6294533461332321,0.5868575753452755,0.35270716624246923,2.8007405400276184
M2_fold3_seed20261002,M2,3,20261002,8,0.8324655871838331,0.5880047231912613,0.6189255565404892,0.5800842964988896,0.35454804908558973,2.776727259159088
M2_fold3_seed20261002,M2,3,20261002,9,0.8288820882638296,0.5778258889913559,0.6083218306303024,0.573267542378983,0.35483287891945836,2.7311593294143677
M2_fold3_seed20261002,M2,3,20261002,10,0.8255223751068115,0.5676732361316681,0.5978778898715973,0.5663449179209015,0.35354739986088357,2.7108553647994995
M2_fold3_seed20261002,M2,3,20261002,11,0.8223592964085665,0.5574062392115593,0.5873087868094444,0.559255010247081,0.3514051480468036,2.681914269924164
M2_fold3_seed20261002,M2,3,20261002,12,0.8193577552835146,0.5468464493751526,0.5764384418725967,0.5519397107013034,0.3487585793808535,2.6473454236984253
M2_fold3_seed20261002,M2,3,20261002,13,0.8165154434167422,0.5360818803310394,0.565452441573143,0.5443380880387649,0.3454937342623342,2.628564715385437
M2_fold3_seed20261002,M2,3,20261002,14,0.8138188113059316,0.5250925868749619,0.5541862472891808,0.5363863132999694,0.3414753251162954,2.6055681705474854
M2_fold3_seed20261002,M2,3,20261002,15,0.8112452775239944,0.5135384351015091,0.5425135791301727,0.528014958703688,0.33682576167174333,2.591058909893036
M2_fold3_seed20261002,M2,3,20261002,16,0.8087794436141849,0.501581571996212,0.5303011164069176,0.519148950008733,0.331758708918216,2.572224736213684
M2_fold3_seed20261002,M2,3,20261002,17,0.8064034440938164,0.48901964724063873,0.5175761803984642,0.5097032615575436,0.326390132259659,2.5538836121559143
M2_fold3_seed20261002,M2,3,20261002,18,0.8040921812256178,0.4757883697748184,0.5041755735874176,0.49957904836759054,0.3207753751107198,2.5416062474250793
M2_fold3_seed20261002,M2,3,20261002,19,0.8018251798654857,0.46179328113794327,0.4900516867637634,0.4886618895403776,0.3149442681192699,2.529911756515503
M2_fold3_seed20261002,M2,3,20261002,20,0.7995733998715877,0.4469566121697426,0.4750826060771942,0.47681870025112544,0.3089577675300336,2.5165428519248962
M2_fold3_seed20261002,M2,3,20261002,21,0.7973022432554335,0.43098854273557663,0.4589831978082657,0.46389082793141667,0.3028990724746521,2.5041075348854065
M2_fold3_seed20261002,M2,3,20261002,22,0.794967657463117,0.4139096662402153,0.44179555773735046,0.4496873266777253,0.29693469967403113,2.49713397026062
M2_fold3_seed20261002,M2,3,20261002,23,0.7925160164418428,0.3953835368156433,0.42314306646585464,0.4339823263111261,0.2910935935730209,2.4849491715431213
M2_fold3_seed20261002,M2,3,20261002,24,0.7898852738241354,0.3753211051225662,0.4030136466026306,0.41650630935797534,0.2852720140228382,2.4770658016204834
M2_fold3_seed20261002,M2,3,20261002,25,0.7869798302650451,0.3533908948302269,0.38098423928022385,0.39694813355790476,0.2796961551959068,2.469618558883667
M2_fold3_seed20261002,M2,3,20261002,26,0.7836854096788627,0.3293958008289337,0.3568631112575531,0.37497354920395876,0.2745753057360926,2.458128035068512
M2_fold3_seed20261002,M2,3,20261002,27,0.7798513924634015,0.3031758591532707,0.330560564994812,0.3502758484205534,0.2696446140040965,2.4470227360725403
M2_fold3_seed20261002,M2,3,20261002,28,0.775282371789217,0.27459341660141945,0.3019098900258541,0.32271001205113575,0.2648812287754809,2.442270040512085
M2_fold3_seed20261002,M2,3,20261002,29,0.7697351528652783,0.24387222528457642,0.27111630514264107,0.29253961645606896,0.26068293105632395,2.436108708381653
M2_fold3_seed20261002,M2,3,20261002,30,0.7629474426309267,0.21161144971847534,0.23878129199147224,0.26078880504912894,0.2567241811075968,2.4334867000579834
M2_fold3_seed20261002,M2,3,20261002,31,0.7547119089191959,0.17936643213033676,0.20644241571426392,0.2294771013914497,0.25272349301100794,2.4238901138305664
M2_fold3_seed20261002,M2,3,20261002,32,0.7449834453873336,0.1494196131825447,0.1764373928308487,0.20121518364710733,0.24808164900389432,2.421026825904846
M2_fold3_seed20261002,M2,3,20261002,33,0.7339633332960533,0.12408877909183502,0.15106224827468395,0.17795902572892772,0.24322199860329616,2.41983699798584
M2_fold3_seed20261002,M2,3,20261002,34,0.7220213406664484,0.10439789667725563,0.13128440640866756,0.160009854740844,0.2378445866474651,2.413892924785614
M2_fold3_seed20261002,M2,3,20261002,35,0.7095432841352054,0.08995524048805237,0.11678552627563477,0.14645968076752702,0.23223169349732178,2.4092462062835693
M2_fold3_seed20261002,M2,3,20261002,36,0.6968352921927968,0.07949088606983423,0.10626610554754734,0.13619663057600645,0.22727978418351105,2.407918870449066
M2_fold3_seed20261003,M2,3,20261003,1,0.9934237152338028,0.8325254172086716,0.8608472645282745,0.9112448853967279,0.008841132606657979,2.529266119003296
M2_fold3_seed20261003,M2,3,20261003,2,0.9847516044974327,0.8185664266347885,0.846660777926445,0.8990774777795982,0.00884163251470444,2.5088985562324524
M2_fold3_seed20261003,M2,3,20261003,3,0.9771877080202103,0.8069621324539185,0.8348487615585327,0.8879158392499671,0.008842931874369315,2.491195023059845
M2_fold3_seed20261003,M2,3,20261003,4,0.9702760353684425,0.7959945499897003,0.8236754387617111,0.8773106285167127,0.008845745819621765,2.470459222793579
M2_fold3_seed20261003,M2,3,20261003,5,0.963916403055191,0.7853698134422302,0.8128725290298462,0.8670921272677895,0.008856690954659956,2.453160583972931
M2_fold3_seed20261003,M2,3,20261003,6,0.9579811642567316,0.7750269621610641,0.8023955374956131,0.8571593998203819,0.008913885848949888,2.4459012746810913
M2_fold3_seed20261003,M2,3,20261003,7,0.9524235533816474,0.7649886310100555,0.7921768426895142,0.847432025745664,0.00923883331594611,2.4238170385360718
M2_fold3_seed20261003,M2,3,20261003,8,0.947243282571435,0.7551001012325287,0.7821567803621292,0.8378399043474438,0.010751557450537281,2.414228856563568
M2_fold3_seed20261003,M2,3,20261003,9,0.9423880477746328,0.7453018724918365,0.7722108960151672,0.8283169193017555,0.016188719408265953,2.400464653968811
M2_fold3_seed20261003,M2,3,20261003,10,0.9378419905900955,0.7354618012905121,0.7622759342193604,0.8188035284398988,0.02981480976740783,2.393264591693878
M2_fold3_seed20261003,M2,3,20261003,11,0.9335930374535647,0.7257001847028732,0.7524063736200333,0.8092419583408674,0.05333973525124232,2.3831290006637573
M2_fold3_seed20261003,M2,3,20261003,12,0.9296172372996807,0.7157225459814072,0.7423141896724701,0.7995738939244065,0.08110384992816416,2.373676359653473
M2_fold3_seed20261003,M2,3,20261003,13,0.9259133831812785,0.7056761085987091,0.7321787625551224,0.7897438597210478,0.10215861615396177,2.364923894405365
M2_fold3_seed20261003,M2,3,20261003,14,0.9224707431026867,0.6954352110624313,0.7218461632728577,0.779691699828267,0.11422223785663738,2.357116460800171
M2_fold3_seed20261003,M2,3,20261003,15,0.9192697614431381,0.6846309900283813,0.7109826952219009,0.7693539273012283,0.12132320518211939,2.3519970774650574
M2_fold3_seed20261003,M2,3,20261003,16,0.9162930166348815,0.6735432893037796,0.6998428553342819,0.7586619319763508,0.12593998758541194,2.346745729446411
M2_fold3_seed20261003,M2,3,20261003,17,0.9135531923350166,0.6620492935180664,0.6882801055908203,0.7475385696289013,0.12928016874136533,2.3393450379371643
M2_fold3_seed20261003,M2,3,20261003,18,0.9110299779309167,0.6498923301696777,0.6760537773370743,0.7358929246573455,0.1322555650871998,2.3324418663978577
M2_fold3_seed20261003,M2,3,20261003,19,0.9087193380845221,0.637089416384697,0.6631966233253479,0.7236215477183,0.1351467467975418,2.325928032398224
M2_fold3_seed20261003,M2,3,20261003,20,0.906620378792286,0.623378574848175,0.6494428813457489,0.7106043462179717,0.13796770909682685,2.3265238404273987
M2_fold3_seed20261003,M2,3,20261003,21,0.9047190696001053,0.6087010502815247,0.6347060352563858,0.6966919218007018,0.1406167437966312,2.321181535720825
M2_fold3_seed20261003,M2,3,20261003,22,0.9030162204395641,0.5927926152944565,0.6187569797039032,0.6817017459057458,0.14305210882226282,2.3178154826164246
M2_fold3_seed20261003,M2,3,20261003,23,0.901494214716165,0.5755165070295334,0.6014241576194763,0.6654023317032051,0.14517521526289787,2.309312641620636
M2_fold3_seed20261003,M2,3,20261003,24,0.9001472232242426,0.5564723610877991,0.5823638439178467,0.6474992240109547,0.14691737642158006,2.306942641735077
M2_fold3_seed20261003,M2,3,20261003,25,0.8989435720443726,0.5351150929927826,0.5609628260135651,0.6276037088918179,0.14832199880158461,2.3073352575302124
M2_fold3_seed20261003,M2,3,20261003,26,0.8978512012041532,0.5113947242498398,0.5372259169816971,0.6051900857659981,0.14943883930504764,2.3027185201644897
M2_fold3_seed20261003,M2,3,20261003,27,0.8968062329071539,0.48437052220106125,0.5101672261953354,0.5795267485426333,0.1503025567053757,2.302334249019623
M2_fold3_seed20261003,M2,3,20261003,28,0.8956990965775081,0.4532102644443512,0.47899486869573593,0.5495825390818113,0.15088008600504457,2.299190402030945
M2_fold3_seed20261003,M2,3,20261003,29,0.8943476892750839,0.4170253723859787,0.44276778399944305,0.5139363238098453,0.15120140488160938,2.293792486190796
M2_fold3_seed20261003,M2,3,20261003,30,0.8924347624182701,0.3747410476207733,0.40047843009233475,0.47077328075822794,0.15121343978689297,2.291529417037964
M2_fold3_seed20261003,M2,3,20261003,31,0.889438237394056,0.32581331580877304,0.3515336588025093,0.4184654059425503,0.15098485313455953,2.29174143075943
M2_fold3_seed20261003,M2,3,20261003,32,0.8846658561378717,0.2721157409250736,0.29781992733478546,0.35813897669933786,0.15063342390067416,2.2887784242630005
M2_fold3_seed20261003,M2,3,20261003,33,0.8775208041523442,0.21904775872826576,0.2447294108569622,0.2976282944961451,0.15030691624534376,2.287326753139496
M2_fold3_seed20261003,M2,3,20261003,34,0.8679646924138069,0.17394281923770905,0.1995905488729477,0.24830556053447178,0.1500234764323119,2.2840065956115723
M2_fold3_seed20261003,M2,3,20261003,35,0.8565344484789031,0.14048700407147408,0.16610374301671982,0.21382294230718707,0.14995655625903076,2.281503677368164
M2_fold3_seed20261003,M2,3,20261003,36,0.8438987380100621,0.1172209270298481,0.14278514124453068,0.19004898057693415,0.1504199095265168,2.2778608798980713
M2_fold3_seed20261004,M2,3,20261004,1,0.971449613571167,0.7292405068874359,0.7617251425981522,0.7719506931908093,0.008992141765886605,2.908959984779358
M2_fold3_seed20261004,M2,3,20261004,2,0.9650945663452148,0.7134468406438828,0.7454923838376999,0.758785937139548,0.009305395887088405,2.8622341752052307
M2_fold3_seed20261004,M2,3,20261004,3,0.9597989370425543,0.6997934877872467,0.7313679158687592,0.74661275537941,0.010632597474753407,2.816664695739746
M2_fold3_seed20261004,M2,3,20261004,4,0.9551131278276443,0.686591625213623,0.7176968306303024,0.7349327349095661,0.017612510049826818,2.7854310274124146
M2_fold3_seed20261004,M2,3,20261004,5,0.9507933467626571,0.6734635531902313,0.7041707783937454,0.7235398688381429,0.042986225172161885,2.7474457025527954
M2_fold3_seed20261004,M2,3,20261004,6,0.9468110526601473,0.6605816632509232,0.6909289211034775,0.7122919196387192,0.08958531295087399,2.717351257801056
M2_fold3_seed20261004,M2,3,20261004,7,0.9431069429431643,0.6474573463201523,0.6774527877569199,0.7010723128212766,0.12648362169645863,2.6856985092163086
M2_fold3_seed20261004,M2,3,20261004,8,0.9396571703255177,0.6342716068029404,0.6639393270015717,0.6897761990828384,0.14495990023406086,2.6478748321533203
M2_fold3_seed20261004,M2,3,20261004,9,0.9364291032155355,0.6207475513219833,0.6501283347606659,0.6783046511220403,0.15336080789477405,2.6268537044525146
M2_fold3_seed20261004,M2,3,20261004,10,0.9334049344062805,0.6068305373191833,0.6359019875526428,0.6665595287594301,0.15820259070212278,2.6022130250930786
M2_fold3_seed20261004,M2,3,20261004,11,0.9305642789060419,0.5924734324216843,0.6213010400533676,0.6544388719129677,0.16184867577611048,2.579164147377014
M2_fold3_seed20261004,M2,3,20261004,12,0.9278866735597452,0.5774754732847214,0.6060801893472672,0.641829047444724,0.16489965000115087,2.5575509667396545
M2_fold3_seed20261004,M2,3,20261004,13,0.9253427902093301,0.5618365108966827,0.5902173072099686,0.6286006544160765,0.16748442970177088,2.5400970578193665
M2_fold3_seed20261004,M2,3,20261004,14,0.9228942011083875,0.5452120900154114,0.5733908116817474,0.6146010367064737,0.16966722862191982,2.5217684507369995
M2_fold3_seed20261004,M2,3,20261004,15,0.9205210268497467,0.527593694627285,0.5556009113788605,0.5996402911815647,0.17106458808231575,2.505369484424591
M2_fold3_seed20261004,M2,3,20261004,16,0.9181636152788997,0.5085171982645988,0.5363347008824348,0.5834843884321645,0.17195235141224957,2.487592041492462
M2_fold3_seed20261004,M2,3,20261004,17,0.9157759994268417,0.487985260784626,0.5156572610139847,0.5658506041802308,0.171512798323234,2.476500630378723
M2_fold3_seed20261004,M2,3,20261004,18,0.9132805102401309,0.4657154306769371,0.49323470145463943,0.546381609792109,0.17055428011060894,2.463308274745941
M2_fold3_seed20261004,M2,3,20261004,19,0.9105817338353709,0.4410102963447571,0.4683683067560196,0.5245909833873621,0.16904098129892706,2.447726845741272
M2_fold3_seed20261004,M2,3,20261004,20,0.9075339674949646,0.41379863768815994,0.44102387875318527,0.49983135557370406,0.16682172844314047,2.4370047450065613
M2_fold3_seed20261004,M2,3,20261004,21,0.9039412069888342,0.3833925276994705,0.4105011150240898,0.47124812133964356,0.16401361670987943,2.4299859404563904
M2_fold3_seed20261004,M2,3,20261004,22,0.899517493491823,0.34909457713365555,0.3761030361056328,0.43779242805287116,0.16098255316584092,2.416978895664215
M2_fold3_seed20261004,M2,3,20261004,23,0.8938499397557714,0.31085822731256485,0.3377811089158058,0.3984061947260496,0.1579584632335187,2.4094167947769165
M2_fold3_seed20261004,M2,3,20261004,24,0.8863755265871683,0.26859939843416214,0.29541949927806854,0.3527795989170704,0.15523782808114472,2.40175461769104
M2_fold3_seed20261004,M2,3,20261004,25,0.8764754676818848,0.22413451224565506,0.25088248774409294,0.3030445772911806,0.15287870935599326,2.395849347114563
M2_fold3_seed20261004,M2,3,20261004,26,0.863789283312284,0.18166765198111534,0.20834589377045631,0.2552159388836717,0.15084613333419924,2.3934836387634277
M2_fold3_seed20261004,M2,3,20261004,27,0.8486349742721628,0.14643414318561554,0.17305199056863785,0.2163594469416757,0.1492869732969217,2.3899200558662415
M2_fold3_seed20261004,M2,3,20261004,28,0.8318791437361922,0.12067555822432041,0.1472618542611599,0.18888787547261318,0.14824565465361852,2.3908666372299194
M2_fold3_seed20261004,M2,3,20261004,29,0.8143858650121195,0.10281473025679588,0.12935851328074932,0.17039413130391948,0.14756229888550534,2.3888365626335144
M2_fold3_seed20261004,M2,3,20261004,30,0.796760942786932,0.09064227901399136,0.1171728316694498,0.15758727469088543,0.14723632630557415,2.393302857875824
M2_fold3_seed20261004,M2,3,20261004,31,0.7793494578330747,0.08191184885799885,0.10843093320727348,0.14818562459844167,0.14718507909084078,2.398641884326935
M2_fold3_seed20261004,M2,3,20261004,32,0.7623474876163527,0.07554933428764343,0.10206008516252041,0.140898723990137,0.1473096977106982,2.398315727710724
M2_fold3_seed20261004,M2,3,20261004,33,0.7458514959523173,0.07061220612376928,0.097139080055058,0.1350294552824031,0.14764304592017852,2.4058533310890198
M2_fold3_seed20261004,M2,3,20261004,34,0.729910684420782,0.06675346102565527,0.09328237734735012,0.1301845259781842,0.14810187576688555,2.4115529656410217
M2_fold3_seed20261004,M2,3,20261004,35,0.7145395597176892,0.06362719368189573,0.09013120364397764,0.12612433751910634,0.1486767194063083,2.4112607836723328
M2_fold3_seed20261004,M2,3,20261004,36,0.6997418014539613,0.061029376462101936,0.08753910940140486,0.12268803703498754,0.14933315919356024,2.4117738604545593
M2_fold3_seed20261005,M2,3,20261005,1,0.8092362135648727,0.598662942647934,0.6303838193416595,0.5956181138565572,0.21516244163698908,2.840251624584198
M2_fold3_seed20261005,M2,3,20261005,2,0.8044000416994095,0.587671548128128,0.6188533455133438,0.5874015878752346,0.2248697253917925,2.7995667457580566
M2_fold3_seed20261005,M2,3,20261005,3,0.8004719465970993,0.5782322138547897,0.6088068038225174,0.5796088085338945,0.23399452672103283,2.7404459714889526
M2_fold3_seed20261005,M2,3,20261005,4,0.7969932109117508,0.5688703209161758,0.5988985449075699,0.571920786957287,0.24272457260281013,2.6895745992660522
M2_fold3_seed20261005,M2,3,20261005,5,0.7937747448682785,0.559394896030426,0.5889675170183182,0.5642147884097651,0.2509549683604812,2.653748393058777
M2_fold3_seed20261005,M2,3,20261005,6,0.7907741541663805,0.5496120601892471,0.5787756443023682,0.5564115999996573,0.2585245690939868,2.6134480834007263
M2_fold3_seed20261005,M2,3,20261005,7,0.7879640161991119,0.5398845374584198,0.5686816871166229,0.5484446752779948,0.2651354669560063,2.576719343662262
M2_fold3_seed20261005,M2,3,20261005,8,0.7853166200220585,0.5297840088605881,0.5582706332206726,0.5402470244846339,0.2707837418172855,2.5553990602493286
M2_fold3_seed20261005,M2,3,20261005,9,0.7828264716598723,0.5192988812923431,0.5474848076701164,0.5317535977133525,0.2758678154046883,2.5260814428329468
M2_fold3_seed20261005,M2,3,20261005,10,0.7804611176252365,0.5084682255983353,0.5364205464720726,0.5228903456124484,0.27954562494365587,2.5010005831718445
M2_fold3_seed20261005,M2,3,20261005,11,0.7782326706431129,0.4971451684832573,0.5248692259192467,0.5135785141575346,0.2827781940206433,2.4806584119796753
M2_fold3_seed20261005,M2,3,20261005,12,0.7761133015155792,0.48512861877679825,0.5126449689269066,0.5037289688683865,0.28514185975489825,2.4639981389045715
M2_fold3_seed20261005,M2,3,20261005,13,0.7740753613985502,0.4725397601723671,0.4998713508248329,0.4932387590408614,0.286954860946223,2.444902241230011
M2_fold3_seed20261005,M2,3,20261005,14,0.7721190676093102,0.4591214954853058,0.48629874736070633,0.48198777108225455,0.2876204426778104,2.4334423542022705
M2_fold3_seed20261005,M2,3,20261005,15,0.7702081183592479,0.4448784291744232,0.47193441540002823,0.4698352633619978,0.28719387567993976,2.419603943824768
M2_fold3_seed20261005,M2,3,20261005,16,0.7683202717453241,0.42937546223402023,0.45626218616962433,0.45661094027532556,0.2862909307143591,2.401909589767456
M2_fold3_seed20261005,M2,3,20261005,17,0.766411510460517,0.41278302669525146,0.43957100808620453,0.44210724817064473,0.28500037087402696,2.396054685115814
M2_fold3_seed20261005,M2,3,20261005,18,0.7644391051597066,0.39458151161670685,0.42128215730190277,0.4260706052710908,0.28247134416475456,2.386957287788391
M2_fold3_seed20261005,M2,3,20261005,19,0.762324510436309,0.37467821687459946,0.40129099041223526,0.40818354645232885,0.279139988806732,2.375375509262085
M2_fold3_seed20261005,M2,3,20261005,20,0.7599741987884044,0.3526761904358864,0.3792204186320305,0.3880528626647819,0.274678330974787,2.372479021549225
M2_fold3_seed20261005,M2,3,20261005,21,0.7572492573942456,0.32814256846904755,0.3545908182859421,0.36519676843046245,0.2700142937860816,2.3622071146965027
M2_fold3_seed20261005,M2,3,20261005,22,0.7539529339833693,0.30069945752620697,0.32708921283483505,0.3390610799597515,0.2646678955016798,2.358096659183502
M2_fold3_seed20261005,M2,3,20261005,23,0.7497911388459413,0.2700011059641838,0.29633447155356407,0.3091281848613533,0.2578901807247054,2.3509684801101685
M2_fold3_seed20261005,M2,3,20261005,24,0.7443565198530754,0.2357407845556736,0.26202818751335144,0.27529777484563667,0.24991113487372163,2.347635567188263
M2_fold3_seed20261005,M2,3,20261005,25,0.7371343985199929,0.19875935092568398,0.22498572245240211,0.23874143424095312,0.24071877993805674,2.342914402484894
M2_fold3_seed20261005,M2,3,20261005,26,0.7276572593702719,0.1613137274980545,0.18750112131237984,0.20282973932997692,0.23074600665949727,2.337991774082184
M2_fold3_seed20261005,M2,3,20261005,27,0.7158391613651205,0.12741465494036674,0.1535264030098915,0.17208685938572818,0.22093377678322557,2.332168936729431
M2_fold3_seed20261005,M2,3,20261005,28,0.7021362350455352,0.10077499412000179,0.1268440391868353,0.14878184005180425,0.21220936340433577,2.326235830783844
M2_fold3_seed20261005,M2,3,20261005,29,0.6872503816567618,0.0818619467318058,0.10788588784635067,0.13205267177661106,0.2061185961259305,2.327211022377014
M2_fold3_seed20261005,M2,3,20261005,30,0.6717985981454452,0.06913222186267376,0.09512010123580694,0.12011276958175271,0.20282257595042513,2.326729655265808
M2_fold3_seed20261005,M2,3,20261005,31,0.6562264517189995,0.06067118514329195,0.08664413914084435,0.1115677618024026,0.20228313236833367,2.3281425833702087
M2_fold3_seed20261005,M2,3,20261005,32,0.6408373367739841,0.05501200444996357,0.08096325956285,0.10547985131526567,0.20384076332454346,2.3243004083633423
M2_fold3_seed20261005,M2,3,20261005,33,0.6258187652988867,0.05115985032171011,0.07707514986395836,0.10118443275365725,0.20652893962829594,2.3190194964408875
M2_fold3_seed20261005,M2,3,20261005,34,0.6112847481580341,0.04846955416724086,0.07439287099987268,0.09818335313548744,0.2100417766964321,2.3295180201530457
M2_fold3_seed20261005,M2,3,20261005,35,0.5972909587302379,0.0464077047072351,0.07229879964143038,0.0961033404968356,0.2139032748096474,2.320360839366913
M2_fold3_seed20261005,M2,3,20261005,36,0.5838550134148035,0.04475473612546921,0.0706267524510622,0.09467230782016324,0.21722017642678412,2.317589521408081
M2_fold3_seed20261006,M2,3,20261006,1,0.8740186542272568,0.671125054359436,0.7041667401790619,0.5922171000366799,0.06592212900542026,2.9558830857276917
M2_fold3_seed20261006,M2,3,20261006,2,0.867112435400486,0.6585537493228912,0.6908459961414337,0.5846383666516718,0.14158649829101372,2.8930944204330444
M2_fold3_seed20261006,M2,3,20261006,3,0.8610686560471853,0.6476888060569763,0.679281935095787,0.5778188633412247,0.21090815387633816,2.834804952144623
M2_fold3_seed20261006,M2,3,20261006,4,0.8555379621684551,0.6372339129447937,0.6682279706001282,0.5713887196639057,0.2621147417108061,2.775083601474762
M2_fold3_seed20261006,M2,3,20261006,5,0.8504302352666855,0.6269539892673492,0.6573368608951569,0.5651740879458182,0.2977547281333463,2.7195401191711426
M2_fold3_seed20261006,M2,3,20261006,6,0.8457417264580727,0.6168463081121445,0.646768718957901,0.5590493144607696,0.320669268690824,2.679897129535675
M2_fold3_seed20261006,M2,3,20261006,7,0.8414038121700287,0.6067263185977936,0.6361900120973587,0.5529128037112624,0.3353152574386756,2.6387428641319275
M2_fold3_seed20261006,M2,3,20261006,8,0.8374047856777906,0.5965547412633896,0.6256577372550964,0.5466772819149721,0.3439774778793423,2.6125330924987793
M2_fold3_seed20261006,M2,3,20261006,9,0.8337162203258939,0.5862331986427307,0.6150185614824295,0.5402631014401661,0.3486721604481815,2.57193261384964
M2_fold3_seed20261006,M2,3,20261006,10,0.830315089225769,0.5755216628313065,0.6040375381708145,0.533597017628593,0.3504882670352529,2.552359640598297
M2_fold3_seed20261006,M2,3,20261006,11,0.8271896500479091,0.564511626958847,0.5927630364894867,0.5266048361929285,0.35026506485060205,2.525436580181122
M2_fold3_seed20261006,M2,3,20261006,12,0.824304868777593,0.5530125051736832,0.5810297876596451,0.5192102471733643,0.3482471991934943,2.508616089820862
M2_fold3_seed20261006,M2,3,20261006,13,0.8216473093399634,0.5409786552190781,0.5687827616930008,0.511331422486612,0.3437993493659354,2.4874125123023987
M2_fold3_seed20261006,M2,3,20261006,14,0.8191916825515884,0.5282811596989632,0.5558915883302689,0.502877394648185,0.33817650206372213,2.471360921859741
M2_fold3_seed20261006,M2,3,20261006,15,0.8169200797875722,0.5147255659103394,0.5421721637248993,0.49374030129277413,0.3309932608825255,2.4553889632225037
M2_fold3_seed20261006,M2,3,20261006,16,0.8148078881204128,0.50013417750597,0.5274613723158836,0.4837926825341211,0.32265898095363016,2.4409772753715515
M2_fold3_seed20261006,M2,3,20261006,17,0.812826882390415,0.48450829088687897,0.5116863772273064,0.47288290116797294,0.31384063723101,2.4296001195907593
M2_fold3_seed20261006,M2,3,20261006,18,0.8109517594178518,0.46744850277900696,0.49453243613243103,0.4608184597565163,0.3048903977799577,2.4202489256858826
M2_fold3_seed20261006,M2,3,20261006,19,0.8091232525674921,0.44878626614809036,0.47575610131025314,0.44735960551268567,0.2960081788363518,2.4106208086013794
M2_fold3_seed20261006,M2,3,20261006,20,0.8072897873818874,0.4281160458922386,0.45498620718717575,0.432201454808119,0.287659672348032,2.400832772254944
M2_fold3_seed20261006,M2,3,20261006,21,0.8053686491080693,0.4052383452653885,0.43202779442071915,0.4149478389742099,0.2796247911963433,2.3946836590766907
M2_fold3_seed20261006,M2,3,20261006,22,0.8032401102510366,0.3793943002820015,0.40609263628721237,0.3950825154382632,0.27237529795959037,2.3819572925567627
M2_fold3_seed20261006,M2,3,20261006,23,0.8007236816312956,0.35034050792455673,0.3769852966070175,0.3719572967261473,0.2664120054452002,2.383685290813446
M2_fold3_seed20261006,M2,3,20261006,24,0.7975415351490179,0.31733283400535583,0.34388068318367004,0.3448392226470633,0.2607270255077017,2.371145486831665
M2_fold3_seed20261006,M2,3,20261006,25,0.7932981884479523,0.28000278025865555,0.30650869756937027,0.3131700478619908,0.255335996783805,2.369381606578827
M2_fold3_seed20261006,M2,3,20261006,26,0.7874747468875005,0.2391444891691208,0.26561058312654495,0.27735106461250214,0.25003448296425373,2.367713749408722
M2_fold3_seed20261006,M2,3,20261006,27,0.7795702947510613,0.19725504517555237,0.22367437183856964,0.24007000452721744,0.24254195331853887,2.360913634300232
M2_fold3_seed20261006,M2,3,20261006,28,0.7694112379103899,0.15891458094120026,0.18526335433125496,0.2062640749516508,0.2333895525146003,2.357747435569763
M2_fold3_seed20261006,M2,3,20261006,29,0.7573501526795584,0.12825600989162922,0.15461614169180393,0.17957832025151754,0.22202511426225396,2.3623889088630676
M2_fold3_seed20261006,M2,3,20261006,30,0.7440185802678267,0.10625464282929897,0.13258524052798748,0.1598509880870173,0.2106904918358442,2.3589119911193848
M2_fold3_seed20261006,M2,3,20261006,31,0.7299935488450912,0.09105648472905159,0.11741002090275288,0.14519711271127086,0.201086952513725,2.369372069835663
M2_fold3_seed20261006,M2,3,20261006,32,0.7156829808373004,0.08034857362508774,0.10670295357704163,0.134035409563845,0.19474583014019328,2.3694897890090942
M2_fold3_seed20261006,M2,3,20261006,33,0.7013534278129087,0.07273486163467169,0.0990766566246748,0.12540252191906265,0.1919894124775355,2.37171471118927
M2_fold3_seed20261006,M2,3,20261006,34,0.6871815030189121,0.06710037123411894,0.0934548145160079,0.11871794196620146,0.19195175179588875,2.3711270689964294
M2_fold3_seed20261006,M2,3,20261006,35,0.6732813361499991,0.06281103100627661,0.08915233612060547,0.11357210734927639,0.19417087736208447,2.3747729063034058
M2_fold3_seed20261006,M2,3,20261006,36,0.6597310518845916,0.059519220143556595,0.08583243936300278,0.10963316601472504,0.19790214527386585,2.3733240962028503
M2_fold4_seed20261002,M2,4,20261002,1,0.8683061957359314,0.6592053294181823,0.6916725158691406,0.6917021040061044,0.2910490887952029,2.7494024515151976
M2_fold4_seed20261002,M2,4,20261002,2,0.8612077474594116,0.6440771341323852,0.6760466456413269,0.6786045934291095,0.32723328096627347,2.707419586181641
M2_fold4_seed20261002,M2,4,20261002,3,0.855081840356191,0.6308987975120545,0.6623853325843811,0.6662445596262078,0.3428590322304192,2.665544939041138
M2_fold4_seed20261002,M2,4,20261002,4,0.8494785517454148,0.6182063937187194,0.6492090463638306,0.6544317865871231,0.35197357675498997,2.627363610267639
M2_fold4_seed20261002,M2,4,20261002,5,0.8442672300338745,0.6057074069976807,0.6362807273864746,0.6430437190246119,0.35781577999052955,2.5908512830734254
M2_fold4_seed20261002,M2,4,20261002,6,0.8394670625527699,0.5934893846511841,0.623678469657898,0.63196097818959,0.36167282223114067,2.54909987449646
M2_fold4_seed20261002,M2,4,20261002,7,0.8349942002977644,0.5813225865364074,0.6111999392509461,0.6210635740062289,0.36345676394778126,2.5244949102401733
M2_fold4_seed20261002,M2,4,20261002,8,0.8308239266276359,0.5689406275749207,0.598486852645874,0.6102288229199397,0.36392878451285776,2.4929569482803347
M2_fold4_seed20261002,M2,4,20261002,9,0.8269350661171807,0.5564965546131134,0.585732388496399,0.5993294193842197,0.3632153625745937,2.4691405296325684
M2_fold4_seed20261002,M2,4,20261002,10,0.8232881557941437,0.5437139093875885,0.5727294206619262,0.5882386503137125,0.3611716971483422,2.4498809814453124
M2_fold4_seed20261002,M2,4,20261002,11,0.8198573502627287,0.5305193424224853,0.5593202590942383,0.5768289677794773,0.358388089283248,2.42616662979126
M2_fold4_seed20261002,M2,4,20261002,12,0.8166117936372757,0.5167470157146454,0.5453514277935028,0.5649608924079782,0.3547844737186009,2.406579923629761
M2_fold4_seed20261002,M2,4,20261002,13,0.8135146324451153,0.502369624376297,0.5307728111743927,0.5524788110834118,0.3501551739051364,2.393576216697693
M2_fold4_seed20261002,M2,4,20261002,14,0.8105315497943333,0.4869872987270355,0.515284675359726,0.5392107474793741,0.3447552892558644,2.3798388242721558
M2_fold4_seed20261002,M2,4,20261002,15,0.8076171755790711,0.47062472701072694,0.49874608516693114,0.524960015566263,0.33853282319369327,2.369370627403259
M2_fold4_seed20261002,M2,4,20261002,16,0.8047243013978005,0.4530304968357086,0.48098790645599365,0.5094905734230765,0.3315476877508692,2.3500168323516846
M2_fold4_seed20261002,M2,4,20261002,17,0.801789775315453,0.43397670388221743,0.4618318021297455,0.49252134207215525,0.3243180879156988,2.3415252923965455
M2_fold4_seed20261002,M2,4,20261002,18,0.7987347417407565,0.41317906975746155,0.440896475315094,0.4737060358908676,0.3170987278038448,2.3286495208740234
M2_fold4_seed20261002,M2,4,20261002,19,0.7954580231716758,0.39025683999061583,0.41789813041687013,0.4526113482297225,0.3097328095646832,2.3236638784408568
M2_fold4_seed20261002,M2,4,20261002,20,0.7918140804767608,0.364835524559021,0.39238845109939574,0.4287086089987983,0.3026542331469573,2.313426446914673
M2_fold4_seed20261002,M2,4,20261002,21,0.7876192654882158,0.3365888953208923,0.36403108239173887,0.4013835452240172,0.2959162401155174,2.302626299858093
M2_fold4_seed20261002,M2,4,20261002,22,0.7826003139669245,0.3049431085586548,0.3322744369506836,0.3700337406557589,0.2898864388094235,2.29276020526886
M2_fold4_seed20261002,M2,4,20261002,23,0.7764011175736137,0.2699076563119888,0.2971737742424011,0.33441702071444596,0.28449254133819657,2.2874618768692017
M2_fold4_seed20261002,M2,4,20261002,24,0.7685784339904785,0.23179484903812408,0.2589604765176773,0.29543015042569604,0.27978981877516995,2.2781120777130126
M2_fold4_seed20261002,M2,4,20261002,25,0.7587044401168823,0.19239804446697234,0.21946570873260499,0.2561376634590051,0.27564201843498926,2.2702467679977416
M2_fold4_seed20261002,M2,4,20261002,26,0.7466107322619512,0.1553131550550461,0.18230075836181642,0.22145509900059296,0.27117868685494617,2.2616685152053835
M2_fold4_seed20261002,M2,4,20261002,27,0.7326230985146982,0.12473313510417938,0.15164983719587327,0.19501811233107247,0.26670385408209013,2.2570801734924317
M2_fold4_seed20261002,M2,4,20261002,28,0.7174175922359739,0.10238984227180481,0.12921769320964813,0.17670705019781083,0.26190341765239683,2.2557363748550414
M2_fold4_seed20261002,M2,4,20261002,29,0.7016556655538493,0.08723529726266861,0.11400929093360901,0.1643125791712343,0.25742597311786747,2.2479661464691163
M2_fold4_seed20261002,M2,4,20261002,30,0.6858119245370229,0.07704632803797722,0.10378711894154549,0.15580783311074553,0.25444184373495454,2.251289892196655
M2_fold4_seed20261002,M2,4,20261002,31,0.6701788342768146,0.0701850637793541,0.09687780886888504,0.1498370247008483,0.2526308778787179,2.2433990478515624
M2_fold4_seed20261002,M2,4,20261002,32,0.6549286768771708,0.06530486941337585,0.0919447086751461,0.14554208775864322,0.252264312398088,2.243911027908325
M2_fold4_seed20261002,M2,4,20261002,33,0.6401607652505239,0.06174369230866432,0.0883048988878727,0.14236409664790842,0.25291265080636677,2.2358967304229735
M2_fold4_seed20261002,M2,4,20261002,34,0.6259192976881476,0.058956728875637056,0.08544723242521286,0.1399300395089405,0.2542465763792115,2.226784038543701
M2_fold4_seed20261002,M2,4,20261002,35,0.6122231656312942,0.05674155429005623,0.08316151201725006,0.1379930169445769,0.2559753359237224,2.217991280555725
M2_fold4_seed20261002,M2,4,20261002,36,0.5990691939989726,0.05490865483880043,0.08126432746648789,0.13639396157056966,0.25792270569565184,2.2149826765060423
M2_fold4_seed20261003,M2,4,20261003,1,1.006117820739746,0.834518575668335,0.8620421528816223,0.850484398897017,0.014734442065115217,2.307407546043396
M2_fold4_seed20261003,M2,4,20261003,2,0.9960487961769104,0.8183371186256408,0.845706331729889,0.8362321114244502,0.01474431837624377,2.2933916330337523
M2_fold4_seed20261003,M2,4,20261003,3,0.9869235356648763,0.8040274858474732,0.8312294363975525,0.8228780292798474,0.014781532571667505,2.278534698486328
M2_fold4_seed20261003,M2,4,20261003,4,0.9785853803157807,0.7905843377113342,0.8176316857337952,0.8101685198142419,0.015093808653152433,2.263070821762085
M2_fold4_seed20261003,M2,4,20261003,5,0.9708855366706848,0.7775652170181274,0.8044893860816955,0.7979427619944814,0.017155183460804774,2.251013898849487
M2_fold4_seed20261003,M2,4,20261003,6,0.9637482404708863,0.7649978041648865,0.7918055176734924,0.7860545015263813,0.025431561861947866,2.2412737369537354
M2_fold4_seed20261003,M2,4,20261003,7,0.9571358561515808,0.7526679635047913,0.7793792009353637,0.774366156294886,0.04690668049841573,2.232068991661072
M2_fold4_seed20261003,M2,4,20261003,8,0.9509958952665329,0.7403703212738038,0.7669812560081481,0.7627742996165512,0.0805272052799412,2.224090051651001
M2_fold4_seed20261003,M2,4,20261003,9,0.9453104005919563,0.7280583143234253,0.7545803785324097,0.7511804030135437,0.11504822789793544,2.2158231258392336
M2_fold4_seed20261003,M2,4,20261003,10,0.9400390946865081,0.7156949996948242,0.7421658039093018,0.7394706355923302,0.14189268001976196,2.20666344165802
M2_fold4_seed20261003,M2,4,20261003,11,0.935184161229567,0.7031716465950012,0.7295609831809997,0.7275197752467578,0.15928512173911,2.202482008934021
M2_fold4_seed20261003,M2,4,20261003,12,0.9307178825139999,0.6903354525566101,0.7166535377502441,0.715194166931555,0.16983758680613792,2.1942790508270265
M2_fold4_seed20261003,M2,4,20261003,13,0.9266045882151677,0.6770248413085938,0.7032848834991455,0.7023466876216512,0.1769177814923032,2.190621042251587
M2_fold4_seed20261003,M2,4,20261003,14,0.922841786486762,0.6629642128944397,0.6891757369041442,0.688811456783721,0.18121055041818557,2.1847653865814207
M2_fold4_seed20261003,M2,4,20261003,15,0.9193927542368571,0.6481034398078919,0.6742814302444458,0.6744009706591497,0.18416633092132184,2.1815377712249755
M2_fold4_seed20261003,M2,4,20261003,16,0.9162643343210221,0.6322933793067932,0.6584162592887879,0.6588909317784372,0.18607513507357043,2.177687668800354
M2_fold4_seed20261003,M2,4,20261003,17,0.9134397233233732,0.6151822090148926,0.6412612676620484,0.6420117003519739,0.18774236924084803,2.172078013420105
M2_fold4_seed20261003,M2,4,20261003,18,0.9108944522009955,0.5965248823165894,0.6225929617881775,0.6234279950848283,0.18934724689154564,2.1686946868896486
M2_fold4_seed20261003,M2,4,20261003,19,0.9086152948831258,0.5759743332862854,0.601991593837738,0.6027212589509459,0.1909926409370944,2.163387584686279
M2_fold4_seed20261003,M2,4,20261003,20,0.906560617685318,0.5528063416481018,0.5787941455841065,0.5793582417620795,0.19265177235848815,2.1604713916778566
M2_fold4_seed20261003,M2,4,20261003,21,0.9046854524385362,0.526621800661087,0.5525843739509583,0.5526438547167081,0.1943488975619072,2.160640907287598
M2_fold4_seed20261003,M2,4,20261003,22,0.9029081680557944,0.4962579905986786,0.5221977829933167,0.5216734696968314,0.19599033509030628,2.1561522006988527
M2_fold4_seed20261003,M2,4,20261003,23,0.9010609792626423,0.46063379645347596,0.4865568459033966,0.4853057252302357,0.19756257459870433,2.15564603805542
M2_fold4_seed20261003,M2,4,20261003,24,0.8988605270783107,0.41808936595916746,0.44399585127830504,0.44224173971930714,0.1990696677879953,2.1512362957000732
M2_fold4_seed20261003,M2,4,20261003,25,0.895752516746521,0.36660400629043577,0.3924897134304047,0.39158211784290003,0.2004373912962581,2.151271677017212
M2_fold4_seed20261003,M2,4,20261003,26,0.8907774673058436,0.3054808020591736,0.3313681423664093,0.3347125256775582,0.20157839349733542,2.148274564743042
M2_fold4_seed20261003,M2,4,20261003,27,0.8827198514231929,0.2393715798854828,0.2652217447757721,0.27868654638615953,0.20220494832194924,2.14519681930542
M2_fold4_seed20261003,M2,4,20261003,28,0.8710862155471529,0.18098501861095428,0.2068237543106079,0.23464911836956545,0.20241816662401024,2.143961024284363
M2_fold4_seed20261003,M2,4,20261003,29,0.8566965732081183,0.13983380198478698,0.16562884151935578,0.20580639704730627,0.2026275019558054,2.1395230531692504
M2_fold4_seed20261003,M2,4,20261003,30,0.8407237766186396,0.11384904533624648,0.13959883004426957,0.18704847558230736,0.20371166821596282,2.141063165664673
M2_fold4_seed20261003,M2,4,20261003,31,0.8240163241663286,0.09734644293785095,0.12309426963329315,0.17427969087304573,0.20590806596236344,2.142008590698242
M2_fold4_seed20261003,M2,4,20261003,32,0.8070872709155082,0.08637958467006683,0.11212194114923477,0.16542952527301813,0.20823025906266673,2.143327760696411
M2_fold4_seed20261003,M2,4,20261003,33,0.7902606269626906,0.07877221554517747,0.10453370958566666,0.15911665779494635,0.2103645723180525,2.145619106292725
M2_fold4_seed20261003,M2,4,20261003,34,0.7737332524622188,0.07331795543432236,0.0991046667098999,0.15443592849126486,0.21249378968191035,2.149603247642517
M2_fold4_seed20261003,M2,4,20261003,35,0.7576235228776932,0.06928169876337051,0.09503353461623192,0.1508347501715865,0.21480495288875529,2.1496329069137574
M2_fold4_seed20261003,M2,4,20261003,36,0.7420087479054928,0.06606669053435325,0.09181567057967185,0.14796453024130138,0.21742312509746486,2.1469115018844604
M2_fold4_seed20261004,M2,4,20261004,1,0.9789803266525269,0.7292479038238525,0.7601573824882507,0.7379688406410145,0.015380553313928567,2.6172957181930543
M2_fold4_seed20261004,M2,4,20261004,2,0.9717446625232696,0.7106213808059693,0.7411094784736634,0.7216756604280712,0.017255878367243172,2.579785966873169
M2_fold4_seed20261004,M2,4,20261004,3,0.9653929471969604,0.6937976241111755,0.7238669395446777,0.7062139997298063,0.030471669657570012,2.537041735649109
M2_fold4_seed20261004,M2,4,20261004,4,0.9596092879772187,0.6774070024490356,0.7070770144462586,0.6913067574202044,0.0923743697927677,2.504496455192566
M2_fold4_seed20261004,M2,4,20261004,5,0.9542588543891907,0.6612435340881347,0.6905921220779419,0.6767757722920803,0.16947315291439588,2.4738979578018188
M2_fold4_seed20261004,M2,4,20261004,6,0.9493101179599762,0.6450682163238526,0.6740866661071777,0.6624537692275293,0.21504424514646614,2.4434760570526124
M2_fold4_seed20261004,M2,4,20261004,7,0.9447238428252084,0.6286368012428284,0.6573657393455505,0.6481541959806103,0.23611385623603395,2.4186872959136965
M2_fold4_seed20261004,M2,4,20261004,8,0.9404546335339546,0.6118947267532349,0.6403602004051209,0.6336777580111876,0.24695816278130578,2.3998795986175536
M2_fold4_seed20261004,M2,4,20261004,9,0.936461165216234,0.5944936633110046,0.622713816165924,0.6188114780344923,0.25372989466187795,2.3800403118133544
M2_fold4_seed20261004,M2,4,20261004,10,0.9326883149147034,0.5761520266532898,0.604160749912262,0.6033231654640563,0.2580696380872576,2.3541154146194456
M2_fold4_seed20261004,M2,4,20261004,11,0.9291161342100663,0.5569410562515259,0.5847509145736695,0.5869475170933119,0.2601709127180483,2.3379249572753906
M2_fold4_seed20261004,M2,4,20261004,12,0.9256634245316188,0.5362419486045837,0.5638740062713623,0.5693705894172543,0.2600431684897857,2.323785901069641
M2_fold4_seed20261004,M2,4,20261004,13,0.922258223937108,0.513824999332428,0.5412939786911011,0.5502099007911918,0.2572847257030445,2.3063480377197267
M2_fold4_seed20261004,M2,4,20261004,14,0.9188157064574105,0.48930382132530215,0.516624641418457,0.5289819934110012,0.25183594287167194,2.2930063247680663
M2_fold4_seed20261004,M2,4,20261004,15,0.9151834440231323,0.46186532378196715,0.4890551447868347,0.5050622206901977,0.24414268936788316,2.2784752368927004
M2_fold4_seed20261004,M2,4,20261004,16,0.911166787147522,0.43098211884498594,0.458055305480957,0.47762486478477073,0.23538058345306864,2.273524832725525
M2_fold4_seed20261004,M2,4,20261004,17,0.9064684355960173,0.3958283543586731,0.4227643132209778,0.4455885669392559,0.22671398988960142,2.256607007980347
M2_fold4_seed20261004,M2,4,20261004,18,0.9005880104170905,0.3551229476928711,0.3819544494152069,0.40766571410169306,0.2187574976645334,2.2502954721450807
M2_fold4_seed20261004,M2,4,20261004,19,0.8928141173563505,0.30823526382446287,0.334965580701828,0.3628461390898618,0.21183277432254694,2.243027400970459
M2_fold4_seed20261004,M2,4,20261004,20,0.8821434718370438,0.2559358388185501,0.28261171877384184,0.31221897221128825,0.20639450902250095,2.237696647644043
M2_fold4_seed20261004,M2,4,20261004,21,0.8676977986381167,0.2027597665786743,0.22936759293079376,0.26204750129305326,0.2026628361468771,2.2368412017822266
M2_fold4_seed20261004,M2,4,20261004,22,0.8495859414339065,0.1572132557630539,0.18376940190792085,0.22192302140568898,0.20094936741854152,2.2320014953613283
M2_fold4_seed20261004,M2,4,20261004,23,0.82911169865857,0.12496995776891709,0.15148986428976058,0.19554312037908694,0.19999847098828086,2.234948825836182
M2_fold4_seed20261004,M2,4,20261004,24,0.8076995628575484,0.10430818498134613,0.13080602288246154,0.1792804558968927,0.1993726953355135,2.237217664718628
M2_fold4_seed20261004,M2,4,20261004,25,0.7862789330482483,0.09107969775795936,0.11756376326084136,0.16876630947850535,0.19911213287188598,2.2416305780410766
M2_fold4_seed20261004,M2,4,20261004,26,0.7653351026085707,0.08223971277475357,0.10875438898801804,0.16148637460883722,0.19913511228323663,2.2450628995895388
M2_fold4_seed20261004,M2,4,20261004,27,0.7450978265868293,0.07586121708154678,0.10237483605742455,0.1561588094961541,0.19942528793325662,2.246426558494568
M2_fold4_seed20261004,M2,4,20261004,28,0.7256784433765071,0.07116337046027184,0.09769096300005913,0.15209039336290445,0.1999906489002669,2.257817006111145
M2_fold4_seed20261004,M2,4,20261004,29,0.7071072264991958,0.06752329096198081,0.09402894005179405,0.14886295208953762,0.20076476029141385,2.253440284729004
M2_fold4_seed20261004,M2,4,20261004,30,0.6893863055109978,0.06463553011417389,0.09111004546284676,0.14621124351058337,0.20170164076958755,2.256494879722595
M2_fold4_seed20261004,M2,4,20261004,31,0.6724977285631242,0.06218511909246445,0.08862560093402863,0.14396522405652956,0.2027697213204252,2.249259042739868
M2_fold4_seed20261004,M2,4,20261004,32,0.6564089661464095,0.06016422733664513,0.08654580637812614,0.14201730155681708,0.20397486571679044,2.2417507648468016
M2_fold4_seed20261004,M2,4,20261004,33,0.6410777953538027,0.05834981054067612,0.08465879559516906,0.14029712419316467,0.20527535383807702,2.2296817779541014
M2_fold4_seed20261004,M2,4,20261004,34,0.626463801808217,0.05677717998623848,0.08302757740020753,0.1387597896942182,0.20673985385289004,2.218436527252197
M2_fold4_seed20261004,M2,4,20261004,35,0.6125261522190911,0.05537699982523918,0.08157635480165482,0.13737423459607767,0.20841532980894198,2.2129559993743895
M2_fold4_seed20261004,M2,4,20261004,36,0.599222207069397,0.05414167158305645,0.0802785448729992,0.1361176154964904,0.21030762794566357,2.203016209602356
M2_fold4_seed20261005,M2,4,20261005,1,0.8101349949836731,0.59516841173172,0.6252836585044861,0.6633914118385683,0.28681134801846825,2.5462759494781495
M2_fold4_seed20261005,M2,4,20261005,2,0.8047862231731415,0.5822739362716675,0.6118905544281006,0.6529865343206861,0.2991387916343763,2.5063114881515505
M2_fold4_seed20261005,M2,4,20261005,3,0.8001907706260681,0.5706937193870545,0.5998078346252441,0.6425952942505995,0.30958055308748117,2.4548072814941406
M2_fold4_seed20261005,M2,4,20261005,4,0.7960187703371048,0.5590028285980224,0.5877047538757324,0.6320787704887965,0.3193221255304269,2.418107008934021
M2_fold4_seed20261005,M2,4,20261005,5,0.7921512031555176,0.5471914768218994,0.5755371809005737,0.6213295077218067,0.3283835630045496,2.3865444660186768
M2_fold4_seed20261005,M2,4,20261005,6,0.7885571201642354,0.5349948048591614,0.5630164027214051,0.6102380172259857,0.33634382409648245,2.357920932769775
M2_fold4_seed20261005,M2,4,20261005,7,0.7852009040968758,0.5223592042922973,0.5500805079936981,0.5986783664610918,0.3432424462634177,2.330757570266724
M2_fold4_seed20261005,M2,4,20261005,8,0.7820693895220756,0.5092279732227325,0.5367347896099091,0.5865061980333041,0.3487049505452956,2.3132714509963987
M2_fold4_seed20261005,M2,4,20261005,9,0.7791256758901808,0.4954012632369995,0.522716861963272,0.5735580606442499,0.353079550662794,2.2930257320404053
M2_fold4_seed20261005,M2,4,20261005,10,0.7763397932052613,0.48064759373664856,0.5077708959579468,0.559639559802968,0.3555895747574027,2.2722174644470217
M2_fold4_seed20261005,M2,4,20261005,11,0.7736881451173262,0.46482049822807314,0.49178546667099,0.5445187620962978,0.357108038818404,2.2598429918289185
M2_fold4_seed20261005,M2,4,20261005,12,0.771117839217186,0.4477602541446686,0.47459704875946046,0.5279151877449063,0.35681623926645517,2.249669885635376
M2_fold4_seed20261005,M2,4,20261005,13,0.7685800524858328,0.4290851354598999,0.4558215618133545,0.5094800541035673,0.3549770446197923,2.2428586721420287
M2_fold4_seed20261005,M2,4,20261005,14,0.7659940396036421,0.4085239589214325,0.4351804554462433,0.48877089055947354,0.35157782124777903,2.2304897785186766
M2_fold4_seed20261005,M2,4,20261005,15,0.7632529004414876,0.38546895384788515,0.4120006263256073,0.46521944819213157,0.3466024506225253,2.216818928718567
M2_fold4_seed20261005,M2,4,20261005,16,0.7602022111415863,0.35966325998306276,0.3861387550830841,0.4380886951361062,0.3397867247438373,2.2126157760620115
M2_fold4_seed20261005,M2,4,20261005,17,0.7566016575869392,0.33016510009765626,0.3565832555294037,0.4064423101583794,0.33135104682222893,2.207143521308899
M2_fold4_seed20261005,M2,4,20261005,18,0.752083934015698,0.2962831616401672,0.3226259291172028,0.3692141709092306,0.32088058758439475,2.1977275609970093
M2_fold4_seed20261005,M2,4,20261005,19,0.7460768567888361,0.2573271781206131,0.2836289882659912,0.3256539334683488,0.3082191364855032,2.193068790435791
M2_fold4_seed20261005,M2,4,20261005,20,0.7377344554662705,0.213307124376297,0.23956777155399323,0.27693176403333475,0.29419415472573485,2.192979097366333
M2_fold4_seed20261005,M2,4,20261005,21,0.72613580539113,0.16721786558628082,0.19342024326324464,0.22897103338080432,0.27970351705001584,2.187102222442627
M2_fold4_seed20261005,M2,4,20261005,22,0.7110131328756158,0.1259012833237648,0.15205679088830948,0.19091814870540127,0.26662409000599874,2.180112600326538
M2_fold4_seed20261005,M2,4,20261005,23,0.693248913080796,0.09579965472221375,0.12190316766500472,0.16616601152735516,0.25759266234873524,2.1780174493789675
M2_fold4_seed20261005,M2,4,20261005,24,0.6741585197548071,0.07691445499658585,0.10297235175967216,0.1514299333273383,0.2531825792785885,2.173320436477661
M2_fold4_seed20261005,M2,4,20261005,25,0.6547462705373764,0.06572608798742294,0.09178444817662239,0.14281043446300698,0.2526403115816231,2.172203278541565
M2_fold4_seed20261005,M2,4,20261005,26,0.6356442841199729,0.05898332968354225,0.08500768020749092,0.137746859118369,0.25474009164974193,2.1750423908233643
M2_fold4_seed20261005,M2,4,20261005,27,0.617198877091761,0.05472616553306579,0.08073873743414879,0.13466655681453363,0.25811811056375633,2.1741806983947756
M2_fold4_seed20261005,M2,4,20261005,28,0.5995709604450634,0.05188770480453968,0.07788375988602639,0.13264144387099444,0.2618642300594562,2.17251296043396
M2_fold4_seed20261005,M2,4,20261005,29,0.5828166249497183,0.04971632994711399,0.07567300498485566,0.1311777185159978,0.2654751450607148,2.1704865455627442
M2_fold4_seed20261005,M2,4,20261005,30,0.5669378785789013,0.047995565086603166,0.07392743565142154,0.1300468151975775,0.26862534148640577,2.1643088817596436
M2_fold4_seed20261005,M2,4,20261005,31,0.551902521617951,0.04661540128290653,0.07251896113157272,0.1291484439916443,0.2715556691698149,2.162675881385803
M2_fold4_seed20261005,M2,4,20261005,32,0.5376693130936474,0.04544299654662609,0.0713045570999384,0.12842062958971207,0.27453665596946925,2.1562090635299684
M2_fold4_seed20261005,M2,4,20261005,33,0.524191649619377,0.044396177679300305,0.07026060894131661,0.12779894146526102,0.2771561832916017,2.1558732748031617
M2_fold4_seed20261005,M2,4,20261005,34,0.5114160667885752,0.043549928814172745,0.06937241777777672,0.12721823531188356,0.2801297941361214,2.1484339952468874
M2_fold4_seed20261005,M2,4,20261005,35,0.4992914372256824,0.04280811212956905,0.06862277053296566,0.12663034329363582,0.2832684908606457,2.145955491065979
M2_fold4_seed20261005,M2,4,20261005,36,0.48777074300580553,0.04210355170071125,0.06790250316262245,0.12601049182250998,0.2865156915712429,2.1453845500946045
M2_fold4_seed20261006,M2,4,20261006,1,0.8739711284637451,0.6630340933799743,0.6941593170166016,0.6800663963318332,0.03833776591948819,2.6349574089050294
M2_fold4_seed20261006,M2,4,20261006,2,0.8661651134490966,0.6485613703727722,0.6790294647216797,0.6675386465711841,0.09208585470236037,2.5773927211761474
M2_fold4_seed20261006,M2,4,20261006,3,0.8594058195749918,0.6357328057289123,0.6656089305877686,0.6557003663359133,0.1810909495019448,2.5241312265396116
M2_fold4_seed20261006,M2,4,20261006,4,0.8533382743597031,0.6234182715415955,0.6528167366981507,0.6443288366535144,0.24799833115874398,2.478753113746643
M2_fold4_seed20261006,M2,4,20261006,5,0.8478210639953613,0.6112112641334534,0.640143895149231,0.6332413699666946,0.2871854747227237,2.4375640630722044
M2_fold4_seed20261006,M2,4,20261006,6,0.8428251485029856,0.5990972638130188,0.6277002692222595,0.6222566537402053,0.30563456735413785,2.4089669466018675
M2_fold4_seed20261006,M2,4,20261006,7,0.8382904853139604,0.5868242621421814,0.6151125431060791,0.6111947019405558,0.3128663861067884,2.3816567182540895
M2_fold4_seed20261006,M2,4,20261006,8,0.8341412916779518,0.5741766571998597,0.6021761775016785,0.5998784105650841,0.3145652246370064,2.353213906288147
M2_fold4_seed20261006,M2,4,20261006,9,0.8303406993548076,0.5610066175460815,0.5887895226478577,0.5881277544342669,0.3137316712222906,2.3324902057647705
M2_fold4_seed20261006,M2,4,20261006,10,0.8268713808059692,0.5471579968929291,0.5747239828109741,0.5757568995591084,0.3111227571073401,2.3125476837158203
M2_fold4_seed20261006,M2,4,20261006,11,0.8236898942427202,0.5324822187423706,0.5598652184009552,0.5625657814004054,0.3074298381775662,2.2975266218185424
M2_fold4_seed20261006,M2,4,20261006,12,0.8207452336947123,0.5167275786399841,0.5439550638198852,0.5483301421016328,0.30263008214159054,2.281032371520996
M2_fold4_seed20261006,M2,4,20261006,13,0.8180136423844557,0.4997571289539337,0.5268596231937408,0.5327868537337436,0.2970060377407365,2.2711732387542725
M2_fold4_seed20261006,M2,4,20261006,14,0.8154382816382817,0.4811743378639221,0.5081503450870514,0.5156159499926457,0.2909499109155064,2.261000728607178
M2_fold4_seed20261006,M2,4,20261006,15,0.8129625844955445,0.4604704678058624,0.4873577535152435,0.4964223302259381,0.28475802441842707,2.250887084007263
M2_fold4_seed20261006,M2,4,20261006,16,0.8104955606162548,0.437453556060791,0.46425493955612185,0.47470829636284495,0.27834127248947216,2.2428744316101072
M2_fold4_seed20261006,M2,4,20261006,17,0.8079251639983234,0.4113261938095093,0.43802685141563413,0.44983407721908253,0.27216946809560544,2.233876419067383
M2_fold4_seed20261006,M2,4,20261006,18,0.805050524075826,0.3812826037406921,0.40792469382286073,0.42100447103598865,0.2659002940562129,2.2279341220855713
M2_fold4_seed20261006,M2,4,20261006,19,0.8015711276154769,0.34638543128967286,0.37295112013816833,0.3873037479571027,0.26019810585952086,2.2220730066299437
M2_fold4_seed20261006,M2,4,20261006,20,0.7969735997915268,0.30559372901916504,0.3321054995059967,0.3479952953389961,0.254632398061438,2.213159775733948
M2_fold4_seed20261006,M2,4,20261006,21,0.790456920010703,0.2583891570568085,0.2848628342151642,0.3035991314944171,0.2499972863612347,2.215313267707825
M2_fold4_seed20261006,M2,4,20261006,22,0.781021531603553,0.20703532695770263,0.23347863256931306,0.2581224171343285,0.24463581109914267,2.2108714103698732
M2_fold4_seed20261006,M2,4,20261006,23,0.7681326021318851,0.1590418338775635,0.18542454838752748,0.21939461017996098,0.23833123873415557,2.2058112382888795
M2_fold4_seed20261006,M2,4,20261006,24,0.752470301836729,0.12314608842134475,0.14952319413423537,0.19211850965911983,0.23202843842597234,2.2126488208770754
M2_fold4_seed20261006,M2,4,20261006,25,0.735262516260147,0.10003912895917892,0.12640943974256516,0.17414858417213203,0.22749688664747192,2.2115159034729004
M2_fold4_seed20261006,M2,4,20261006,26,0.7174422626311963,0.08547006249427795,0.11184661686420441,0.16206168610762758,0.22565322151431155,2.215617275238037
M2_fold4_seed20261006,M2,4,20261006,27,0.6995753305929678,0.07591265365481377,0.10230897814035415,0.15376544787944754,0.22600612919661991,2.2234689235687255
M2_fold4_seed20261006,M2,4,20261006,28,0.6820054970681667,0.06944297030568122,0.0958095483481884,0.14800260463070522,0.2284201250729239,2.2181398391723635
M2_fold4_seed20261006,M2,4,20261006,29,0.6649324159170019,0.06480392217636108,0.09115822315216064,0.14390419039000227,0.23267636910879616,2.220901703834534
M2_fold4_seed20261006,M2,4,20261006,30,0.6484651907285055,0.06134512275457382,0.08763169199228286,0.14087688352991923,0.23818412541979686,2.2153703689575197
M2_fold4_seed20261006,M2,4,20261006,31,0.6326626119113737,0.05858016535639763,0.08481648936867714,0.13853848567968227,0.24429030926892803,2.209195852279663
M2_fold4_seed20261006,M2,4,20261006,32,0.61754301302135,0.056391851603984834,0.08254321664571762,0.13665661829321837,0.2503520409764464,2.201530385017395
M2_fold4_seed20261006,M2,4,20261006,33,0.603099044434952,0.054476847499608995,0.08057752922177315,0.13509125782413778,0.2561540271414628,2.1937787532806396
M2_fold4_seed20261006,M2,4,20261006,34,0.5893101778977058,0.0528895802795887,0.07889786586165429,0.13375454972039547,0.26171169948744627,2.1836400747299196
M2_fold4_seed20261006,M2,4,20261006,35,0.5761503250684057,0.051464895531535146,0.07742859721183777,0.13258799282104247,0.2669605359114288,2.1744306087493896
M2_fold4_seed20261006,M2,4,20261006,36,0.5635862078103754,0.0502403873950243,0.07616938725113868,0.13154835289369954,0.2720166425675164,2.1690217018127442
