task_id,audit_phase,model_id,fold,seed,status,output_path,attempt,runtime_seconds,best_epoch,converged,device,loss_objective,k,theta,brier,brier_skill,calibration_intercept,calibration_slope,fitted_theta,joint_hurdle_nll,max_predicted_probability,mean_observed_count,mean_predicted_count,mean_predicted_probability,median_predicted_probability,observed_prevalence,p90_predicted_probability,p95_predicted_probability,p99_predicted_probability,positive_count_bias,positive_count_mae,positive_count_rmse,positive_observed_mean,positive_predicted_mean,positive_predicted_p50,positive_predicted_p90,positive_predicted_p99,pr_auc,prediction_positive_mean_sd,prediction_probability_sd,roc_auc,zt_nb_nll,reference_brier,reference_brier_skill,reference_calibration_intercept,reference_calibration_slope,reference_fitted_theta,reference_joint_hurdle_nll,reference_max_predicted_probability,reference_mean_observed_count,reference_mean_predicted_count,reference_mean_predicted_probability,reference_median_predicted_probability,reference_observed_prevalence,reference_p90_predicted_probability,reference_p95_predicted_probability,reference_p99_predicted_probability,reference_positive_count_bias,reference_positive_count_mae,reference_positive_count_rmse,reference_positive_observed_mean,reference_positive_predicted_mean,reference_positive_predicted_p50,reference_positive_predicted_p90,reference_positive_predicted_p99,reference_pr_auc,reference_prediction_positive_mean_sd,reference_prediction_probability_sd,reference_roc_auc,reference_zt_nb_nll
N1-R_fold1_seed20261002,N1,N1-R,1,20261002,completed,/project/disease_ecology/STGNN-output/neural_a0_architecture_audit/models/N1-R_fold1_seed20261002.pt,1,16.114799737930298,12,True,cuda,balanced_multitask_loss,3,0.7018904089927673,0.2541831730726059,-15.249645771062962,-4.124371050618256,-0.03372977747866607,0.7018904089927673,0.7495624869099407,0.6190641915025273,0.06506694461262559,0.8809407627024956,0.5035521543602116,0.5042829769802403,0.015895034526099586,0.5391570810455787,0.5506934399954524,0.578183148702131,-2.2903304659902184,2.495194513456285,4.666054742006813,4.093539054966249,1.8032085889760308,1.7941969340534778,1.8517491760786233,1.8937975028817027,0.016800447668586634,0.039972004553213196,0.0277034694531787,0.5035965209586001,3.0197363471580734,0.015754158478862346,-0.0071457193965256405,-0.14549162372953736,0.7609872320503777,0.7018903965556372,0.12477604156595316,0.005322614020432095,0.06506694461262559,0.021098857134049125,0.005322614020432094,0.005322614020432095,0.015895034526099586,0.005322614020432095,0.005322614020432095,0.005322614020432095,-0.12953620729474066,2.5496090242464953,4.071246777698395,4.093539054966249,3.964002847671508,3.964002847671508,3.964002847671508,3.964002847671508,0.015895034526099586,0.0,8.673617379884035e-19,0.5,2.283792868291652
N1-R_fold1_seed20261003,N1,N1-R,1,20261003,completed,/project/disease_ecology/STGNN-output/neural_a0_architecture_audit/models/N1-R_fold1_seed20261003.pt,1,21.711158752441406,12,True,cuda,balanced_multitask_loss,3,0.7018904089927673,0.12262759460362532,-6.83944487740435,4.866666433994194,15.974680215178319,0.7018904089927673,0.4703416360151578,0.44716524633515653,0.06506694461262559,0.70413691426262,0.3435909949201051,0.3471352362978047,0.015895034526099586,0.37960889771704814,0.387239217855031,0.3975595021103682,-1.77857384137612,2.352070276062095,4.438204472850615,4.093539054966249,2.3149652135901286,2.325520863313419,2.35904907917227,2.378416379060255,0.0779928180084971,0.15541623691152845,0.02724752331774536,0.9038338622073187,2.5604788995593055,0.015754158478862346,-0.0071457193965256405,-0.14549162372953736,0.7609872320503777,0.7018903965556372,0.12477604156595316,0.005322614020432095,0.06506694461262559,0.021098857134049125,0.005322614020432094,0.005322614020432095,0.015895034526099586,0.005322614020432095,0.005322614020432095,0.005322614020432095,-0.12953620729474066,2.5496090242464953,4.071246777698395,4.093539054966249,3.964002847671508,3.964002847671508,3.964002847671508,3.964002847671508,0.015895034526099586,0.0,8.673617379884035e-19,0.5,2.283792868291652
N1-R_fold1_seed20261004,N1,N1-R,1,20261004,completed,/project/disease_ecology/STGNN-output/neural_a0_architecture_audit/models/N1-R_fold1_seed20261004.pt,1,22.42181420326233,12,True,cuda,balanced_multitask_loss,3,0.7018904089927673,0.3255061947388512,-19.809246720993983,-6.200170346598424,6.542990771769965,0.7018904089927673,0.8876716909726481,0.655979018036009,0.06506694461262559,1.2133561930498526,0.5724083825300819,0.573039319568856,0.015895034526099586,0.6005424458332406,0.6084669364965697,0.6203076009428407,-1.9256750616846725,2.3450358052649767,4.497311454610303,4.093539054966249,2.1678639932815766,2.1686910003273763,2.2455053729875005,2.3218973073245937,0.031609606943891914,0.05628688258541637,0.023298228275379123,0.6767425676428642,2.647491705803409,0.015754158478862346,-0.0071457193965256405,-0.14549162372953736,0.7609872320503777,0.7018903965556372,0.12477604156595316,0.005322614020432095,0.06506694461262559,0.021098857134049125,0.005322614020432094,0.005322614020432095,0.015895034526099586,0.005322614020432095,0.005322614020432095,0.005322614020432095,-0.12953620729474066,2.5496090242464953,4.071246777698395,4.093539054966249,3.964002847671508,3.964002847671508,3.964002847671508,3.964002847671508,0.015895034526099586,0.0,8.673617379884035e-19,0.5,2.283792868291652
N1-R_fold1_seed20261005,N1,N1-R,1,20261005,completed,/project/disease_ecology/STGNN-output/neural_a0_architecture_audit/models/N1-R_fold1_seed20261005.pt,1,18.409964084625244,12,True,cuda,balanced_multitask_loss,3,0.7018904089927673,0.1139840141617784,-6.286870453708804,1.0175648206652927,7.9452535694488695,0.7018904089927673,0.45071800862399114,0.4533633190486429,0.06506694461262559,0.7495334277115399,0.32917060473489346,0.33556558338760406,0.015895034526099586,0.3643939394218011,0.37458543663945615,0.3930127225884181,-1.7932703690391245,2.356170348375076,4.448406226025725,4.093539054966249,2.3002686859271244,2.2878556623373507,2.3637820665353884,2.452870010656046,0.03966086566737848,0.07473501011794047,0.032834290888118504,0.7707527506840574,2.5741352975821408,0.015754158478862346,-0.0071457193965256405,-0.14549162372953736,0.7609872320503777,0.7018903965556372,0.12477604156595316,0.005322614020432095,0.06506694461262559,0.021098857134049125,0.005322614020432094,0.005322614020432095,0.015895034526099586,0.005322614020432095,0.005322614020432095,0.005322614020432095,-0.12953620729474066,2.5496090242464953,4.071246777698395,4.093539054966249,3.964002847671508,3.964002847671508,3.964002847671508,3.964002847671508,0.015895034526099586,0.0,8.673617379884035e-19,0.5,2.283792868291652
N1-R_fold1_seed20261006,N1,N1-R,1,20261006,completed,/project/disease_ecology/STGNN-output/neural_a0_architecture_audit/models/N1-R_fold1_seed20261006.pt,1,18.057130813598633,12,True,cuda,balanced_multitask_loss,3,0.7018904089927673,0.07660362436806689,-3.8971839705734155,-0.23992505069356024,3.834786353456501,0.7018904089927673,0.36174104627750636,0.46971223277218366,0.06506694461262559,0.5604695403651588,0.2625855157556757,0.2595371051085761,0.015895034526099586,0.28821383526228367,0.29758984815709255,0.3146569963481975,-1.8076655824002665,2.354495408514887,4.454801475188727,4.093539054966249,2.2858734725659824,2.2890445007159848,2.3258355010789122,2.337697341165349,0.02256302823263715,0.11635041609533131,0.01945689153923362,0.6833436382547451,2.5827835607346836,0.015754158478862346,-0.0071457193965256405,-0.14549162372953736,0.7609872320503777,0.7018903965556372,0.12477604156595316,0.005322614020432095,0.06506694461262559,0.021098857134049125,0.005322614020432094,0.005322614020432095,0.015895034526099586,0.005322614020432095,0.005322614020432095,0.005322614020432095,-0.12953620729474066,2.5496090242464953,4.071246777698395,4.093539054966249,3.964002847671508,3.964002847671508,3.964002847671508,3.964002847671508,0.015895034526099586,0.0,8.673617379884035e-19,0.5,2.283792868291652
N1-R_fold2_seed20261002,N1,N1-R,2,20261002,completed,/project/disease_ecology/STGNN-output/neural_a0_architecture_audit/models/N1-R_fold2_seed20261002.pt,1,18.99155879020691,12,True,cuda,balanced_multitask_loss,3,0.7018904089927673,0.23261166120308693,-11.952238389595315,-4.523784249377987,-3.8069817653021856,0.7018904089927673,0.7109385501842268,0.6280824119768682,0.0749381135950828,0.87247578743221,0.4783246537531882,0.4690588041320338,0.018293851212053864,0.5450310836558246,0.5670746018082253,0.596143305734709,-2.1879120457406693,2.459959394525742,4.422046723452301,4.09635525764558,1.9084432119049106,1.89907235653135,1.972286528709645,2.070223521161584,0.012546081389385176,0.057985509352650524,0.04579550216077679,0.3436663284737305,2.8820944109706876,0.018048433862048314,-0.004969470279471588,-0.17117186075337687,0.8077289476494071,0.7018903965556372,0.13695479030597618,0.008846754188987924,0.0749381135950828,0.035754887658514166,0.008846754188987923,0.008846754188987924,0.018293851212053864,0.008846754188987924,0.008846754188987924,0.008846754188987924,-0.05477267326447671,2.6315596689976157,3.8476974436531117,4.09635525764558,4.0415825843811035,4.0415825843811035,4.0415825843811035,4.0415825843811035,0.018293851212053864,0.0,1.734723475976807e-18,0.5,2.2818217303508175
N1-R_fold2_seed20261003,N1,N1-R,2,20261003,completed,/project/disease_ecology/STGNN-output/neural_a0_architecture_audit/models/N1-R_fold2_seed20261003.pt,1,24.54666519165039,12,True,cuda,balanced_multitask_loss,3,0.7018904089927673,0.08068329223274244,-3.4925917714137187,8.950326656953518,16.029782804021828,0.7018904089927673,0.37616871719622236,0.40937238940759946,0.0749381135950828,0.5743282456636409,0.27217314770463463,0.26955610343130415,0.018293851212053864,0.31187659332096135,0.33019216802105095,0.36140295188693805,-1.6594027529943665,2.401680667333078,4.187683249564065,4.09635525764558,2.4369525046512144,2.4537679762402305,2.5111948525354637,2.527184194457511,0.3643150043515961,0.14864773711001836,0.03014978839225215,0.9695123234705053,2.503109974088503,0.018048433862048314,-0.004969470279471588,-0.17117186075337687,0.8077289476494071,0.7018903965556372,0.13695479030597618,0.008846754188987924,0.0749381135950828,0.035754887658514166,0.008846754188987923,0.008846754188987924,0.018293851212053864,0.008846754188987924,0.008846754188987924,0.008846754188987924,-0.05477267326447671,2.6315596689976157,3.8476974436531117,4.09635525764558,4.0415825843811035,4.0415825843811035,4.0415825843811035,4.0415825843811035,0.018293851212053864,0.0,1.734723475976807e-18,0.5,2.2818217303508175
N1-R_fold2_seed20261004,N1,N1-R,2,20261004,completed,/project/disease_ecology/STGNN-output/neural_a0_architecture_audit/models/N1-R_fold2_seed20261004.pt,1,22.952554941177368,12,True,cuda,balanced_multitask_loss,3,0.7018904089927673,0.22522049671491934,-11.540684970767026,-3.7901436550695062,15.212290423591426,0.7018904089927673,0.6900579450784058,0.5806236825399602,0.0749381135950828,1.0073892192469163,0.47418481885035557,0.4747074913886315,0.018293851212053864,0.5151748549598778,0.5216794144459642,0.5342610847144053,-1.7762945819199683,2.3976010882536665,4.229865825733234,4.09635525764558,2.320060675725612,2.3180293362233373,2.4002310471611232,2.534835865100653,0.10469179081836054,0.12206244595937267,0.03035966057112298,0.8840759151599425,2.5519631147807793,0.018048433862048314,-0.004969470279471588,-0.17117186075337687,0.8077289476494071,0.7018903965556372,0.13695479030597618,0.008846754188987924,0.0749381135950828,0.035754887658514166,0.008846754188987923,0.008846754188987924,0.018293851212053864,0.008846754188987924,0.008846754188987924,0.008846754188987924,-0.05477267326447671,2.6315596689976157,3.8476974436531117,4.09635525764558,4.0415825843811035,4.0415825843811035,4.0415825843811035,4.0415825843811035,0.018293851212053864,0.0,1.734723475976807e-18,0.5,2.2818217303508175
N1-R_fold2_seed20261005,N1,N1-R,2,20261005,completed,/project/disease_ecology/STGNN-output/neural_a0_architecture_audit/models/N1-R_fold2_seed20261005.pt,1,18.841354608535767,12,True,cuda,balanced_multitask_loss,3,0.7018904089927673,0.07063613730051138,-2.933147996555676,3.6206877824765233,7.276448699600112,0.7018904089927673,0.349622106359972,0.4706018365152484,0.0749381135950828,0.6057434763294746,0.24840167498054425,0.24701043171089784,0.018293851212053864,0.28176000607214374,0.29066456344227115,0.308601908202597,-1.6377996572511815,2.4081429776494763,4.179536545485777,4.09635525764558,2.4585556003943987,2.46138023610015,2.50664312910788,2.554159400935084,0.057106176963878465,0.06297379257895819,0.025990337722077383,0.7811193967061356,2.4936280396288337,0.018048433862048314,-0.004969470279471588,-0.17117186075337687,0.8077289476494071,0.7018903965556372,0.13695479030597618,0.008846754188987924,0.0749381135950828,0.035754887658514166,0.008846754188987923,0.008846754188987924,0.018293851212053864,0.008846754188987924,0.008846754188987924,0.008846754188987924,-0.05477267326447671,2.6315596689976157,3.8476974436531117,4.09635525764558,4.0415825843811035,4.0415825843811035,4.0415825843811035,4.0415825843811035,0.018293851212053864,0.0,1.734723475976807e-18,0.5,2.2818217303508175
N1-R_fold2_seed20261006,N1,N1-R,2,20261006,completed,/project/disease_ecology/STGNN-output/neural_a0_architecture_audit/models/N1-R_fold2_seed20261006.pt,1,18.496203422546387,12,True,cuda,balanced_multitask_loss,3,0.7018904089927673,0.060284529220614815,-2.3567517192881198,2.108450950238019,5.055569239265697,0.7018904089927673,0.3212883689499701,0.47237567882161885,0.0749381135950828,0.5046036576541851,0.2243918458673808,0.22081147018375225,0.018293851212053864,0.25087106912911306,0.26404210130236444,0.286599065875567,-1.648106151167359,2.4076738161992495,4.186560461355292,4.09635525764558,2.448249106478221,2.451989866657892,2.4882863489873768,2.4996063423187374,0.03915799057299555,0.10891387601660518,0.020970598352182845,0.786924506287731,2.501118046019099,0.018048433862048314,-0.004969470279471588,-0.17117186075337687,0.8077289476494071,0.7018903965556372,0.13695479030597618,0.008846754188987924,0.0749381135950828,0.035754887658514166,0.008846754188987923,0.008846754188987924,0.018293851212053864,0.008846754188987924,0.008846754188987924,0.008846754188987924,-0.05477267326447671,2.6315596689976157,3.8476974436531117,4.09635525764558,4.0415825843811035,4.0415825843811035,4.0415825843811035,4.0415825843811035,0.018293851212053864,0.0,1.734723475976807e-18,0.5,2.2818217303508175
N1-R_fold3_seed20261002,N1,N1-R,3,20261002,completed,/project/disease_ecology/STGNN-output/neural_a0_architecture_audit/models/N1-R_fold3_seed20261002.pt,1,22.240747213363647,12,True,cuda,balanced_multitask_loss,3,0.7018904089927673,0.20953265538886987,-11.282556017687076,-7.839986478969784,-10.754710520633163,0.7018904089927673,0.6355917125297357,0.5913084424110887,0.03535668028295307,0.8620551832803149,0.4508288311719594,0.45058992148048227,0.01736076516887516,0.515512477809956,0.5320848887726666,0.5499223734864848,-0.0014086110631755394,1.1891154917416498,1.8465867705903818,2.0365853658536586,2.035176754790483,2.037684011602205,2.1208173737555405,2.193597912077241,0.009244113366936415,0.06567678866974357,0.04851564010430195,0.11957068531011374,1.3973735912893477,0.017097219018335955,-0.0022187231371813,-0.19157523248652356,0.8582203556704864,0.7018903965556372,0.1177213167179967,0.011208528444754411,0.03535668028295307,0.04555069142465419,0.01120852844475441,0.011208528444754411,0.01736076516887516,0.011208528444754411,0.011208528444754411,0.011208528444754411,2.027346099295267,2.4902555419177546,2.7456315168071774,2.0365853658536586,4.063931465148926,4.063931465148926,4.063931465148926,4.063931465148926,0.01736076516887516,0.0,1.734723475976807e-18,0.5,1.6518048383452988
N1-R_fold3_seed20261003,N1,N1-R,3,20261003,completed,/project/disease_ecology/STGNN-output/neural_a0_architecture_audit/models/N1-R_fold3_seed20261003.pt,1,24.79547691345215,12,True,cuda,balanced_multitask_loss,3,0.7018904089927673,0.05951505864297588,-2.488702227925434,7.700610278219217,10.80669754024757,0.7018904089927673,0.2984874849210906,0.34477675782544687,0.03535668028295307,0.5111830343878337,0.22662781616695618,0.22317959518183278,0.01736076516887516,0.2612673490864691,0.2823168870612592,0.31080774386044224,0.4946499623537475,1.4580695534688386,1.9199342087150768,2.0365853658536586,2.531235328207406,2.5566680250229723,2.6680384199101157,2.704765881848085,0.20206127364046134,0.1337324361263146,0.02702748229138136,0.9476376030022096,1.436804379654798,0.017097219018335955,-0.0022187231371813,-0.19157523248652356,0.8582203556704864,0.7018903965556372,0.1177213167179967,0.011208528444754411,0.03535668028295307,0.04555069142465419,0.01120852844475441,0.011208528444754411,0.01736076516887516,0.011208528444754411,0.011208528444754411,0.011208528444754411,2.027346099295267,2.4902555419177546,2.7456315168071774,2.0365853658536586,4.063931465148926,4.063931465148926,4.063931465148926,4.063931465148926,0.01736076516887516,0.0,1.734723475976807e-18,0.5,1.6518048383452988
N1-R_fold3_seed20261004,N1,N1-R,3,20261004,completed,/project/disease_ecology/STGNN-output/neural_a0_architecture_audit/models/N1-R_fold3_seed20261004.pt,1,19.933069467544556,12,True,cuda,balanced_multitask_loss,3,0.7018904089927673,0.15594731569525486,-8.141446889412371,1.7535104371928554,15.43012616235364,0.7018904089927673,0.526337602775728,0.4832578497223278,0.03535668028295307,0.8325145950910965,0.3908066220780381,0.3913519870151622,0.01736076516887516,0.42214643653638506,0.4305637282775655,0.44643550846860536,0.37128990632033215,1.381829792842136,1.8772139064204836,2.0365853658536586,2.4078752721739907,2.4089014133167628,2.5043486186341486,2.5777618116702934,0.11168311179029511,0.12177984395376278,0.023742368151031912,0.8650561225052003,1.4168270109080217,0.017097219018335955,-0.0022187231371813,-0.19157523248652356,0.8582203556704864,0.7018903965556372,0.1177213167179967,0.011208528444754411,0.03535668028295307,0.04555069142465419,0.01120852844475441,0.011208528444754411,0.01736076516887516,0.011208528444754411,0.011208528444754411,0.011208528444754411,2.027346099295267,2.4902555419177546,2.7456315168071774,2.0365853658536586,4.063931465148926,4.063931465148926,4.063931465148926,4.063931465148926,0.01736076516887516,0.0,1.734723475976807e-18,0.5,1.6518048383452988
N1-R_fold3_seed20261005,N1,N1-R,3,20261005,completed,/project/disease_ecology/STGNN-output/neural_a0_architecture_audit/models/N1-R_fold3_seed20261005.pt,1,20.02181839942932,12,True,cuda,balanced_multitask_loss,3,0.7018904089927673,0.04473164361381546,-1.6221159533832128,4.56959846746871,6.012013660559572,0.7018904089927673,0.2531772302568233,0.44234203823451546,0.03535668028295307,0.487472420825903,0.1847150418893218,0.18367709840889468,0.01736076516887516,0.20918481598790106,0.2219095470117475,0.24907076191274935,0.6204846447933522,1.5265361432220366,1.9526066769512764,2.0365853658536586,2.657070010647011,2.6620890966085975,2.7139696706566157,2.7835078716950044,0.05614501440958855,0.07895699560131858,0.020592307036696962,0.7974936863909089,1.4513181219318374,0.017097219018335955,-0.0022187231371813,-0.19157523248652356,0.8582203556704864,0.7018903965556372,0.1177213167179967,0.011208528444754411,0.03535668028295307,0.04555069142465419,0.01120852844475441,0.011208528444754411,0.01736076516887516,0.011208528444754411,0.011208528444754411,0.011208528444754411,2.027346099295267,2.4902555419177546,2.7456315168071774,2.0365853658536586,4.063931465148926,4.063931465148926,4.063931465148926,4.063931465148926,0.01736076516887516,0.0,1.734723475976807e-18,0.5,1.6518048383452988
N1-R_fold3_seed20261006,N1,N1-R,3,20261006,completed,/project/disease_ecology/STGNN-output/neural_a0_architecture_audit/models/N1-R_fold3_seed20261006.pt,1,21.732551097869873,12,True,cuda,balanced_multitask_loss,3,0.7018904089927673,0.04775534882503293,-1.7993619705676238,-5.432141421609777,-0.9609624626341511,0.7018904089927673,0.26294950652068333,0.4659427335133485,0.03535668028295307,0.45084439255287667,0.19125359123195415,0.1886562742206218,0.01736076516887516,0.2169493721048486,0.22546561674432838,0.2423334501898458,0.5448808663177633,1.4874743275340858,1.9320978935917075,2.0365853658536586,2.581466232171422,2.58603291153897,2.6156362810535856,2.6373324593692042,0.015196332887466812,0.13467514679988965,0.019239731731126253,0.4867660869246767,1.4429318453816191,0.017097219018335955,-0.0022187231371813,-0.19157523248652356,0.8582203556704864,0.7018903965556372,0.1177213167179967,0.011208528444754411,0.03535668028295307,0.04555069142465419,0.01120852844475441,0.011208528444754411,0.01736076516887516,0.011208528444754411,0.011208528444754411,0.011208528444754411,2.027346099295267,2.4902555419177546,2.7456315168071774,2.0365853658536586,4.063931465148926,4.063931465148926,4.063931465148926,4.063931465148926,0.01736076516887516,0.0,1.734723475976807e-18,0.5,1.6518048383452988
N1-R_fold4_seed20261002,N1,N1-R,4,20261002,completed,/project/disease_ecology/STGNN-output/neural_a0_architecture_audit/models/N1-R_fold4_seed20261002.pt,1,24.893944263458252,12,True,cuda,balanced_multitask_loss,3,0.7018904089927673,0.1367213030698184,-3.909728734808078,-5.7273487283514966,-3.5524462227996993,0.7018904089927673,0.5012302360422728,0.508138878297437,0.059865995815482714,0.7158300264653723,0.3561473375480016,0.3532590752940383,0.028668924977582944,0.3939731571896821,0.41574308573349655,0.4553729314489707,0.029107628006861848,1.265698720665771,1.932933098548633,2.0881841876629017,2.1172918156697635,2.117568599827619,2.19946109961264,2.264290571505445,0.02153753831781157,0.08323550009628171,0.030868276663664092,0.3671816704160919,1.4388161449932042,0.02812391058974437,-0.009943358184119289,-0.17243071785869912,0.7601345288211417,0.7018903965556372,0.18475253226261254,0.01202882667463717,0.059865995815482714,0.04419149186474904,0.01202882667463717,0.01202882667463717,0.028668924977582944,0.01202882667463717,0.01202882667463717,0.01202882667463717,1.5856148502704477,2.1972887944802317,2.496107151737883,2.0881841876629017,3.6737990379333496,3.6737990379333496,3.6737990379333496,3.6737990379333496,0.028668924977582944,0.0,0.0,0.5,1.6138794625472328
N1-R_fold4_seed20261003,N1,N1-R,4,20261003,completed,/project/disease_ecology/STGNN-output/neural_a0_architecture_audit/models/N1-R_fold4_seed20261003.pt,1,20.896686553955078,12,True,cuda,balanced_multitask_loss,3,0.7018904089927673,0.04993336472938955,-0.7931315027939903,6.633031794351618,7.6137097253191675,0.7018904089927673,0.2801658402686807,0.3160234435536563,0.059865995815482714,0.42101290180950174,0.18516995881880413,0.17852300810477553,0.028668924977582944,0.22634042797122383,0.24457909524021526,0.2884697978618851,0.49577596581249583,1.493567358764881,1.9855739742644554,2.0881841876629017,2.5839601534753975,2.5846751830708885,2.7853245677661973,2.846900810052015,0.225864349470911,0.1497684766109233,0.03062108959884102,0.9229999218902245,1.4638171539865872,0.02812391058974437,-0.009943358184119289,-0.17243071785869912,0.7601345288211417,0.7018903965556372,0.18475253226261254,0.01202882667463717,0.059865995815482714,0.04419149186474904,0.01202882667463717,0.01202882667463717,0.028668924977582944,0.01202882667463717,0.01202882667463717,0.01202882667463717,1.5856148502704477,2.1972887944802317,2.496107151737883,2.0881841876629017,3.6737990379333496,3.6737990379333496,3.6737990379333496,3.6737990379333496,0.028668924977582944,0.0,0.0,0.5,1.6138794625472328
N1-R_fold4_seed20261004,N1,N1-R,4,20261004,completed,/project/disease_ecology/STGNN-output/neural_a0_architecture_audit/models/N1-R_fold4_seed20261004.pt,1,20.882007598876953,12,True,cuda,balanced_multitask_loss,3,0.7018904089927673,0.12109938962511152,-3.3487381970497117,2.6240805022213096,9.899612098318439,0.7018904089927673,0.46745225731921375,0.44615327241111796,0.059865995815482714,0.7450306237579948,0.3356585704807021,0.33497117116991,0.028668924977582944,0.3698965516269374,0.37983910762332407,0.40101286489814963,0.38532774011549736,1.444615658366888,1.9703670530265516,2.0881841876629017,2.473511927778399,2.4803278148541006,2.6094088170060927,2.6562731446414496,0.11383074844916129,0.13988977320306634,0.02649080451351298,0.8065896551288546,1.4580081668624056,0.02812391058974437,-0.009943358184119289,-0.17243071785869912,0.7601345288211417,0.7018903965556372,0.18475253226261254,0.01202882667463717,0.059865995815482714,0.04419149186474904,0.01202882667463717,0.01202882667463717,0.028668924977582944,0.01202882667463717,0.01202882667463717,0.01202882667463717,1.5856148502704477,2.1972887944802317,2.496107151737883,2.0881841876629017,3.6737990379333496,3.6737990379333496,3.6737990379333496,3.6737990379333496,0.028668924977582944,0.0,0.0,0.5,1.6138794625472328
N1-R_fold4_seed20261005,N1,N1-R,4,20261005,completed,/project/disease_ecology/STGNN-output/neural_a0_architecture_audit/models/N1-R_fold4_seed20261005.pt,1,24.265369415283203,12,True,cuda,balanced_multitask_loss,3,0.7018904089927673,0.04130377758682886,-0.4832388159043377,6.499105700357029,6.007442365754405,0.7018904089927673,0.24906018234879204,0.3982020261543009,0.059865995815482714,0.38582610213747404,0.1493438429705162,0.14489174517619263,0.028668924977582944,0.17584599289026648,0.19358920363089144,0.21595757664054546,0.6129347588777531,1.5628363892826973,2.026158703952598,2.0881841876629017,2.701118946540655,2.7072571258605747,2.7895109335409667,2.8484057083233556,0.11112150865529462,0.08176465449314275,0.020183809674691588,0.8382238078773998,1.4823734884201567,0.02812391058974437,-0.009943358184119289,-0.17243071785869912,0.7601345288211417,0.7018903965556372,0.18475253226261254,0.01202882667463717,0.059865995815482714,0.04419149186474904,0.01202882667463717,0.01202882667463717,0.028668924977582944,0.01202882667463717,0.01202882667463717,0.01202882667463717,1.5856148502704477,2.1972887944802317,2.496107151737883,2.0881841876629017,3.6737990379333496,3.6737990379333496,3.6737990379333496,3.6737990379333496,0.028668924977582944,0.0,0.0,0.5,1.6138794625472328
N1-R_fold4_seed20261006,N1,N1-R,4,20261006,completed,/project/disease_ecology/STGNN-output/neural_a0_architecture_audit/models/N1-R_fold4_seed20261006.pt,1,25.69104814529419,12,True,cuda,balanced_multitask_loss,3,0.7018904089927673,0.04318030737261418,-0.5506259165545453,9.439696385262785,7.721114184852794,0.7018904089927673,0.2565337881699754,0.40733379575257145,0.059865995815482714,0.3748936284640853,0.1542789234624341,0.15319548017814127,0.028668924977582944,0.1666059573844644,0.17152468809916632,0.1808621844827329,0.5307554106735135,1.516509129353471,1.9981928592861344,2.0881841876629017,2.618939598336415,2.624483136658009,2.660410677608448,2.681235468970485,0.089399155717635,0.11885935400514487,0.011182224959176994,0.7874771694327353,1.4712293786208985,0.02812391058974437,-0.009943358184119289,-0.17243071785869912,0.7601345288211417,0.7018903965556372,0.18475253226261254,0.01202882667463717,0.059865995815482714,0.04419149186474904,0.01202882667463717,0.01202882667463717,0.028668924977582944,0.01202882667463717,0.01202882667463717,0.01202882667463717,1.5856148502704477,2.1972887944802317,2.496107151737883,2.0881841876629017,3.6737990379333496,3.6737990379333496,3.6737990379333496,3.6737990379333496,0.028668924977582944,0.0,0.0,0.5,1.6138794625472328
N1-E_fold1_seed20261002,N1,N1-E,1,20261002,completed,/project/disease_ecology/STGNN-output/neural_a0_architecture_audit/models/N1-E_fold1_seed20261002.pt,1,14.318850755691528,12,True,cuda,exact_joint_hurdle_nll,3,0.7018904089927673,0.2333342158906488,-13.9167952727096,-4.105303810383137,0.2680930934640334,0.7018904089927673,0.7093769902413553,0.5865741787510702,0.06506694461262559,0.8235942335201776,0.4817096065605011,0.483380818650646,0.015895034526099586,0.5149386047309477,0.5232663688679685,0.5392788364956717,-2.3563557946080276,2.5447126325917897,4.698986073821772,4.093539054966249,1.7371832603582211,1.7379933414610045,1.7732290840222316,1.8190305770111344,0.015376151027564651,0.03621160053158952,0.026222844109996785,0.4807585528863859,3.124451439171771,0.015754158478862346,-0.0071457193965256405,-0.14549162372953736,0.7609872320503777,0.7018903965556372,0.12477604156595316,0.005322614020432095,0.06506694461262559,0.021098857134049125,0.005322614020432094,0.005322614020432095,0.015895034526099586,0.005322614020432095,0.005322614020432095,0.005322614020432095,-0.12953620729474066,2.5496090242464953,4.071246777698395,4.093539054966249,3.964002847671508,3.964002847671508,3.964002847671508,3.964002847671508,0.015895034526099586,0.0,8.673617379884035e-19,0.5,2.283792868291652
N1-E_fold1_seed20261003,N1,N1-E,1,20261003,completed,/project/disease_ecology/STGNN-output/neural_a0_architecture_audit/models/N1-E_fold1_seed20261003.pt,1,17.05852699279785,12,True,cuda,exact_joint_hurdle_nll,3,0.7018904089927673,0.08629284688008779,-4.516605121525744,-6.719432384530925,-2.693527745007456,0.7018904089927673,0.39022098629956437,0.37394764170148287,0.06506694461262559,0.514167907363035,0.2802363763046199,0.2763925163388721,0.015895034526099586,0.31397144192525583,0.32228898267839945,0.3357642989505556,-2.1645715677811475,2.403311871183968,4.5993855105003245,4.093539054966249,1.9289674871851017,1.9184730065575986,2.0360121089145786,2.0771886119744845,0.012812491943728608,0.10919600630224237,0.023540049725812036,0.3980067608975887,2.847674936497484,0.015754158478862346,-0.0071457193965256405,-0.14549162372953736,0.7609872320503777,0.7018903965556372,0.12477604156595316,0.005322614020432095,0.06506694461262559,0.021098857134049125,0.005322614020432094,0.005322614020432095,0.015895034526099586,0.005322614020432095,0.005322614020432095,0.005322614020432095,-0.12953620729474066,2.5496090242464953,4.071246777698395,4.093539054966249,3.964002847671508,3.964002847671508,3.964002847671508,3.964002847671508,0.015895034526099586,0.0,8.673617379884035e-19,0.5,2.283792868291652
N1-E_fold1_seed20261004,N1,N1-E,1,20261004,completed,/project/disease_ecology/STGNN-output/neural_a0_architecture_audit/models/N1-E_fold1_seed20261004.pt,1,20.84225630760193,12,True,cuda,exact_joint_hurdle_nll,3,0.7018904089927673,0.27980873830820535,-16.887859476274727,-3.823300912815367,-3.283405930546447,0.7018904089927673,0.7976689886711462,0.5899014360607175,0.06506694461262559,1.0494654158329175,0.5287862511097835,0.5360256068000717,0.015895034526099586,0.5511560919945656,0.5566394491968086,0.5639156490184194,-2.115585448021803,2.3713594966020133,4.58748922211265,4.093539054966249,1.9779536069444454,1.9762381330731125,2.0312914522849628,2.0588435317350613,0.010896769930406093,0.04869516765519781,0.02574188184125666,0.3334855233959216,2.8172797699104226,0.015754158478862346,-0.0071457193965256405,-0.14549162372953736,0.7609872320503777,0.7018903965556372,0.12477604156595316,0.005322614020432095,0.06506694461262559,0.021098857134049125,0.005322614020432094,0.005322614020432095,0.015895034526099586,0.005322614020432095,0.005322614020432095,0.005322614020432095,-0.12953620729474066,2.5496090242464953,4.071246777698395,4.093539054966249,3.964002847671508,3.964002847671508,3.964002847671508,3.964002847671508,0.015895034526099586,0.0,8.673617379884035e-19,0.5,2.283792868291652
N1-E_fold1_seed20261005,N1,N1-E,1,20261005,completed,/project/disease_ecology/STGNN-output/neural_a0_architecture_audit/models/N1-E_fold1_seed20261005.pt,1,22.101674556732178,12,True,cuda,exact_joint_hurdle_nll,3,0.7018904089927673,0.08639672047297178,-4.523245644062814,5.767840381667762,11.458447345579657,0.7018904089927673,0.38637727532322197,0.4531909114413425,0.06506694461262559,0.6191385385052555,0.2820464325271364,0.28882429550209765,0.015895034526099586,0.31021171001118814,0.3134516287335283,0.3307963160498642,-1.8651918881196554,2.352297699666853,4.474501802843527,4.093539054966249,2.2283471668465937,2.225846645985654,2.2571149609573524,2.286056998535136,0.06500587309768344,0.04833501428613539,0.028059974446592,0.832863407463757,2.610922963635961,0.015754158478862346,-0.0071457193965256405,-0.14549162372953736,0.7609872320503777,0.7018903965556372,0.12477604156595316,0.005322614020432095,0.06506694461262559,0.021098857134049125,0.005322614020432094,0.005322614020432095,0.015895034526099586,0.005322614020432095,0.005322614020432095,0.005322614020432095,-0.12953620729474066,2.5496090242464953,4.071246777698395,4.093539054966249,3.964002847671508,3.964002847671508,3.964002847671508,3.964002847671508,0.015895034526099586,0.0,8.673617379884035e-19,0.5,2.283792868291652
N1-E_fold1_seed20261006,N1,N1-E,1,20261006,completed,/project/disease_ecology/STGNN-output/neural_a0_architecture_audit/models/N1-E_fold1_seed20261006.pt,1,20.527947187423706,12,True,cuda,exact_joint_hurdle_nll,3,0.7018904089927673,0.06452166902670264,-3.1247980878033896,-5.6922649069187115,-1.3199669173706887,0.7018904089927673,0.33164804469775455,0.4695917479074231,0.06506694461262559,0.4657827247886234,0.23579779358646097,0.23288406537904865,0.015895034526099586,0.26330791047996005,0.2735374944132814,0.289225321179515,-2.00828235089773,2.354067965006803,4.543230279592855,4.093539054966249,2.085256704068519,2.0928537281044193,2.143378987630037,2.1688943043407583,0.014784533233543815,0.1016003791638221,0.02068352498299283,0.49488321619347125,2.7277325167613635,0.015754158478862346,-0.0071457193965256405,-0.14549162372953736,0.7609872320503777,0.7018903965556372,0.12477604156595316,0.005322614020432095,0.06506694461262559,0.021098857134049125,0.005322614020432094,0.005322614020432095,0.015895034526099586,0.005322614020432095,0.005322614020432095,0.005322614020432095,-0.12953620729474066,2.5496090242464953,4.071246777698395,4.093539054966249,3.964002847671508,3.964002847671508,3.964002847671508,3.964002847671508,0.015895034526099586,0.0,8.673617379884035e-19,0.5,2.283792868291652
N1-E_fold2_seed20261002,N1,N1-E,2,20261002,completed,/project/disease_ecology/STGNN-output/neural_a0_architecture_audit/models/N1-E_fold2_seed20261002.pt,1,17.503623723983765,12,True,cuda,exact_joint_hurdle_nll,3,0.7018904089927673,0.21137902755605517,-10.769966910973295,-4.878218021396988,-3.7346447655368373,0.7018904089927673,0.6703436631852437,0.6051030657338328,0.0749381135950828,0.8145177215866188,0.454614594011892,0.44903807662312667,0.018293851212053864,0.5186112365825295,0.5391398831526755,0.5708903905241963,-2.287237898907569,2.5282066801431293,4.47369045710525,4.09635525764558,1.8091173587380112,1.8038365592419476,1.8610651267171658,1.904875084767503,0.012334093784183653,0.05722887248387825,0.04580375140920558,0.33309228019073156,3.014894378906672,0.018048433862048314,-0.004969470279471588,-0.17117186075337687,0.8077289476494071,0.7018903965556372,0.13695479030597618,0.008846754188987924,0.0749381135950828,0.035754887658514166,0.008846754188987923,0.008846754188987924,0.018293851212053864,0.008846754188987924,0.008846754188987924,0.008846754188987924,-0.05477267326447671,2.6315596689976157,3.8476974436531117,4.09635525764558,4.0415825843811035,4.0415825843811035,4.0415825843811035,4.0415825843811035,0.018293851212053864,0.0,1.734723475976807e-18,0.5,2.2818217303508175
N1-E_fold2_seed20261003,N1,N1-E,2,20261003,completed,/project/disease_ecology/STGNN-output/neural_a0_architecture_audit/models/N1-E_fold2_seed20261003.pt,1,23.748238563537598,12,True,cuda,exact_joint_hurdle_nll,3,0.7018904089927673,0.06491938539635128,-2.6148289015718347,-1.6770759143796437,1.96160141578737,0.7018904089927673,0.3404251334646848,0.32737685890711943,0.0749381135950828,0.4516013714927196,0.23423040558978278,0.23196412751853432,0.018293851212053864,0.2636453336384843,0.2755726342425043,0.2993187336945863,-2.143803390543796,2.4363964639657363,4.3999555419645215,4.09635525764558,1.9525518671017843,1.9350975042414675,2.0601443500236196,2.1161720508106856,0.01990864770958655,0.10532817805553057,0.021914611194879377,0.5824403595550238,2.83434639257894,0.018048433862048314,-0.004969470279471588,-0.17117186075337687,0.8077289476494071,0.7018903965556372,0.13695479030597618,0.008846754188987924,0.0749381135950828,0.035754887658514166,0.008846754188987923,0.008846754188987924,0.018293851212053864,0.008846754188987924,0.008846754188987924,0.008846754188987924,-0.05477267326447671,2.6315596689976157,3.8476974436531117,4.09635525764558,4.0415825843811035,4.0415825843811035,4.0415825843811035,4.0415825843811035,0.018293851212053864,0.0,1.734723475976807e-18,0.5,2.2818217303508175
N1-E_fold2_seed20261004,N1,N1-E,2,20261004,completed,/project/disease_ecology/STGNN-output/neural_a0_architecture_audit/models/N1-E_fold2_seed20261004.pt,1,21.994078397750854,12,True,cuda,exact_joint_hurdle_nll,3,0.7018904089927673,0.1930607554068481,-9.74997235638015,-3.93073888672669,0.20800926081364093,0.7018904089927673,0.6288304746934371,0.5318109892585426,0.0749381135950828,0.8529076870864521,0.43598349918681867,0.43800976017954457,0.018293851212053864,0.4641761955267496,0.47057455408776144,0.4834381149118232,-2.064678925058486,2.398133381201734,4.363748435632361,4.09635525764558,2.031676332587094,2.036865660007039,2.076768769246684,2.127024463956377,0.036479351632209056,0.07163797043544112,0.026021752896965563,0.624100996172892,2.7580091957541355,0.018048433862048314,-0.004969470279471588,-0.17117186075337687,0.8077289476494071,0.7018903965556372,0.13695479030597618,0.008846754188987924,0.0749381135950828,0.035754887658514166,0.008846754188987923,0.008846754188987924,0.018293851212053864,0.008846754188987924,0.008846754188987924,0.008846754188987924,-0.05477267326447671,2.6315596689976157,3.8476974436531117,4.09635525764558,4.0415825843811035,4.0415825843811035,4.0415825843811035,4.0415825843811035,0.018293851212053864,0.0,1.734723475976807e-18,0.5,2.2818217303508175
N1-E_fold2_seed20261005,N1,N1-E,2,20261005,completed,/project/disease_ecology/STGNN-output/neural_a0_architecture_audit/models/N1-E_fold2_seed20261005.pt,1,19.407429456710815,12,True,cuda,exact_joint_hurdle_nll,3,0.7018904089927673,0.06517581564206336,-2.6291074018653586,2.592961691315679,5.849038433139515,0.7018904089927673,0.3354807935053306,0.47032840209541216,0.0749381135950828,0.5433320343660147,0.2357518086166517,0.2339914429964874,0.018293851212053864,0.27160535734899094,0.27663272755062585,0.28362424921937596,-1.73633801327951,2.4070775452593205,4.222934120865377,4.09635525764558,2.36001724436607,2.366604061163643,2.4166862797873025,2.4337741910333768,0.0403299231518182,0.05375800352793531,0.026261111228027382,0.7317358660512905,2.542782651780396,0.018048433862048314,-0.004969470279471588,-0.17117186075337687,0.8077289476494071,0.7018903965556372,0.13695479030597618,0.008846754188987924,0.0749381135950828,0.035754887658514166,0.008846754188987923,0.008846754188987924,0.018293851212053864,0.008846754188987924,0.008846754188987924,0.008846754188987924,-0.05477267326447671,2.6315596689976157,3.8476974436531117,4.09635525764558,4.0415825843811035,4.0415825843811035,4.0415825843811035,4.0415825843811035,0.018293851212053864,0.0,1.734723475976807e-18,0.5,2.2818217303508175
N1-E_fold2_seed20261006,N1,N1-E,2,20261006,completed,/project/disease_ecology/STGNN-output/neural_a0_architecture_audit/models/N1-E_fold2_seed20261006.pt,1,19.551412105560303,12,True,cuda,exact_joint_hurdle_nll,3,0.7018904089927673,0.04702862503750613,-1.6186389773849683,-8.018633297562262,-2.6982294049696796,0.7018904089927673,0.2845447153444735,0.4653655984903471,0.0749381135950828,0.37253531709314186,0.1869074059659832,0.18575559914885015,0.018293851212053864,0.2120300837227415,0.2198392159860823,0.23414890774873903,-2.0019967880955742,2.3975236732926675,4.336293062470172,4.09635525764558,2.0943584695500057,2.0923247922062314,2.1657520130026082,2.2120083375635025,0.014258839168600601,0.09595417266734634,0.0199829356556686,0.404144110523045,2.7082143389356803,0.018048433862048314,-0.004969470279471588,-0.17117186075337687,0.8077289476494071,0.7018903965556372,0.13695479030597618,0.008846754188987924,0.0749381135950828,0.035754887658514166,0.008846754188987923,0.008846754188987924,0.018293851212053864,0.008846754188987924,0.008846754188987924,0.008846754188987924,-0.05477267326447671,2.6315596689976157,3.8476974436531117,4.09635525764558,4.0415825843811035,4.0415825843811035,4.0415825843811035,4.0415825843811035,0.018293851212053864,0.0,1.734723475976807e-18,0.5,2.2818217303508175
N1-E_fold3_seed20261002,N1,N1-E,3,20261002,completed,/project/disease_ecology/STGNN-output/neural_a0_architecture_audit/models/N1-E_fold3_seed20261002.pt,1,24.046628713607788,12,True,cuda,exact_joint_hurdle_nll,3,0.7018904089927673,0.18085248221827344,-9.601358244905313,-9.38872493290546,-11.02473759838693,0.7018904089927673,0.5769754939166806,0.5481254982552777,0.03535668028295307,0.7802804725355647,0.41681282297492855,0.4146298399289721,0.01736076516887516,0.48167466510295265,0.49955864052576715,0.5174935079384371,-0.12092585379595418,1.1573951596203387,1.8523130313881446,2.0365853658536586,1.9156595120577042,1.9107323048516704,1.9874396012803792,2.0510321325948784,0.009450928728498507,0.06275657851242918,0.047628826104925706,0.1390954916487034,1.4023848393456924,0.017097219018335955,-0.0022187231371813,-0.19157523248652356,0.8582203556704864,0.7018903965556372,0.1177213167179967,0.011208528444754411,0.03535668028295307,0.04555069142465419,0.01120852844475441,0.011208528444754411,0.01736076516887516,0.011208528444754411,0.011208528444754411,0.011208528444754411,2.027346099295267,2.4902555419177546,2.7456315168071774,2.0365853658536586,4.063931465148926,4.063931465148926,4.063931465148926,4.063931465148926,0.01736076516887516,0.0,1.734723475976807e-18,0.5,1.6518048383452988
N1-E_fold3_seed20261003,N1,N1-E,3,20261003,completed,/project/disease_ecology/STGNN-output/neural_a0_architecture_audit/models/N1-E_fold3_seed20261003.pt,1,19.19097089767456,12,True,cuda,exact_joint_hurdle_nll,3,0.7018904089927673,0.04691796958826483,-1.7502757917829181,3.8628661572221588,5.599736385662909,0.7018904089927673,0.25976117709917895,0.2899050629945289,0.03535668028295307,0.38610055879331046,0.19051070310332222,0.18913592916129746,0.01736076516887516,0.21253678789725727,0.22129253726574982,0.24217188930480196,-0.02466417405556076,1.193920730376997,1.860212500040792,2.0365853658536586,2.0119211917980975,2.0066283784454155,2.115532629112624,2.253533584764018,0.03686685151096496,0.07869808552045003,0.018536237712796354,0.7181459678637361,1.408479922237014,0.017097219018335955,-0.0022187231371813,-0.19157523248652356,0.8582203556704864,0.7018903965556372,0.1177213167179967,0.011208528444754411,0.03535668028295307,0.04555069142465419,0.01120852844475441,0.011208528444754411,0.01736076516887516,0.011208528444754411,0.011208528444754411,0.011208528444754411,2.027346099295267,2.4902555419177546,2.7456315168071774,2.0365853658536586,4.063931465148926,4.063931465148926,4.063931465148926,4.063931465148926,0.01736076516887516,0.0,1.734723475976807e-18,0.5,1.6518048383452988
N1-E_fold3_seed20261004,N1,N1-E,3,20261004,completed,/project/disease_ecology/STGNN-output/neural_a0_architecture_audit/models/N1-E_fold3_seed20261004.pt,1,22.220378875732422,12,True,cuda,exact_joint_hurdle_nll,3,0.7018904089927673,0.12728826207394228,-6.461487119588504,-10.138148296419228,-9.010190850572377,0.7018904089927673,0.4644842357627777,0.4519610962403862,0.03535668028295307,0.6647906147024721,0.347511851722668,0.3492637083445014,0.01736076516887516,0.3711640834879908,0.37684782369164344,0.3865088573070307,0.01806339272199706,1.1951364548506462,1.8441688967047936,2.0365853658536586,2.054648758575656,2.0472846241876317,2.131964162384713,2.222422442789623,0.010339064083821,0.06193575771289385,0.02030466385228185,0.23426168622740223,1.3956103669552837,0.017097219018335955,-0.0022187231371813,-0.19157523248652356,0.8582203556704864,0.7018903965556372,0.1177213167179967,0.011208528444754411,0.03535668028295307,0.04555069142465419,0.01120852844475441,0.011208528444754411,0.01736076516887516,0.011208528444754411,0.011208528444754411,0.011208528444754411,2.027346099295267,2.4902555419177546,2.7456315168071774,2.0365853658536586,4.063931465148926,4.063931465148926,4.063931465148926,4.063931465148926,0.01736076516887516,0.0,1.734723475976807e-18,0.5,1.6518048383452988
N1-E_fold3_seed20261005,N1,N1-E,3,20261005,completed,/project/disease_ecology/STGNN-output/neural_a0_architecture_audit/models/N1-E_fold3_seed20261005.pt,1,20.228758811950684,12,True,cuda,exact_joint_hurdle_nll,3,0.7018904089927673,0.04268596930319619,-1.5022009488819181,4.994881809992419,6.082164825760342,0.7018904089927673,0.2460286582229235,0.44167646346226863,0.03535668028295307,0.4409124649198457,0.17818542745555316,0.17663063025267456,0.01736076516887516,0.20315898706571026,0.2124412062152974,0.22664336211582162,0.45639719278274044,1.440314894425096,1.9101015892396667,2.0365853658536586,2.492982558636399,2.524487967815624,2.5740443429427793,2.584951354367895,0.0438928745904941,0.06567627842172172,0.018732064082589726,0.7773266089997701,1.4328982796046277,0.017097219018335955,-0.0022187231371813,-0.19157523248652356,0.8582203556704864,0.7018903965556372,0.1177213167179967,0.011208528444754411,0.03535668028295307,0.04555069142465419,0.01120852844475441,0.011208528444754411,0.01736076516887516,0.011208528444754411,0.011208528444754411,0.011208528444754411,2.027346099295267,2.4902555419177546,2.7456315168071774,2.0365853658536586,4.063931465148926,4.063931465148926,4.063931465148926,4.063931465148926,0.01736076516887516,0.0,1.734723475976807e-18,0.5,1.6518048383452988
N1-E_fold3_seed20261006,N1,N1-E,3,20261006,completed,/project/disease_ecology/STGNN-output/neural_a0_architecture_audit/models/N1-E_fold3_seed20261006.pt,1,23.654322147369385,12,True,cuda,exact_joint_hurdle_nll,3,0.7018904089927673,0.03410607786613139,-0.9992578777608907,-15.080569621545825,-5.98008005362713,0.7018904089927673,0.21366125501656025,0.4587169354765108,0.03535668028295307,0.29122953946314056,0.1445304694022006,0.1424443954197662,0.01736076516887516,0.1709832370528694,0.17780533625110717,0.18955555115828246,0.10298275010144513,1.2420202319417244,1.8492545953386328,2.0365853658536586,2.1395681159551034,2.13149216272508,2.212092938879952,2.266046999748982,0.010793869166148768,0.09629218430553126,0.019886541519962362,0.2755426641704743,1.399839051547345,0.017097219018335955,-0.0022187231371813,-0.19157523248652356,0.8582203556704864,0.7018903965556372,0.1177213167179967,0.011208528444754411,0.03535668028295307,0.04555069142465419,0.01120852844475441,0.011208528444754411,0.01736076516887516,0.011208528444754411,0.011208528444754411,0.011208528444754411,2.027346099295267,2.4902555419177546,2.7456315168071774,2.0365853658536586,4.063931465148926,4.063931465148926,4.063931465148926,4.063931465148926,0.01736076516887516,0.0,1.734723475976807e-18,0.5,1.6518048383452988
N1-E_fold4_seed20261002,N1,N1-E,4,20261002,completed,/project/disease_ecology/STGNN-output/neural_a0_architecture_audit/models/N1-E_fold4_seed20261002.pt,1,19.53347086906433,12,True,cuda,exact_joint_hurdle_nll,3,0.7018904089927673,0.12356314041606861,-3.437212690652154,-10.34992909299664,-9.368550302292354,0.7018904089927673,0.4723560909733584,0.46474439346736207,0.059865995815482714,0.6410104500417853,0.33539502866957194,0.33212648151153723,0.028668924977582944,0.3682620939342274,0.37954378458947896,0.40975877541259664,-0.09017790214890543,1.2076867234232578,1.9282505314760792,2.0881841876629017,1.9980062855139962,1.990101137242914,2.0659456637479736,2.1373390687139953,0.017981174907190978,0.0630072056150141,0.024942853956582797,0.270105617182297,1.4353291587997157,0.02812391058974437,-0.009943358184119289,-0.17243071785869912,0.7601345288211417,0.7018903965556372,0.18475253226261254,0.01202882667463717,0.059865995815482714,0.04419149186474904,0.01202882667463717,0.01202882667463717,0.028668924977582944,0.01202882667463717,0.01202882667463717,0.01202882667463717,1.5856148502704477,2.1972887944802317,2.496107151737883,2.0881841876629017,3.6737990379333496,3.6737990379333496,3.6737990379333496,3.6737990379333496,0.028668924977582944,0.0,0.0,0.5,1.6138794625472328
N1-E_fold4_seed20261003,N1,N1-E,4,20261003,completed,/project/disease_ecology/STGNN-output/neural_a0_architecture_audit/models/N1-E_fold4_seed20261003.pt,1,20.698153257369995,12,True,cuda,exact_joint_hurdle_nll,3,0.7018904089927673,0.04382065814193659,-0.5736212252731379,2.6168454883113053,3.703802617308214,0.7018904089927673,0.25710761457613546,0.2636185119270725,0.059865995815482714,0.3136423122316582,0.1559983956437778,0.15232967948601045,0.028668924977582944,0.18318776153779148,0.19455426744195414,0.21259893033487162,-0.050473684728706336,1.2202176615485074,1.9219586016332828,2.0881841876629017,2.0377105029341958,2.021107867353774,2.150249254498375,2.24725041327211,0.04677024973693951,0.07164701753964675,0.01902157525040856,0.72548952951381,1.430331606720775,0.02812391058974437,-0.009943358184119289,-0.17243071785869912,0.7601345288211417,0.7018903965556372,0.18475253226261254,0.01202882667463717,0.059865995815482714,0.04419149186474904,0.01202882667463717,0.01202882667463717,0.028668924977582944,0.01202882667463717,0.01202882667463717,0.01202882667463717,1.5856148502704477,2.1972887944802317,2.496107151737883,2.0881841876629017,3.6737990379333496,3.6737990379333496,3.6737990379333496,3.6737990379333496,0.028668924977582944,0.0,0.0,0.5,1.6138794625472328
N1-E_fold4_seed20261004,N1,N1-E,4,20261004,completed,/project/disease_ecology/STGNN-output/neural_a0_architecture_audit/models/N1-E_fold4_seed20261004.pt,1,26.13491463661194,12,True,cuda,exact_joint_hurdle_nll,3,0.7018904089927673,0.08855689819241656,-2.180121443830521,-12.352796495821996,-8.60480257676548,0.7018904089927673,0.3901326588333622,0.35739604879852044,0.059865995815482714,0.5367355187744444,0.2723342335274036,0.2745700381058839,0.028668924977582944,0.29419572621149903,0.3003564349755098,0.31401037774930074,-0.002362681847629908,1.2473141862207129,1.9286541769813832,2.0881841876629017,2.085821505815272,2.080563008316386,2.1734339733751216,2.2425381445826624,0.017136997709417127,0.07046832602749194,0.01921146523391759,0.23982553894241282,1.4355654564258256,0.02812391058974437,-0.009943358184119289,-0.17243071785869912,0.7601345288211417,0.7018903965556372,0.18475253226261254,0.01202882667463717,0.059865995815482714,0.04419149186474904,0.01202882667463717,0.01202882667463717,0.028668924977582944,0.01202882667463717,0.01202882667463717,0.01202882667463717,1.5856148502704477,2.1972887944802317,2.496107151737883,2.0881841876629017,3.6737990379333496,3.6737990379333496,3.6737990379333496,3.6737990379333496,0.028668924977582944,0.0,0.0,0.5,1.6138794625472328
N1-E_fold4_seed20261005,N1,N1-E,4,20261005,completed,/project/disease_ecology/STGNN-output/neural_a0_architecture_audit/models/N1-E_fold4_seed20261005.pt,1,25.91168451309204,12,True,cuda,exact_joint_hurdle_nll,3,0.7018904089927673,0.03990203335369548,-0.43290149622013296,7.133016112462895,5.998695464142483,0.7018904089927673,0.24300153289321028,0.39279490731329414,0.059865995815482714,0.34945200158701156,0.1406825813090208,0.13819744462195688,0.028668924977582944,0.15632322340068283,0.16409496067977192,0.18494219155065617,0.44203712661130806,1.4772732194034723,1.9830417737954604,2.0881841876629017,2.5302213142742103,2.541445550410171,2.6117090325153094,2.6656642019729313,0.07775562668783353,0.06947033317303473,0.013693002649761647,0.7714342881908068,1.4642610340874793,0.02812391058974437,-0.009943358184119289,-0.17243071785869912,0.7601345288211417,0.7018903965556372,0.18475253226261254,0.01202882667463717,0.059865995815482714,0.04419149186474904,0.01202882667463717,0.01202882667463717,0.028668924977582944,0.01202882667463717,0.01202882667463717,0.01202882667463717,1.5856148502704477,2.1972887944802317,2.496107151737883,2.0881841876629017,3.6737990379333496,3.6737990379333496,3.6737990379333496,3.6737990379333496,0.028668924977582944,0.0,0.0,0.5,1.6138794625472328
N1-E_fold4_seed20261006,N1,N1-E,4,20261006,completed,/project/disease_ecology/STGNN-output/neural_a0_architecture_audit/models/N1-E_fold4_seed20261006.pt,1,24.068928480148315,12,True,cuda,exact_joint_hurdle_nll,3,0.7018904089927673,0.035488803862223486,-0.27442027082896203,-11.1362297532295,-3.6075250383850497,0.7018904089927673,0.22182590122686632,0.4056950178043913,0.059865995815482714,0.23439381181041763,0.11226478837121487,0.1072967441114412,0.028668924977582944,0.1369526066911173,0.14204893446682637,0.15152634877257595,0.0696733122750771,1.2847537293048987,1.9313559674802334,2.0881841876629017,2.157857499937979,2.1553982654251342,2.198991615332467,2.273825529230939,0.021359480079840988,0.061011358638477425,0.016374935197421153,0.396590574578494,1.4376550542240734,0.02812391058974437,-0.009943358184119289,-0.17243071785869912,0.7601345288211417,0.7018903965556372,0.18475253226261254,0.01202882667463717,0.059865995815482714,0.04419149186474904,0.01202882667463717,0.01202882667463717,0.028668924977582944,0.01202882667463717,0.01202882667463717,0.01202882667463717,1.5856148502704477,2.1972887944802317,2.496107151737883,2.0881841876629017,3.6737990379333496,3.6737990379333496,3.6737990379333496,3.6737990379333496,0.028668924977582944,0.0,0.0,0.5,1.6138794625472328
N2-R_fold1_seed20261002,N2,N2-R,1,20261002,completed,/project/disease_ecology/STGNN-output/neural_a0_architecture_audit/models/N2-R_fold1_seed20261002.pt,1,14.966489791870117,12,True,cuda,exact_joint_hurdle_nll,3,0.7018904089927673,0.23333421462598639,-13.916795191861146,-4.1053038089222085,0.26809309585929175,0.7018904089927673,0.7093769875069704,0.5865741787510702,0.06506694461262559,0.8235942339371319,0.48170960514909766,0.48338084097769385,0.015895034526099586,0.5149385972870177,0.5232663614335207,0.5392788379765954,-2.3563557872231176,2.5447126265271303,4.698986070460971,4.093539054966249,1.7371832677431311,1.7379933756331833,1.7732290362633836,1.8190305770111344,0.015376156301188475,0.036211600880996175,0.026222844438346396,0.4807585453765138,3.1244514270612025,0.015754158478862346,-0.0071457193965256405,-0.14549162372953736,0.7609872320503777,0.7018903965556372,0.12477604156595316,0.005322614020432095,0.06506694461262559,0.021098857134049125,0.005322614020432094,0.005322614020432095,0.015895034526099586,0.005322614020432095,0.005322614020432095,0.005322614020432095,-0.12953620729474066,2.5496090242464953,4.071246777698395,4.093539054966249,3.964002847671508,3.964002847671508,3.964002847671508,3.964002847671508,0.015895034526099586,0.0,8.673617379884035e-19,0.5,2.283792868291652
N2-R_fold1_seed20261003,N2,N2-R,1,20261003,completed,/project/disease_ecology/STGNN-output/neural_a0_architecture_audit/models/N2-R_fold1_seed20261003.pt,1,19.543168306350708,12,True,cuda,exact_joint_hurdle_nll,3,0.7018904089927673,0.08629284417853321,-4.516604948818384,-6.7194310831548485,-2.6935263444488404,0.7018904089927673,0.3902209796824178,0.37394764170148287,0.06506694461262559,0.5141678960535767,0.28023637131807855,0.2763925163388721,0.015895034526099586,0.3139714162483651,0.32228898267839945,0.33576433085471596,-2.164571576146426,2.403311878503939,4.599385513772741,4.093539054966249,1.9289674788198226,1.9184728371033304,2.0360121089145786,2.0771886119744845,0.012812489031487406,0.10919600396593776,0.023540050344907908,0.3980067853046731,2.847674944297335,0.015754158478862346,-0.0071457193965256405,-0.14549162372953736,0.7609872320503777,0.7018903965556372,0.12477604156595316,0.005322614020432095,0.06506694461262559,0.021098857134049125,0.005322614020432094,0.005322614020432095,0.015895034526099586,0.005322614020432095,0.005322614020432095,0.005322614020432095,-0.12953620729474066,2.5496090242464953,4.071246777698395,4.093539054966249,3.964002847671508,3.964002847671508,3.964002847671508,3.964002847671508,0.015895034526099586,0.0,8.673617379884035e-19,0.5,2.283792868291652
N2-R_fold1_seed20261004,N2,N2-R,1,20261004,completed,/project/disease_ecology/STGNN-output/neural_a0_architecture_audit/models/N2-R_fold1_seed20261004.pt,1,21.337728023529053,12,True,cuda,exact_joint_hurdle_nll,3,0.7018904089927673,0.2798087368591364,-16.88785938363737,-3.823300943929729,-3.2834058052346164,0.7018904089927673,0.797668985809478,0.5899014360607175,0.06506694461262559,1.0494654143612276,0.5287862497323783,0.5360256068000717,0.015895034526099586,0.5511560772493865,0.5566394565517825,0.5639156519499399,-2.115585449074366,2.3713594996073115,4.5874892231760445,4.093539054966249,1.9779536058918825,1.9762380992633624,2.031291499515606,2.0588435809383534,0.010896770516542462,0.04869516801301954,0.025741882040764552,0.33348552527338954,2.81727977279195,0.015754158478862346,-0.0071457193965256405,-0.14549162372953736,0.7609872320503777,0.7018903965556372,0.12477604156595316,0.005322614020432095,0.06506694461262559,0.021098857134049125,0.005322614020432094,0.005322614020432095,0.015895034526099586,0.005322614020432095,0.005322614020432095,0.005322614020432095,-0.12953620729474066,2.5496090242464953,4.071246777698395,4.093539054966249,3.964002847671508,3.964002847671508,3.964002847671508,3.964002847671508,0.015895034526099586,0.0,8.673617379884035e-19,0.5,2.283792868291652
N2-R_fold1_seed20261005,N2,N2-R,1,20261005,completed,/project/disease_ecology/STGNN-output/neural_a0_architecture_audit/models/N2-R_fold1_seed20261005.pt,1,22.92154812812805,12,True,cuda,exact_joint_hurdle_nll,3,0.7018904089927673,0.0863967210468468,-4.523245680750001,5.7678383527749615,11.458445011504862,0.7018904089927673,0.386377276591992,0.45319090774870197,0.06506694461262559,0.6191385419441624,0.2820464336132722,0.28882429550209765,0.015895034526099586,0.31021171001118814,0.3134516287335283,0.3307963081331294,-1.865191882790845,2.3522977000224685,4.474501800749915,4.093539054966249,2.228347172175404,2.22584657898447,2.2571149609573524,2.286057096163895,0.06500566621934119,0.048335016154753954,0.028059975868788837,0.8328634356257776,2.6109229605882516,0.015754158478862346,-0.0071457193965256405,-0.14549162372953736,0.7609872320503777,0.7018903965556372,0.12477604156595316,0.005322614020432095,0.06506694461262559,0.021098857134049125,0.005322614020432094,0.005322614020432095,0.015895034526099586,0.005322614020432095,0.005322614020432095,0.005322614020432095,-0.12953620729474066,2.5496090242464953,4.071246777698395,4.093539054966249,3.964002847671508,3.964002847671508,3.964002847671508,3.964002847671508,0.015895034526099586,0.0,8.673617379884035e-19,0.5,2.283792868291652
N2-R_fold1_seed20261006,N2,N2-R,1,20261006,completed,/project/disease_ecology/STGNN-output/neural_a0_architecture_audit/models/N2-R_fold1_seed20261006.pt,1,24.311094284057617,12,True,cuda,exact_joint_hurdle_nll,3,0.7018904089927673,0.06452166782364635,-3.124798010893347,-5.692263206796247,-1.3199654762906723,0.7018904089927673,0.3316480411239954,0.46959174419591126,0.06506694461262559,0.4657827248880456,0.2357977910654133,0.23288406537904865,0.015895034526099586,0.2633078873561177,0.27353747072463985,0.28922531627818865,-2.0082823273797836,2.3540679656886945,4.543230270840963,4.093539054966249,2.085256727586465,2.0928537954198156,2.143379027945545,2.1688943043407583,0.014784534236076825,0.10160038422083595,0.020683524938483112,0.49488326500764024,2.7277325015350717,0.015754158478862346,-0.0071457193965256405,-0.14549162372953736,0.7609872320503777,0.7018903965556372,0.12477604156595316,0.005322614020432095,0.06506694461262559,0.021098857134049125,0.005322614020432094,0.005322614020432095,0.015895034526099586,0.005322614020432095,0.005322614020432095,0.005322614020432095,-0.12953620729474066,2.5496090242464953,4.071246777698395,4.093539054966249,3.964002847671508,3.964002847671508,3.964002847671508,3.964002847671508,0.015895034526099586,0.0,8.673617379884035e-19,0.5,2.283792868291652
N2-R_fold2_seed20261002,N2,N2-R,2,20261002,completed,/project/disease_ecology/STGNN-output/neural_a0_architecture_audit/models/N2-R_fold2_seed20261002.pt,1,17.020150423049927,12,True,cuda,exact_joint_hurdle_nll,3,0.7018904089927673,0.21137902483853946,-10.7699667596571,-4.878217865118669,-3.734644035536227,0.7018904089927673,0.6703436574758026,0.6051030514911033,0.0749381135950828,0.8145177201176176,0.4546145909303243,0.4490380692499462,0.018293851212053864,0.5186112403026584,0.5391399090699147,0.5708903890640383,-2.2872378932298303,2.5282066754373855,4.473690453829982,4.09635525764558,1.8091173644157494,1.8038365592419476,1.8610651267171658,1.9048750752728245,0.012334093933133498,0.05722887236099576,0.04580375232639755,0.33309228836706894,3.014894369463957,0.018048433862048314,-0.004969470279471588,-0.17117186075337687,0.8077289476494071,0.7018903965556372,0.13695479030597618,0.008846754188987924,0.0749381135950828,0.035754887658514166,0.008846754188987923,0.008846754188987924,0.018293851212053864,0.008846754188987924,0.008846754188987924,0.008846754188987924,-0.05477267326447671,2.6315596689976157,3.8476974436531117,4.09635525764558,4.0415825843811035,4.0415825843811035,4.0415825843811035,4.0415825843811035,0.018293851212053864,0.0,1.734723475976807e-18,0.5,2.2818217303508175
N2-R_fold2_seed20261003,N2,N2-R,2,20261003,completed,/project/disease_ecology/STGNN-output/neural_a0_architecture_audit/models/N2-R_fold2_seed20261003.pt,1,22.40497136116028,12,True,cuda,exact_joint_hurdle_nll,3,0.7018904089927673,0.06491938542905515,-2.614828903392845,-1.677075919901429,1.9616014080274013,0.7018904089927673,0.34042513396686064,0.3273768457821022,0.0749381135950828,0.45160137115996163,0.2342304055761251,0.23196416999442124,0.018293851212053864,0.2636453336384843,0.27557261044447345,0.29931873619480504,-2.143803408225955,2.4363964771138775,4.399955551624426,4.09635525764558,1.9525518494196257,1.9350975042414675,2.0601442961040806,2.1161720413946954,0.01990864133320547,0.10532817768741728,0.021914611007762416,0.5824403660960936,2.8343464141971086,0.018048433862048314,-0.004969470279471588,-0.17117186075337687,0.8077289476494071,0.7018903965556372,0.13695479030597618,0.008846754188987924,0.0749381135950828,0.035754887658514166,0.008846754188987923,0.008846754188987924,0.018293851212053864,0.008846754188987924,0.008846754188987924,0.008846754188987924,-0.05477267326447671,2.6315596689976157,3.8476974436531117,4.09635525764558,4.0415825843811035,4.0415825843811035,4.0415825843811035,4.0415825843811035,0.018293851212053864,0.0,1.734723475976807e-18,0.5,2.2818217303508175
N2-R_fold2_seed20261004,N2,N2-R,2,20261004,completed,/project/disease_ecology/STGNN-output/neural_a0_architecture_audit/models/N2-R_fold2_seed20261004.pt,1,22.289678812026978,12,True,cuda,exact_joint_hurdle_nll,3,0.7018904089927673,0.19306076559577695,-9.749972923718152,-3.9307396358165443,0.2080064053930063,0.7018904089927673,0.6288304953899327,0.5318110152300212,0.0749381135950828,0.8529077148420113,0.4359835109671393,0.4380097821877143,0.018293851212053864,0.4641761881144156,0.47057458564305976,0.4834381357505586,-2.0646789310819504,2.398133380388184,4.3637484352499625,4.09635525764558,2.0316763265636295,2.036865660007039,2.076768742304449,2.127024445131988,0.03647933090440309,0.07163797125533715,0.026021754303960254,0.6241009176800534,2.7580091951617414,0.018048433862048314,-0.004969470279471588,-0.17117186075337687,0.8077289476494071,0.7018903965556372,0.13695479030597618,0.008846754188987924,0.0749381135950828,0.035754887658514166,0.008846754188987923,0.008846754188987924,0.018293851212053864,0.008846754188987924,0.008846754188987924,0.008846754188987924,-0.05477267326447671,2.6315596689976157,3.8476974436531117,4.09635525764558,4.0415825843811035,4.0415825843811035,4.0415825843811035,4.0415825843811035,0.018293851212053864,0.0,1.734723475976807e-18,0.5,2.2818217303508175
N2-R_fold2_seed20261005,N2,N2-R,2,20261005,completed,/project/disease_ecology/STGNN-output/neural_a0_architecture_audit/models/N2-R_fold2_seed20261005.pt,1,25.140214443206787,12,True,cuda,exact_joint_hurdle_nll,3,0.7018904089927673,0.06517581526616824,-2.6291073809348378,2.5929613184540905,5.849038084091786,0.7018904089927673,0.3354807923971743,0.4703283909588984,0.0749381135950828,0.5433320319050929,0.23575180772887175,0.2339914643634953,0.018293851212053864,0.2716053455570533,0.27663272755062585,0.2836242613299393,-1.7363380122523975,2.4070775459587757,4.2229341212863005,4.09635525764558,2.3600172453931827,2.366604061163643,2.4166863330681427,2.4337741910333768,0.040329933149291154,0.05375800497569343,0.026261111966413436,0.7317358889450354,2.542782652376876,0.018048433862048314,-0.004969470279471588,-0.17117186075337687,0.8077289476494071,0.7018903965556372,0.13695479030597618,0.008846754188987924,0.0749381135950828,0.035754887658514166,0.008846754188987923,0.008846754188987924,0.018293851212053864,0.008846754188987924,0.008846754188987924,0.008846754188987924,-0.05477267326447671,2.6315596689976157,3.8476974436531117,4.09635525764558,4.0415825843811035,4.0415825843811035,4.0415825843811035,4.0415825843811035,0.018293851212053864,0.0,1.734723475976807e-18,0.5,2.2818217303508175
N2-R_fold2_seed20261006,N2,N2-R,2,20261006,completed,/project/disease_ecology/STGNN-output/neural_a0_architecture_audit/models/N2-R_fold2_seed20261006.pt,1,18.63289976119995,12,True,cuda,exact_joint_hurdle_nll,3,0.7018904089927673,0.04702862518698414,-1.6186389857081744,-8.018632802981816,-2.698229081937082,0.7018904089927673,0.2845447158255462,0.46536558366068415,0.0749381135950828,0.3725353179272618,0.18690740640252035,0.18575559914885015,0.018293851212053864,0.2120301036394348,0.2198392159860823,0.23414889919745588,-2.0019967901293456,2.3975236748747113,4.336293063476916,4.09635525764558,2.094358467516235,2.092324859522944,2.165751986146641,2.2120083375635025,0.01425883956429638,0.09595416988128164,0.019982936059173406,0.4041441317815221,2.708214340880483,0.018048433862048314,-0.004969470279471588,-0.17117186075337687,0.8077289476494071,0.7018903965556372,0.13695479030597618,0.008846754188987924,0.0749381135950828,0.035754887658514166,0.008846754188987923,0.008846754188987924,0.018293851212053864,0.008846754188987924,0.008846754188987924,0.008846754188987924,-0.05477267326447671,2.6315596689976157,3.8476974436531117,4.09635525764558,4.0415825843811035,4.0415825843811035,4.0415825843811035,4.0415825843811035,0.018293851212053864,0.0,1.734723475976807e-18,0.5,2.2818217303508175
N2-R_fold3_seed20261002,N2,N2-R,3,20261002,completed,/project/disease_ecology/STGNN-output/neural_a0_architecture_audit/models/N2-R_fold3_seed20261002.pt,1,21.988436222076416,12,True,cuda,exact_joint_hurdle_nll,3,0.7018904089927673,0.18085248460787945,-9.601358384981186,-9.388724395115366,-11.024736840944547,0.7018904089927673,0.576975498880974,0.5481254945644993,0.03535668028295307,0.7802804746666837,0.41681282595494273,0.4146298688624917,0.01736076516887516,0.4816746734735975,0.49955864611369827,0.5174935002179218,-0.12092585925296398,1.1573951614677287,1.8523130335501898,2.0365853658536586,1.9156595066006945,1.9107323048516704,1.9874396012803792,2.0510321325948784,0.009450919635504216,0.06275657614414216,0.0476288261917208,0.1390955052863827,1.4023848414979856,0.017097219018335955,-0.0022187231371813,-0.19157523248652356,0.8582203556704864,0.7018903965556372,0.1177213167179967,0.011208528444754411,0.03535668028295307,0.04555069142465419,0.01120852844475441,0.011208528444754411,0.01736076516887516,0.011208528444754411,0.011208528444754411,0.011208528444754411,2.027346099295267,2.4902555419177546,2.7456315168071774,2.0365853658536586,4.063931465148926,4.063931465148926,4.063931465148926,4.063931465148926,0.01736076516887516,0.0,1.734723475976807e-18,0.5,1.6518048383452988
N2-R_fold3_seed20261003,N2,N2-R,3,20261003,completed,/project/disease_ecology/STGNN-output/neural_a0_architecture_audit/models/N2-R_fold3_seed20261003.pt,1,24.06402325630188,12,True,cuda,exact_joint_hurdle_nll,3,0.7018904089927673,0.04691797055100794,-1.7502758482177785,3.862867427902423,5.5997373853490044,0.7018904089927673,0.2597611802962075,0.28990505072430983,0.03535668028295307,0.386100566368873,0.19051070613654086,0.1891359474435817,0.01736076516887516,0.21253678789725727,0.22129253726574982,0.24217188930480196,-0.024664158253922548,1.1939207375482628,1.8602125002026124,2.0365853658536586,2.0119212075997357,2.0066283446769697,2.115532629112624,2.2535337092726055,0.0368668390312577,0.07869808561922711,0.01853623730759016,0.71814595877195,1.4084799225765563,0.017097219018335955,-0.0022187231371813,-0.19157523248652356,0.8582203556704864,0.7018903965556372,0.1177213167179967,0.011208528444754411,0.03535668028295307,0.04555069142465419,0.01120852844475441,0.011208528444754411,0.01736076516887516,0.011208528444754411,0.011208528444754411,0.011208528444754411,2.027346099295267,2.4902555419177546,2.7456315168071774,2.0365853658536586,4.063931465148926,4.063931465148926,4.063931465148926,4.063931465148926,0.01736076516887516,0.0,1.734723475976807e-18,0.5,1.6518048383452988
N2-R_fold3_seed20261004,N2,N2-R,3,20261004,completed,/project/disease_ecology/STGNN-output/neural_a0_architecture_audit/models/N2-R_fold3_seed20261004.pt,1,19.691444158554077,12,True,cuda,exact_joint_hurdle_nll,3,0.7018904089927673,0.12728825863355273,-6.461486917916945,-10.138149038625754,-9.010191574285132,0.7018904089927673,0.46448422820970037,0.4519610814767769,0.03535668028295307,0.6647906055620514,0.34751184644606475,0.3492636880242114,0.01736076516887516,0.37116407653207706,0.37684780619520925,0.3865088707337972,0.018063390689472294,1.195136455241394,1.8441688984306919,2.0365853658536586,2.054648756543131,2.0472845904721773,2.131964256491898,2.222422433408672,0.010339063331117586,0.06193575760541489,0.020304663952630322,0.23426164986025744,1.3956103685405685,0.017097219018335955,-0.0022187231371813,-0.19157523248652356,0.8582203556704864,0.7018903965556372,0.1177213167179967,0.011208528444754411,0.03535668028295307,0.04555069142465419,0.01120852844475441,0.011208528444754411,0.01736076516887516,0.011208528444754411,0.011208528444754411,0.011208528444754411,2.027346099295267,2.4902555419177546,2.7456315168071774,2.0365853658536586,4.063931465148926,4.063931465148926,4.063931465148926,4.063931465148926,0.01736076516887516,0.0,1.734723475976807e-18,0.5,1.6518048383452988
N2-R_fold3_seed20261005,N2,N2-R,3,20261005,completed,/project/disease_ecology/STGNN-output/neural_a0_architecture_audit/models/N2-R_fold3_seed20261005.pt,1,24.127846240997314,12,True,cuda,exact_joint_hurdle_nll,3,0.7018904089927673,0.04268596610154662,-1.5022007612050134,4.994885100402463,6.082166860242128,0.7018904089927673,0.2460286472002523,0.4416764597876666,0.03535668028295307,0.4409124481515829,0.1781854180793424,0.17663063025267456,0.01736076516887516,0.20315896776739825,0.21244120122907126,0.22664334122127716,0.45639722050365045,1.440314911670984,1.910101596685822,2.0365853658536586,2.492982586357309,2.5244880342131184,2.574044435774975,2.584951354367895,0.04389283562984152,0.06567628232931087,0.018732065074305804,0.7773266771881665,1.4328982829990395,0.017097219018335955,-0.0022187231371813,-0.19157523248652356,0.8582203556704864,0.7018903965556372,0.1177213167179967,0.011208528444754411,0.03535668028295307,0.04555069142465419,0.01120852844475441,0.011208528444754411,0.01736076516887516,0.011208528444754411,0.011208528444754411,0.011208528444754411,2.027346099295267,2.4902555419177546,2.7456315168071774,2.0365853658536586,4.063931465148926,4.063931465148926,4.063931465148926,4.063931465148926,0.01736076516887516,0.0,1.734723475976807e-18,0.5,1.6518048383452988
N2-R_fold3_seed20261006,N2,N2-R,3,20261006,completed,/project/disease_ecology/STGNN-output/neural_a0_architecture_audit/models/N2-R_fold3_seed20261006.pt,1,26.693267345428467,12,True,cuda,exact_joint_hurdle_nll,3,0.7018904089927673,0.03410607676201896,-0.9992578130391285,-15.080571942089703,-5.9800811874630355,0.7018904089927673,0.21366125068651468,0.4587169354765108,0.03535668028295307,0.29122952859736273,0.14453046517022428,0.14244438813885982,0.01736076516887516,0.17098322860403203,0.1778053318942644,0.18955556855602923,0.10298272076596045,1.2420202151290707,1.8492545955175037,2.0365853658536586,2.1395680866196187,2.1314921291146973,2.212092938879952,2.2660469903815748,0.010793878404726292,0.09629217053250154,0.019886540742255553,0.27554261416565023,1.3998390515516446,0.017097219018335955,-0.0022187231371813,-0.19157523248652356,0.8582203556704864,0.7018903965556372,0.1177213167179967,0.011208528444754411,0.03535668028295307,0.04555069142465419,0.01120852844475441,0.011208528444754411,0.01736076516887516,0.011208528444754411,0.011208528444754411,0.011208528444754411,2.027346099295267,2.4902555419177546,2.7456315168071774,2.0365853658536586,4.063931465148926,4.063931465148926,4.063931465148926,4.063931465148926,0.01736076516887516,0.0,1.734723475976807e-18,0.5,1.6518048383452988
N2-R_fold4_seed20261002,N2,N2-R,4,20261002,completed,/project/disease_ecology/STGNN-output/neural_a0_architecture_audit/models/N2-R_fold4_seed20261002.pt,1,24.031641244888306,12,True,cuda,exact_joint_hurdle_nll,3,0.7018904089927673,0.12356314134602742,-3.437212724047428,-10.3499291510642,-9.368550398349502,0.7018904089927673,0.4723560930235183,0.46474439346736207,0.059865995815482714,0.6410104520321397,0.335395030063201,0.33212648151153723,0.028668924977582944,0.3682620939342274,0.3795438091530306,0.40975877541259664,-0.0901779093349,1.207686722280139,1.9282505323951968,2.0881841876629017,1.9980062783280015,1.990101137242914,2.065945603103291,2.1373390687139953,0.0179811694961325,0.06300720257664143,0.02494285505727532,0.2701056199671578,1.4353291595656523,0.02812391058974437,-0.009943358184119289,-0.17243071785869912,0.7601345288211417,0.7018903965556372,0.18475253226261254,0.01202882667463717,0.059865995815482714,0.04419149186474904,0.01202882667463717,0.01202882667463717,0.028668924977582944,0.01202882667463717,0.01202882667463717,0.01202882667463717,1.5856148502704477,2.1972887944802317,2.496107151737883,2.0881841876629017,3.6737990379333496,3.6737990379333496,3.6737990379333496,3.6737990379333496,0.028668924977582944,0.0,0.0,0.5,1.6138794625472328
N2-R_fold4_seed20261003,N2,N2-R,4,20261003,completed,/project/disease_ecology/STGNN-output/neural_a0_architecture_audit/models/N2-R_fold4_seed20261003.pt,1,21.125963926315308,12,True,cuda,exact_joint_hurdle_nll,3,0.7018904089927673,0.04382065862632264,-0.5736212426676772,2.61684596253625,3.703802928547508,0.7018904089927673,0.2571076166936256,0.2636185119270725,0.059865995815482714,0.3136423143246505,0.15599839759975206,0.1523296717895259,0.028668924977582944,0.18318776153780025,0.19455429079261688,0.2125989113769759,-0.05047369356821434,1.2202176593086982,1.9219586046463768,2.0881841876629017,2.0377104940946875,2.021107867353774,2.1502493149563224,2.2472505458399517,0.046770271525997754,0.07164702142040541,0.01902157342428291,0.7254895629321394,1.430331608679004,0.02812391058974437,-0.009943358184119289,-0.17243071785869912,0.7601345288211417,0.7018903965556372,0.18475253226261254,0.01202882667463717,0.059865995815482714,0.04419149186474904,0.01202882667463717,0.01202882667463717,0.028668924977582944,0.01202882667463717,0.01202882667463717,0.01202882667463717,1.5856148502704477,2.1972887944802317,2.496107151737883,2.0881841876629017,3.6737990379333496,3.6737990379333496,3.6737990379333496,3.6737990379333496,0.028668924977582944,0.0,0.0,0.5,1.6138794625472328
N2-R_fold4_seed20261004,N2,N2-R,4,20261004,completed,/project/disease_ecology/STGNN-output/neural_a0_architecture_audit/models/N2-R_fold4_seed20261004.pt,1,23.849926471710205,12,True,cuda,exact_joint_hurdle_nll,3,0.7018904089927673,0.0885569011132197,-2.1801215487179877,-12.352798303848166,-8.604804568592305,0.7018904089927673,0.3901326662040509,0.3573960214204252,0.059865995815482714,0.5367355375617594,0.27233423949072744,0.2745700381058456,0.028668924977582944,0.2941957447763575,0.3003564224500742,0.3140103790332488,-0.002362664892073264,1.247314193216462,1.9286541762364253,2.0881841876629017,2.0858215227708286,2.080562974643329,2.1734340941932353,2.242538277171201,0.017136994997436705,0.07046832372564954,0.019211464392293313,0.23982551944838726,1.4355654557971418,0.02812391058974437,-0.009943358184119289,-0.17243071785869912,0.7601345288211417,0.7018903965556372,0.18475253226261254,0.01202882667463717,0.059865995815482714,0.04419149186474904,0.01202882667463717,0.01202882667463717,0.028668924977582944,0.01202882667463717,0.01202882667463717,0.01202882667463717,1.5856148502704477,2.1972887944802317,2.496107151737883,2.0881841876629017,3.6737990379333496,3.6737990379333496,3.6737990379333496,3.6737990379333496,0.028668924977582944,0.0,0.0,0.5,1.6138794625472328
N2-R_fold4_seed20261005,N2,N2-R,4,20261005,completed,/project/disease_ecology/STGNN-output/neural_a0_architecture_audit/models/N2-R_fold4_seed20261005.pt,1,25.236875534057617,12,True,cuda,exact_joint_hurdle_nll,3,0.7018904089927673,0.039902032055451384,-0.4329014495995538,7.133016832370819,5.998695734905946,0.7018904089927673,0.24300152744398232,0.3927949215294233,0.059865995815482714,0.3494519879621554,0.14068257593314892,0.13819743752313585,0.028668924977582944,0.15632320767858107,0.16409495659177217,0.18494219155065617,0.44203711711801663,1.4772732156637687,1.9830417712983697,2.0881841876629017,2.530221304780919,2.541445484043437,2.6117090325153094,2.6656642019729313,0.07775562204955523,0.06947032464420058,0.013693002752108588,0.7714342993302498,1.4642610330213544,0.02812391058974437,-0.009943358184119289,-0.17243071785869912,0.7601345288211417,0.7018903965556372,0.18475253226261254,0.01202882667463717,0.059865995815482714,0.04419149186474904,0.01202882667463717,0.01202882667463717,0.028668924977582944,0.01202882667463717,0.01202882667463717,0.01202882667463717,1.5856148502704477,2.1972887944802317,2.496107151737883,2.0881841876629017,3.6737990379333496,3.6737990379333496,3.6737990379333496,3.6737990379333496,0.028668924977582944,0.0,0.0,0.5,1.6138794625472328
N2-R_fold4_seed20261006,N2,N2-R,4,20261006,completed,/project/disease_ecology/STGNN-output/neural_a0_architecture_audit/models/N2-R_fold4_seed20261006.pt,1,26.224948406219482,12,True,cuda,exact_joint_hurdle_nll,3,0.7018904089927673,0.035488803826434503,-0.2744202695437621,-11.136229175971238,-3.607524760711968,0.7018904089927673,0.2218259009986928,0.4056950249899271,0.059865995815482714,0.2343938078386269,0.1122647881022773,0.1072967441114412,0.028668924977582944,0.13695262078105436,0.14204892357071214,0.15152634877257595,0.06967328823126606,1.284753716408399,1.9313559678171341,2.0881841876629017,2.157857475894168,2.155398164679728,2.1989916287449,2.273825661683687,0.02135947861104144,0.06101136160267423,0.01637493554934224,0.396590574578494,1.4376550545185174,0.02812391058974437,-0.009943358184119289,-0.17243071785869912,0.7601345288211417,0.7018903965556372,0.18475253226261254,0.01202882667463717,0.059865995815482714,0.04419149186474904,0.01202882667463717,0.01202882667463717,0.028668924977582944,0.01202882667463717,0.01202882667463717,0.01202882667463717,1.5856148502704477,2.1972887944802317,2.496107151737883,2.0881841876629017,3.6737990379333496,3.6737990379333496,3.6737990379333496,3.6737990379333496,0.028668924977582944,0.0,0.0,0.5,1.6138794625472328
N2-G0_fold1_seed20261002,N2,N2-G0,1,20261002,completed,/project/disease_ecology/STGNN-output/neural_a0_architecture_audit/models/N2-G0_fold1_seed20261002.pt,1,10.30193829536438,12,True,cuda,exact_joint_hurdle_nll,0,0.7018904089927673,0.10498616639122031,-5.711648116187064,-7.6190761974397585,-4.3647813798663195,0.7018904089927673,0.4342063968334697,0.38218382523741856,0.06506694461262559,0.6802507212003785,0.31370907748084265,0.3065738124750749,0.015895034526099586,0.3521645757013618,0.36171808913650355,0.3701435549325121,-2.0791857949656958,2.36103268565927,4.574451846957794,4.093539054966249,2.014353260000553,2.0201062963615115,2.057070859435146,2.082249710810653,0.013537556015106367,0.06628103731364564,0.020884311106136203,0.47359996438518226,2.7888533976690737,0.015754158478862346,-0.0071457193965256405,-0.14549162372953736,0.7609872320503777,0.7018903965556372,0.12477604156595316,0.005322614020432095,0.06506694461262559,0.021098857134049125,0.005322614020432094,0.005322614020432095,0.015895034526099586,0.005322614020432095,0.005322614020432095,0.005322614020432095,-0.12953620729474066,2.5496090242464953,4.071246777698395,4.093539054966249,3.964002847671508,3.964002847671508,3.964002847671508,3.964002847671508,0.015895034526099586,0.0,8.673617379884035e-19,0.5,2.283792868291652
N2-G0_fold1_seed20261003,N2,N2-G0,1,20261003,completed,/project/disease_ecology/STGNN-output/neural_a0_architecture_audit/models/N2-G0_fold1_seed20261003.pt,1,12.14149785041809,12,True,cuda,exact_joint_hurdle_nll,0,0.7018904089927673,0.1515053121251163,-8.685565038423064,-4.595267259998103,-0.9858599101057388,0.7018904089927673,0.5317621794308761,0.4749138781782463,0.06506694461262559,0.972300990922872,0.384179522137986,0.38154141442250233,0.015895034526099586,0.40031324701938753,0.4131187780431905,0.4353526130414452,-1.5431875120097176,2.3586594944408006,4.352621644722807,4.093539054966249,2.5503515429565313,2.551711136036485,2.593026279548817,2.603384443884083,0.015389320429884782,0.06113531010192077,0.014284358831764592,0.5285528305875952,2.4618550254681852,0.015754158478862346,-0.0071457193965256405,-0.14549162372953736,0.7609872320503777,0.7018903965556372,0.12477604156595316,0.005322614020432095,0.06506694461262559,0.021098857134049125,0.005322614020432094,0.005322614020432095,0.015895034526099586,0.005322614020432095,0.005322614020432095,0.005322614020432095,-0.12953620729474066,2.5496090242464953,4.071246777698395,4.093539054966249,3.964002847671508,3.964002847671508,3.964002847671508,3.964002847671508,0.015895034526099586,0.0,8.673617379884035e-19,0.5,2.283792868291652
N2-G0_fold1_seed20261004,N2,N2-G0,1,20261004,completed,/project/disease_ecology/STGNN-output/neural_a0_architecture_audit/models/N2-G0_fold1_seed20261004.pt,1,15.516176223754883,12,True,cuda,exact_joint_hurdle_nll,0,0.7018904089927673,0.042671923282738486,-1.727968296770015,-7.002749343518158,-1.8786745476042053,0.7018904089927673,0.2704160687860757,0.24801717291551345,0.06506694461262559,0.3382826916484385,0.17939296551258724,0.17893038654064414,0.015895034526099586,0.1976443887363957,0.20460523070514336,0.2192488968987664,-2.285009660545725,2.4920499231847146,4.667930418555565,4.093539054966249,1.8085293944205243,1.8109764660136678,1.8356264411563041,1.8521391332616595,0.01301591019207992,0.07970973250152294,0.014528327767277733,0.45167441574077016,3.0236618669897175,0.015754158478862346,-0.0071457193965256405,-0.14549162372953736,0.7609872320503777,0.7018903965556372,0.12477604156595316,0.005322614020432095,0.06506694461262559,0.021098857134049125,0.005322614020432094,0.005322614020432095,0.015895034526099586,0.005322614020432095,0.005322614020432095,0.005322614020432095,-0.12953620729474066,2.5496090242464953,4.071246777698395,4.093539054966249,3.964002847671508,3.964002847671508,3.964002847671508,3.964002847671508,0.015895034526099586,0.0,8.673617379884035e-19,0.5,2.283792868291652
N2-G0_fold1_seed20261005,N2,N2-G0,1,20261005,completed,/project/disease_ecology/STGNN-output/neural_a0_architecture_audit/models/N2-G0_fold1_seed20261005.pt,1,15.041620254516602,12,True,cuda,exact_joint_hurdle_nll,0,0.7018904089927673,0.07224994015074009,-3.618857811231546,-6.713367486557091,-2.3705247419906788,0.7018904089927673,0.3513000365002839,0.3126197257078726,0.06506694461262559,0.5517831194676527,0.253077768728945,0.2538595392656364,0.015895034526099586,0.27252176772572134,0.27793976106251944,0.2903688732086434,-1.8825767673707816,2.3556085250812044,4.485939615556585,4.093539054966249,2.2109622875954673,2.216451267046854,2.282787384881175,2.30032993407565,0.012664936816678154,0.06419205962306915,0.015768524113287784,0.43428078956903393,2.6291296151895325,0.015754158478862346,-0.0071457193965256405,-0.14549162372953736,0.7609872320503777,0.7018903965556372,0.12477604156595316,0.005322614020432095,0.06506694461262559,0.021098857134049125,0.005322614020432094,0.005322614020432095,0.015895034526099586,0.005322614020432095,0.005322614020432095,0.005322614020432095,-0.12953620729474066,2.5496090242464953,4.071246777698395,4.093539054966249,3.964002847671508,3.964002847671508,3.964002847671508,3.964002847671508,0.015895034526099586,0.0,8.673617379884035e-19,0.5,2.283792868291652
N2-G0_fold1_seed20261006,N2,N2-G0,1,20261006,completed,/project/disease_ecology/STGNN-output/neural_a0_architecture_audit/models/N2-G0_fold1_seed20261006.pt,1,11.502577781677246,12,True,cuda,exact_joint_hurdle_nll,0,0.7018904089927673,0.1389656188201262,-7.883916479941757,-10.624745868318245,-11.438396173922348,0.7018904089927673,0.5134762778104532,0.42542547367579253,0.06506694461262559,0.6750289269290706,0.36633680824428516,0.36675173826336127,0.015895034526099586,0.37985829422099027,0.3859033524089127,0.3986409523306474,-2.267466886898492,2.4781617390705595,4.657381880309433,4.093539054966249,1.826072168067757,1.8291275299289502,1.8454344619111536,1.8548881430032425,0.009137283448909156,0.07528731839694068,0.012752175771043754,0.15707820207862896,2.9924411833148645,0.015754158478862346,-0.0071457193965256405,-0.14549162372953736,0.7609872320503777,0.7018903965556372,0.12477604156595316,0.005322614020432095,0.06506694461262559,0.021098857134049125,0.005322614020432094,0.005322614020432095,0.015895034526099586,0.005322614020432095,0.005322614020432095,0.005322614020432095,-0.12953620729474066,2.5496090242464953,4.071246777698395,4.093539054966249,3.964002847671508,3.964002847671508,3.964002847671508,3.964002847671508,0.015895034526099586,0.0,8.673617379884035e-19,0.5,2.283792868291652
N2-G0_fold2_seed20261002,N2,N2-G0,2,20261002,completed,/project/disease_ecology/STGNN-output/neural_a0_architecture_audit/models/N2-G0_fold2_seed20261002.pt,1,13.117071390151978,12,True,cuda,exact_joint_hurdle_nll,0,0.7018904089927673,0.06961253142396705,-2.8761517683295352,25.317999530988534,27.076109829628347,0.7018904089927673,0.3509032593832054,0.2867214927243304,0.0749381135950828,0.572886690708137,0.24624223048995939,0.24847788428388506,0.018293851212053864,0.259290768074989,0.2630411944516926,0.2685678296640773,-1.9449405192653608,2.4036957313610245,4.313802449753791,4.09635525764558,2.1514147383802196,2.149252128971334,2.1716712231160122,2.2201718476299965,0.07630687341099673,0.0927316351541188,0.012160617933590065,0.8507671863880284,2.668933343130841,0.018048433862048314,-0.004969470279471588,-0.17117186075337687,0.8077289476494071,0.7018903965556372,0.13695479030597618,0.008846754188987924,0.0749381135950828,0.035754887658514166,0.008846754188987923,0.008846754188987924,0.018293851212053864,0.008846754188987924,0.008846754188987924,0.008846754188987924,-0.05477267326447671,2.6315596689976157,3.8476974436531117,4.09635525764558,4.0415825843811035,4.0415825843811035,4.0415825843811035,4.0415825843811035,0.018293851212053864,0.0,1.734723475976807e-18,0.5,2.2818217303508175
N2-G0_fold2_seed20261003,N2,N2-G0,2,20261003,completed,/project/disease_ecology/STGNN-output/neural_a0_architecture_audit/models/N2-G0_fold2_seed20261003.pt,1,15.349151372909546,12,True,cuda,exact_joint_hurdle_nll,0,0.7018904089927673,0.12662812844711138,-6.050883425157866,-12.427256072500317,-11.708711908539989,0.7018904089927673,0.4827746891495249,0.482956382399016,0.0749381135950828,0.915145632773882,0.34487598478133574,0.34423232822709054,0.018293851212053864,0.377806494347114,0.39087955145286357,0.4339923697352026,-1.4680837461020402,2.4125855081790877,4.116519688057402,4.09635525764558,2.6282715115435398,2.6182241952028686,2.691077314681334,2.7213950853140143,0.010538983364017774,0.0571567989799691,0.03004321382752348,0.1703426105785361,2.4334562083956413,0.018048433862048314,-0.004969470279471588,-0.17117186075337687,0.8077289476494071,0.7018903965556372,0.13695479030597618,0.008846754188987924,0.0749381135950828,0.035754887658514166,0.008846754188987923,0.008846754188987924,0.018293851212053864,0.008846754188987924,0.008846754188987924,0.008846754188987924,-0.05477267326447671,2.6315596689976157,3.8476974436531117,4.09635525764558,4.0415825843811035,4.0415825843811035,4.0415825843811035,4.0415825843811035,0.018293851212053864,0.0,1.734723475976807e-18,0.5,2.2818217303508175
N2-G0_fold2_seed20261004,N2,N2-G0,2,20261004,completed,/project/disease_ecology/STGNN-output/neural_a0_architecture_audit/models/N2-G0_fold2_seed20261004.pt,1,15.983261823654175,12,True,cuda,exact_joint_hurdle_nll,0,0.7018904089927673,0.03367082651895503,-0.8748525744264184,-10.442829253880427,-3.549673617640686,0.7018904089927673,0.241089546130808,0.19601285129206428,0.0749381135950828,0.2873232322338672,0.14221489605686216,0.1404982650113002,0.018293851212053864,0.15975086404814046,0.16599187486420217,0.17626832526682779,-2.2316033919720244,2.490447230379445,4.449760333849985,4.09635525764558,1.8647518656735558,1.8552773187503242,1.9038125643004242,1.948037037716253,0.01423513184253279,0.0968998895588635,0.013254488138843775,0.40349017687308064,2.948503044927779,0.018048433862048314,-0.004969470279471588,-0.17117186075337687,0.8077289476494071,0.7018903965556372,0.13695479030597618,0.008846754188987924,0.0749381135950828,0.035754887658514166,0.008846754188987923,0.008846754188987924,0.018293851212053864,0.008846754188987924,0.008846754188987924,0.008846754188987924,-0.05477267326447671,2.6315596689976157,3.8476974436531117,4.09635525764558,4.0415825843811035,4.0415825843811035,4.0415825843811035,4.0415825843811035,0.018293851212053864,0.0,1.734723475976807e-18,0.5,2.2818217303508175
N2-G0_fold2_seed20261005,N2,N2-G0,2,20261005,completed,/project/disease_ecology/STGNN-output/neural_a0_architecture_audit/models/N2-G0_fold2_seed20261005.pt,1,12.088514804840088,12,True,cuda,exact_joint_hurdle_nll,0,0.7018904089927673,0.04949510441923457,-1.755977014394544,-6.240402963618878,-1.575655236888694,0.7018904089927673,0.29158466439693626,0.24041780634123647,0.0749381135950828,0.4311967703379226,0.19469421320981256,0.19372854260412375,0.018293851212053864,0.21895583481474662,0.22349634831764495,0.23001756242715735,-1.9134999955705312,2.4043868793198344,4.299471633508298,4.09635525764558,2.182855262075049,2.1601351876475126,2.2868047796165993,2.3841154756941427,0.014790041258989984,0.10156279590318902,0.017370300699329495,0.44735233320518725,2.6478396548869223,0.018048433862048314,-0.004969470279471588,-0.17117186075337687,0.8077289476494071,0.7018903965556372,0.13695479030597618,0.008846754188987924,0.0749381135950828,0.035754887658514166,0.008846754188987923,0.008846754188987924,0.018293851212053864,0.008846754188987924,0.008846754188987924,0.008846754188987924,-0.05477267326447671,2.6315596689976157,3.8476974436531117,4.09635525764558,4.0415825843811035,4.0415825843811035,4.0415825843811035,4.0415825843811035,0.018293851212053864,0.0,1.734723475976807e-18,0.5,2.2818217303508175
N2-G0_fold2_seed20261006,N2,N2-G0,2,20261006,completed,/project/disease_ecology/STGNN-output/neural_a0_architecture_audit/models/N2-G0_fold2_seed20261006.pt,1,17.798608541488647,12,True,cuda,exact_joint_hurdle_nll,0,0.7018904089927673,0.09141156663103787,-4.089961511163768,-2.2143931048612826,1.9673529838251673,0.7018904089927673,0.4115830006789786,0.3311616811965251,0.0749381135950828,0.5424498435350673,0.28898954565876,0.2893774826747811,0.018293851212053864,0.305916928906645,0.30930313160941286,0.31580516982687623,-2.23236028900109,2.4919676931802206,4.4478944582656235,4.09635525764558,1.86399496864449,1.8621793820376482,1.9177011660401573,1.956679924638737,0.017329172705624712,0.06226902469273938,0.013585670642586888,0.5126429854165081,2.9447704358294273,0.018048433862048314,-0.004969470279471588,-0.17117186075337687,0.8077289476494071,0.7018903965556372,0.13695479030597618,0.008846754188987924,0.0749381135950828,0.035754887658514166,0.008846754188987923,0.008846754188987924,0.018293851212053864,0.008846754188987924,0.008846754188987924,0.008846754188987924,-0.05477267326447671,2.6315596689976157,3.8476974436531117,4.09635525764558,4.0415825843811035,4.0415825843811035,4.0415825843811035,4.0415825843811035,0.018293851212053864,0.0,1.734723475976807e-18,0.5,2.2818217303508175
N2-G0_fold3_seed20261002,N2,N2-G0,3,20261002,completed,/project/disease_ecology/STGNN-output/neural_a0_architecture_audit/models/N2-G0_fold3_seed20261002.pt,1,14.315881967544556,12,True,cuda,exact_joint_hurdle_nll,0,0.7018904089927673,0.04523510467827117,-1.6516282445123696,31.28339117715516,24.836359511338006,0.7018904089927673,0.2550583735945565,0.24071428145135687,0.03535668028295307,0.46234437441518245,0.18672420329333875,0.18607414649244353,0.01736076516887516,0.1985229793013925,0.20316721788978948,0.21399740750118895,0.29570657306541104,1.3588004908946179,1.8820536175308809,2.0365853658536586,2.3322919389190697,2.335713631334331,2.3776603838890793,2.4246707451080236,0.18516479209833409,0.06453747783294508,0.009531086385699952,0.8970518228540374,1.419650030922796,0.017097219018335955,-0.0022187231371813,-0.19157523248652356,0.8582203556704864,0.7018903965556372,0.1177213167179967,0.011208528444754411,0.03535668028295307,0.04555069142465419,0.01120852844475441,0.011208528444754411,0.01736076516887516,0.011208528444754411,0.011208528444754411,0.011208528444754411,2.027346099295267,2.4902555419177546,2.7456315168071774,2.0365853658536586,4.063931465148926,4.063931465148926,4.063931465148926,4.063931465148926,0.01736076516887516,0.0,1.734723475976807e-18,0.5,1.6518048383452988
N2-G0_fold3_seed20261003,N2,N2-G0,3,20261003,completed,/project/disease_ecology/STGNN-output/neural_a0_architecture_audit/models/N2-G0_fold3_seed20261003.pt,1,11.471142530441284,12,True,cuda,exact_joint_hurdle_nll,0,0.7018904089927673,0.09133500124055492,-4.353949564714124,-13.938067994751522,-10.208520948939565,0.7018904089927673,0.38274860089186835,0.4039415140111009,0.03535668028295307,0.8092347925812893,0.28744416106415654,0.2925966437646222,0.01736076516887516,0.307925984004916,0.3137789678821363,0.3386563379076131,0.7229781121715904,1.5809167676370393,1.9853699103824285,2.0365853658536586,2.7595634780252487,2.741481925390954,2.8711644145963966,2.9466635268232215,0.009784715932493521,0.10496070842727157,0.020961571447476443,0.14544625432409897,1.4635760729588525,0.017097219018335955,-0.0022187231371813,-0.19157523248652356,0.8582203556704864,0.7018903965556372,0.1177213167179967,0.011208528444754411,0.03535668028295307,0.04555069142465419,0.01120852844475441,0.011208528444754411,0.01736076516887516,0.011208528444754411,0.011208528444754411,0.011208528444754411,2.027346099295267,2.4902555419177546,2.7456315168071774,2.0365853658536586,4.063931465148926,4.063931465148926,4.063931465148926,4.063931465148926,0.01736076516887516,0.0,1.734723475976807e-18,0.5,1.6518048383452988
N2-G0_fold3_seed20261004,N2,N2-G0,3,20261004,completed,/project/disease_ecology/STGNN-output/neural_a0_architecture_audit/models/N2-G0_fold3_seed20261004.pt,1,17.193865299224854,12,True,cuda,exact_joint_hurdle_nll,0,0.7018904089927673,0.02673165094224178,-0.5669777082430982,-11.555069888678165,-3.6601136358971567,0.7018904089927673,0.1823530459927078,0.15241074870585092,0.03535668028295307,0.24781224980469,0.11493442519841768,0.11588836747457062,0.01736076516887516,0.12387096517894462,0.12577777149269825,0.13535532905398262,-0.036201403082964545,1.1783582767113632,1.852325007972961,2.0365853658536586,2.000383962770694,1.9896274177472233,2.067839375049624,2.105130958072089,0.012949835377017169,0.0892216656547463,0.008058213229083937,0.3816337081537357,1.4018936624920781,0.017097219018335955,-0.0022187231371813,-0.19157523248652356,0.8582203556704864,0.7018903965556372,0.1177213167179967,0.011208528444754411,0.03535668028295307,0.04555069142465419,0.01120852844475441,0.011208528444754411,0.01736076516887516,0.011208528444754411,0.011208528444754411,0.011208528444754411,2.027346099295267,2.4902555419177546,2.7456315168071774,2.0365853658536586,4.063931465148926,4.063931465148926,4.063931465148926,4.063931465148926,0.01736076516887516,0.0,1.734723475976807e-18,0.5,1.6518048383452988
N2-G0_fold3_seed20261005,N2,N2-G0,3,20261005,completed,/project/disease_ecology/STGNN-output/neural_a0_architecture_audit/models/N2-G0_fold3_seed20261005.pt,1,16.17029094696045,12,True,cuda,exact_joint_hurdle_nll,0,0.7018904089927673,0.031846737997063675,-0.8668180513609622,11.02495781729886,8.545110919064934,0.7018904089927673,0.20524701297210352,0.18887437429990855,0.03535668028295307,0.316774923123308,0.1402485303926049,0.13730794536831012,0.01736076516887516,0.1604891274273999,0.16718644524783272,0.17633644017970654,0.27184054540809577,1.330069422110161,1.8640374777713407,2.0365853658536586,2.3084259112617542,2.294660581156907,2.4051706112890474,2.4883748561856205,0.046561755664099314,0.08045783816713298,0.01347544616240006,0.8070497946583719,1.4092653367254229,0.017097219018335955,-0.0022187231371813,-0.19157523248652356,0.8582203556704864,0.7018903965556372,0.1177213167179967,0.011208528444754411,0.03535668028295307,0.04555069142465419,0.01120852844475441,0.011208528444754411,0.01736076516887516,0.011208528444754411,0.011208528444754411,0.011208528444754411,2.027346099295267,2.4902555419177546,2.7456315168071774,2.0365853658536586,4.063931465148926,4.063931465148926,4.063931465148926,4.063931465148926,0.01736076516887516,0.0,1.734723475976807e-18,0.5,1.6518048383452988
N2-G0_fold3_seed20261006,N2,N2-G0,3,20261006,completed,/project/disease_ecology/STGNN-output/neural_a0_architecture_audit/models/N2-G0_fold3_seed20261006.pt,1,15.409934043884277,12,True,cuda,exact_joint_hurdle_nll,0,0.7018904089927673,0.05744277883643556,-2.3672276407737782,-15.895831362507275,-8.941509094376425,0.7018904089927673,0.2922030851022432,0.2712063371181732,0.03535668028295307,0.43546325581386336,0.21653692450100243,0.21607340772592254,0.01736076516887516,0.2363708889263773,0.24409450948710598,0.2581282640346428,-0.02502104184377483,1.1830573249540057,1.8456235585941407,2.0365853658536586,2.0115643240098837,2.0309784528481822,2.089728753379744,2.1131889853090584,0.010358026365888012,0.07449686231979404,0.0159157999186076,0.22816582541581193,1.396209989125492,0.017097219018335955,-0.0022187231371813,-0.19157523248652356,0.8582203556704864,0.7018903965556372,0.1177213167179967,0.011208528444754411,0.03535668028295307,0.04555069142465419,0.01120852844475441,0.011208528444754411,0.01736076516887516,0.011208528444754411,0.011208528444754411,0.011208528444754411,2.027346099295267,2.4902555419177546,2.7456315168071774,2.0365853658536586,4.063931465148926,4.063931465148926,4.063931465148926,4.063931465148926,0.01736076516887516,0.0,1.734723475976807e-18,0.5,1.6518048383452988
N2-G0_fold4_seed20261002,N2,N2-G0,4,20261002,completed,/project/disease_ecology/STGNN-output/neural_a0_architecture_audit/models/N2-G0_fold4_seed20261002.pt,1,16.276294708251953,12,True,cuda,exact_joint_hurdle_nll,0,0.7018904089927673,0.038628889141408766,-0.38718226606163575,26.303012031575083,16.529374826876182,0.7018904089927673,0.23758093842429356,0.20767479387574556,0.059865995815482714,0.33916938815717973,0.1361590730404025,0.13480901256135508,0.028668924977582944,0.1454654443157331,0.1508542369751821,0.16412105634778304,0.31087200341198395,1.4045965654746269,1.951438461380338,2.0881841876629017,2.3990561910748855,2.3987235641466733,2.4579553235417793,2.500660149174656,0.21980834430102644,0.06839833429600181,0.00815150927950588,0.8866994814611482,1.4491558679494376,0.02812391058974437,-0.009943358184119289,-0.17243071785869912,0.7601345288211417,0.7018903965556372,0.18475253226261254,0.01202882667463717,0.059865995815482714,0.04419149186474904,0.01202882667463717,0.01202882667463717,0.028668924977582944,0.01202882667463717,0.01202882667463717,0.01202882667463717,1.5856148502704477,2.1972887944802317,2.496107151737883,2.0881841876629017,3.6737990379333496,3.6737990379333496,3.6737990379333496,3.6737990379333496,0.028668924977582944,0.0,0.0,0.5,1.6138794625472328
N2-G0_fold4_seed20261003,N2,N2-G0,4,20261003,completed,/project/disease_ecology/STGNN-output/neural_a0_architecture_audit/models/N2-G0_fold4_seed20261003.pt,1,13.887815952301025,12,True,cuda,exact_joint_hurdle_nll,0,0.7018904089927673,0.062401641431328835,-1.2408734056471893,-13.527382743660912,-7.335641019153169,0.7018904089927673,0.32042816982269057,0.2917296250518014,0.059865995815482714,0.5841653398345167,0.2113716202711375,0.20943490136190418,0.028668924977582944,0.23792276956199826,0.24162870242940204,0.2482787686483697,0.592422655160671,1.5477285070632476,2.016656836910509,2.0881841876629017,2.680606842823573,2.6663920309472973,2.8333975438611656,2.9227920604744244,0.018032228018771114,0.12877839869911972,0.01906920141847234,0.2801137858473687,1.478129029681493,0.02812391058974437,-0.009943358184119289,-0.17243071785869912,0.7601345288211417,0.7018903965556372,0.18475253226261254,0.01202882667463717,0.059865995815482714,0.04419149186474904,0.01202882667463717,0.01202882667463717,0.028668924977582944,0.01202882667463717,0.01202882667463717,0.01202882667463717,1.5856148502704477,2.1972887944802317,2.496107151737883,2.0881841876629017,3.6737990379333496,3.6737990379333496,3.6737990379333496,3.6737990379333496,0.028668924977582944,0.0,0.0,0.5,1.6138794625472328
N2-G0_fold4_seed20261004,N2,N2-G0,4,20261004,completed,/project/disease_ecology/STGNN-output/neural_a0_architecture_audit/models/N2-G0_fold4_seed20261004.pt,1,11.52040696144104,12,True,cuda,exact_joint_hurdle_nll,0,0.7018904089927673,0.03132532798099935,-0.12490781950096519,11.46402308023538,6.4851066875609495,0.7018904089927673,0.19993833649579326,0.11983782415667053,0.059865995815482714,0.19313192104077023,0.08892018548789775,0.08761521820524684,0.028668924977582944,0.0969456286963756,0.09989177848027425,0.10919292673197013,0.008949158426413457,1.2527444563768275,1.9295174292219,2.0881841876629017,2.0971333460893153,2.090359274696011,2.152254525577829,2.2006589772813796,0.05100563703561786,0.062878324802052,0.006036381228488911,0.6874473535991441,1.4362864159906443,0.02812391058974437,-0.009943358184119289,-0.17243071785869912,0.7601345288211417,0.7018903965556372,0.18475253226261254,0.01202882667463717,0.059865995815482714,0.04419149186474904,0.01202882667463717,0.01202882667463717,0.028668924977582944,0.01202882667463717,0.01202882667463717,0.01202882667463717,1.5856148502704477,2.1972887944802317,2.496107151737883,2.0881841876629017,3.6737990379333496,3.6737990379333496,3.6737990379333496,3.6737990379333496,0.028668924977582944,0.0,0.0,0.5,1.6138794625472328
N2-G0_fold4_seed20261005,N2,N2-G0,4,20261005,completed,/project/disease_ecology/STGNN-output/neural_a0_architecture_audit/models/N2-G0_fold4_seed20261005.pt,1,14.24990177154541,12,True,cuda,exact_joint_hurdle_nll,0,0.7018904089927673,0.03383161282942196,-0.2149097318703257,-0.6344562964822918,1.3544342642085836,0.7018904089927673,0.21412434133412797,0.14231127883404077,0.059865995815482714,0.24115736199569274,0.10573071082793223,0.10263213306633409,0.028668924977582944,0.12334177601864221,0.1280562860577175,0.1340477408148598,0.24307489355615883,1.3704136498867336,1.94387717005783,2.0881841876629017,2.3312590812190606,2.32629169090798,2.411043834268745,2.4731442145655134,0.03090455312979681,0.07365882259975873,0.011652843294417197,0.5601168985419739,1.4449142258268843,0.02812391058974437,-0.009943358184119289,-0.17243071785869912,0.7601345288211417,0.7018903965556372,0.18475253226261254,0.01202882667463717,0.059865995815482714,0.04419149186474904,0.01202882667463717,0.01202882667463717,0.028668924977582944,0.01202882667463717,0.01202882667463717,0.01202882667463717,1.5856148502704477,2.1972887944802317,2.496107151737883,2.0881841876629017,3.6737990379333496,3.6737990379333496,3.6737990379333496,3.6737990379333496,0.028668924977582944,0.0,0.0,0.5,1.6138794625472328
N2-G0_fold4_seed20261006,N2,N2-G0,4,20261006,completed,/project/disease_ecology/STGNN-output/neural_a0_architecture_audit/models/N2-G0_fold4_seed20261006.pt,1,14.037555456161499,12,True,cuda,exact_joint_hurdle_nll,0,0.7018904089927673,0.045149750894504445,-0.6213495948248473,-18.829233517786594,-8.750693854884315,0.7018904089927673,0.26268831757203853,0.21612951744046344,0.059865995815482714,0.3314227055806119,0.15609398161132632,0.15312352168934348,0.028668924977582944,0.18008341993084853,0.18902499391734562,0.2034583502445914,0.024768727014839922,1.2638964307346057,1.9338582817746595,2.0881841876629017,2.112952914677742,2.1052032606072513,2.1766147641309868,2.217107829209631,0.017329454804162148,0.07771392014728164,0.017359579468291544,0.25554944779886496,1.4396407796879642,0.02812391058974437,-0.009943358184119289,-0.17243071785869912,0.7601345288211417,0.7018903965556372,0.18475253226261254,0.01202882667463717,0.059865995815482714,0.04419149186474904,0.01202882667463717,0.01202882667463717,0.028668924977582944,0.01202882667463717,0.01202882667463717,0.01202882667463717,1.5856148502704477,2.1972887944802317,2.496107151737883,2.0881841876629017,3.6737990379333496,3.6737990379333496,3.6737990379333496,3.6737990379333496,0.028668924977582944,0.0,0.0,0.5,1.6138794625472328
N3-K1_fold1_seed20261002,N3,N3-K1,1,20261002,completed,/project/disease_ecology/STGNN-output/neural_a0_architecture_audit/models/N3-K1_fold1_seed20261002.pt,1,14.200822114944458,12,True,cuda,exact_joint_hurdle_nll,1,0.7018904089927673,0.1568579848794493,-9.027755416861238,-9.86384858785921,-10.103265305886424,0.7018904089927673,0.5452057609982172,0.4721245004831738,0.06506694461262559,0.8860473655014016,0.3880031671795023,0.39136876156616757,0.015895034526099586,0.4211043439985512,0.42847219728501557,0.4442576139667248,-1.882817931137673,2.3506171601077823,4.479848035529492,4.093539054966249,2.2107211238285758,2.2033392613574856,2.2848503329370766,2.425598438195588,0.008311391362110154,0.06511302965902753,0.029739715294020957,0.08702205925065339,2.6204974091796114,0.015754158478862346,-0.0071457193965256405,-0.14549162372953736,0.7609872320503777,0.7018903965556372,0.12477604156595316,0.005322614020432095,0.06506694461262559,0.021098857134049125,0.005322614020432094,0.005322614020432095,0.015895034526099586,0.005322614020432095,0.005322614020432095,0.005322614020432095,-0.12953620729474066,2.5496090242464953,4.071246777698395,4.093539054966249,3.964002847671508,3.964002847671508,3.964002847671508,3.964002847671508,0.015895034526099586,0.0,8.673617379884035e-19,0.5,2.283792868291652
N3-K1_fold1_seed20261003,N3,N3-K1,1,20261003,completed,/project/disease_ecology/STGNN-output/neural_a0_architecture_audit/models/N3-K1_fold1_seed20261003.pt,1,19.345797061920166,12,True,cuda,exact_joint_hurdle_nll,1,0.7018904089927673,0.15512055597864485,-8.916683531774593,-8.59229169205284,-8.664475677452202,0.7018904089927673,0.54309433683399,0.4594896497592839,0.06506694461262559,0.7678810157824834,0.3872761673104364,0.38861476951768115,0.015895034526099586,0.4215355935519084,0.426712616958903,0.437482458918642,-2.0244353585663966,2.356637032788634,4.53787412981799,4.093539054966249,2.0691036963998526,2.0921783777522247,2.1816380598910015,2.21195678704305,0.009475696068177874,0.1286042588940861,0.02739027978211182,0.22146175358413717,2.720404148280147,0.015754158478862346,-0.0071457193965256405,-0.14549162372953736,0.7609872320503777,0.7018903965556372,0.12477604156595316,0.005322614020432095,0.06506694461262559,0.021098857134049125,0.005322614020432094,0.005322614020432095,0.015895034526099586,0.005322614020432095,0.005322614020432095,0.005322614020432095,-0.12953620729474066,2.5496090242464953,4.071246777698395,4.093539054966249,3.964002847671508,3.964002847671508,3.964002847671508,3.964002847671508,0.015895034526099586,0.0,8.673617379884035e-19,0.5,2.283792868291652
N3-K1_fold1_seed20261004,N3,N3-K1,1,20261004,completed,/project/disease_ecology/STGNN-output/neural_a0_architecture_audit/models/N3-K1_fold1_seed20261004.pt,1,20.445704698562622,12,True,cuda,exact_joint_hurdle_nll,1,0.7018904089927673,0.15024180710495869,-8.604790576607463,-0.14535650146733614,8.693536617457116,0.7018904089927673,0.5292681567761794,0.44428183729350346,0.06506694461262559,0.9439335288369161,0.38286440495635504,0.3819446764356913,0.015895034526099586,0.4028180716444473,0.4101966772519702,0.4274948264410102,-1.5704708947302337,2.3572777559245157,4.36369376743995,4.093539054966249,2.5230681602360154,2.5692154310184403,2.6236791096885366,2.6553260652841097,0.035999119801879975,0.08519482753378203,0.015977596313675495,0.6712450952743312,2.4753731017071234,0.015754158478862346,-0.0071457193965256405,-0.14549162372953736,0.7609872320503777,0.7018903965556372,0.12477604156595316,0.005322614020432095,0.06506694461262559,0.021098857134049125,0.005322614020432094,0.005322614020432095,0.015895034526099586,0.005322614020432095,0.005322614020432095,0.005322614020432095,-0.12953620729474066,2.5496090242464953,4.071246777698395,4.093539054966249,3.964002847671508,3.964002847671508,3.964002847671508,3.964002847671508,0.015895034526099586,0.0,8.673617379884035e-19,0.5,2.283792868291652
N3-K1_fold1_seed20261005,N3,N3-K1,1,20261005,completed,/project/disease_ecology/STGNN-output/neural_a0_architecture_audit/models/N3-K1_fold1_seed20261005.pt,1,19.54755735397339,12,True,cuda,exact_joint_hurdle_nll,1,0.7018904089927673,0.10111512890789344,-5.46417702236843,-5.741600732123362,-1.931844832337006,0.7018904089927673,0.42471701946165,0.3815723573812729,0.06506694461262559,0.6225092201345706,0.30655525886632295,0.3079065118723006,0.015895034526099586,0.3412444175096351,0.3499679787636312,0.36595869014046245,-2.0828978117085306,2.363698729945371,4.572717683244046,4.093539054966249,2.0106412432577176,2.008113248423528,2.075336150065568,2.155005789641379,0.01303749467131499,0.15718317828847744,0.02767826928293738,0.4293277641573312,2.7857765272755044,0.015754158478862346,-0.0071457193965256405,-0.14549162372953736,0.7609872320503777,0.7018903965556372,0.12477604156595316,0.005322614020432095,0.06506694461262559,0.021098857134049125,0.005322614020432094,0.005322614020432095,0.015895034526099586,0.005322614020432095,0.005322614020432095,0.005322614020432095,-0.12953620729474066,2.5496090242464953,4.071246777698395,4.093539054966249,3.964002847671508,3.964002847671508,3.964002847671508,3.964002847671508,0.015895034526099586,0.0,8.673617379884035e-19,0.5,2.283792868291652
N3-K1_fold1_seed20261006,N3,N3-K1,1,20261006,completed,/project/disease_ecology/STGNN-output/neural_a0_architecture_audit/models/N3-K1_fold1_seed20261006.pt,1,13.8782639503479,12,True,cuda,exact_joint_hurdle_nll,1,0.7018904089927673,0.09479509381898474,-5.060144252559079,19.0621924117025,28.472339564504445,0.7018904089927673,0.4101883729345122,0.34997950441267245,0.06506694461262559,0.5838047033270705,0.29757453804807726,0.30199031015109756,0.015895034526099586,0.31295016125456704,0.31629156296548216,0.3235384649246368,-2.0924447875934296,2.355793536757029,4.5703709322046375,4.093539054966249,2.001094267372819,1.9989355350256328,2.047465830236476,2.062616390658658,0.07826552941670198,0.06407402735612151,0.017544892462781105,0.8506581077454726,2.7800383533298962,0.015754158478862346,-0.0071457193965256405,-0.14549162372953736,0.7609872320503777,0.7018903965556372,0.12477604156595316,0.005322614020432095,0.06506694461262559,0.021098857134049125,0.005322614020432094,0.005322614020432095,0.015895034526099586,0.005322614020432095,0.005322614020432095,0.005322614020432095,-0.12953620729474066,2.5496090242464953,4.071246777698395,4.093539054966249,3.964002847671508,3.964002847671508,3.964002847671508,3.964002847671508,0.015895034526099586,0.0,8.673617379884035e-19,0.5,2.283792868291652
N3-K1_fold2_seed20261002,N3,N3-K1,2,20261002,completed,/project/disease_ecology/STGNN-output/neural_a0_architecture_audit/models/N3-K1_fold2_seed20261002.pt,1,20.30845808982849,12,True,cuda,exact_joint_hurdle_nll,1,0.7018904089927673,0.11154050661609492,-5.210777328685027,-12.507560180563866,-9.747360499688991,0.7018904089927673,0.451201916841271,0.40073936094170776,0.0749381135950828,0.7613479269030302,0.31978733392440867,0.33256905765696954,0.018293851212053864,0.3483402916913961,0.3532427750771024,0.3666445096551163,-1.7662800758367871,2.4040617055833478,4.23331056043991,4.09635525764558,2.3300751818087932,2.330083983490977,2.4161856756709876,2.6447803737628948,0.009763714827784844,0.12005908900218852,0.030584638889065315,0.1261310090347939,2.5567796886182945,0.018048433862048314,-0.004969470279471588,-0.17117186075337687,0.8077289476494071,0.7018903965556372,0.13695479030597618,0.008846754188987924,0.0749381135950828,0.035754887658514166,0.008846754188987923,0.008846754188987924,0.018293851212053864,0.008846754188987924,0.008846754188987924,0.008846754188987924,-0.05477267326447671,2.6315596689976157,3.8476974436531117,4.09635525764558,4.0415825843811035,4.0415825843811035,4.0415825843811035,4.0415825843811035,0.018293851212053864,0.0,1.734723475976807e-18,0.5,2.2818217303508175
N3-K1_fold2_seed20261003,N3,N3-K1,2,20261003,completed,/project/disease_ecology/STGNN-output/neural_a0_architecture_audit/models/N3-K1_fold2_seed20261003.pt,1,19.856638431549072,12,True,cuda,exact_joint_hurdle_nll,1,0.7018904089927673,0.12970175571379544,-6.22202855551354,-12.374937904417004,-11.792727729017663,0.7018904089927673,0.49351059429330685,0.4354614648174925,0.0749381135950828,0.7354482733136483,0.3492944155607348,0.35066862204653804,0.018293851212053864,0.383698644639542,0.39219934020901814,0.40776102028223343,-1.9046643710427598,2.4011332317036955,4.294703664438395,4.09635525764558,2.1916908866028204,2.205724945803592,2.271207853472403,2.290223898652656,0.009886827029812967,0.11839037453739461,0.027868251062231904,0.1073641807834238,2.6417076253237783,0.018048433862048314,-0.004969470279471588,-0.17117186075337687,0.8077289476494071,0.7018903965556372,0.13695479030597618,0.008846754188987924,0.0749381135950828,0.035754887658514166,0.008846754188987923,0.008846754188987924,0.018293851212053864,0.008846754188987924,0.008846754188987924,0.008846754188987924,-0.05477267326447671,2.6315596689976157,3.8476974436531117,4.09635525764558,4.0415825843811035,4.0415825843811035,4.0415825843811035,4.0415825843811035,0.018293851212053864,0.0,1.734723475976807e-18,0.5,2.2818217303508175
N3-K1_fold2_seed20261004,N3,N3-K1,2,20261004,completed,/project/disease_ecology/STGNN-output/neural_a0_architecture_audit/models/N3-K1_fold2_seed20261004.pt,1,19.046009063720703,12,True,cuda,exact_joint_hurdle_nll,1,0.7018904089927673,0.11403796276813752,-5.349840208342532,2.308117958829495,9.048037599591163,0.7018904089927673,0.4561610829316511,0.39055512683633303,0.0749381135950828,0.8089889683263037,0.32841468493956727,0.32658470594384265,0.018293851212053864,0.35086155865274105,0.35679635000778076,0.3641505296415194,-1.6048092113828334,2.407595119206056,4.166863411955938,4.09635525764558,2.4915460462627466,2.490983684883291,2.6107453551690867,2.7206474576656974,0.03295705926831241,0.11447846774375939,0.015020396109389586,0.68488831309595,2.482950837547091,0.018048433862048314,-0.004969470279471588,-0.17117186075337687,0.8077289476494071,0.7018903965556372,0.13695479030597618,0.008846754188987924,0.0749381135950828,0.035754887658514166,0.008846754188987923,0.008846754188987924,0.018293851212053864,0.008846754188987924,0.008846754188987924,0.008846754188987924,-0.05477267326447671,2.6315596689976157,3.8476974436531117,4.09635525764558,4.0415825843811035,4.0415825843811035,4.0415825843811035,4.0415825843811035,0.018293851212053864,0.0,1.734723475976807e-18,0.5,2.2818217303508175
N3-K1_fold2_seed20261005,N3,N3-K1,2,20261005,completed,/project/disease_ecology/STGNN-output/neural_a0_architecture_audit/models/N3-K1_fold2_seed20261005.pt,1,20.320362329483032,12,True,cuda,exact_joint_hurdle_nll,1,0.7018904089927673,0.09046503261109863,-4.037256783435559,-11.545413625516273,-7.654648845731708,0.7018904089927673,0.40451610397590715,0.34796269112207656,0.0749381135950828,0.572958872456561,0.2846846355727655,0.28894762344978264,0.018293851212053864,0.31200799228835213,0.3168622157930057,0.3245801967900644,-1.9874510594406145,2.4081733850471694,4.334943142549687,4.09635525764558,2.1089041982049657,2.1374621043743938,2.194214743420862,2.2657878782405945,0.011341521554662235,0.1607475295439775,0.024111756549390906,0.24093032910889456,2.708949508205777,0.018048433862048314,-0.004969470279471588,-0.17117186075337687,0.8077289476494071,0.7018903965556372,0.13695479030597618,0.008846754188987924,0.0749381135950828,0.035754887658514166,0.008846754188987923,0.008846754188987924,0.018293851212053864,0.008846754188987924,0.008846754188987924,0.008846754188987924,-0.05477267326447671,2.6315596689976157,3.8476974436531117,4.09635525764558,4.0415825843811035,4.0415825843811035,4.0415825843811035,4.0415825843811035,0.018293851212053864,0.0,1.734723475976807e-18,0.5,2.2818217303508175
N3-K1_fold2_seed20261006,N3,N3-K1,2,20261006,completed,/project/disease_ecology/STGNN-output/neural_a0_architecture_audit/models/N3-K1_fold2_seed20261006.pt,1,20.321232318878174,12,True,cuda,exact_joint_hurdle_nll,1,0.7018904089927673,0.08668921506815108,-3.827012427331783,-4.4952131273756555,-0.5378206898451968,0.7018904089927673,0.39526304924776745,0.37532761955850585,0.0749381135950828,0.5609262027387711,0.2793513531824502,0.27563538217807826,0.018293851212053864,0.31084970513027516,0.32395919357395314,0.339841140479844,-2.0164175228123953,2.3935588819589433,4.340362184831026,4.09635525764558,2.0799377348331847,2.091215659307152,2.120959277174672,2.1357220730319826,0.017297523018086333,0.08295390337710944,0.022652261299911984,0.519267970685201,2.7142418278466938,0.018048433862048314,-0.004969470279471588,-0.17117186075337687,0.8077289476494071,0.7018903965556372,0.13695479030597618,0.008846754188987924,0.0749381135950828,0.035754887658514166,0.008846754188987923,0.008846754188987924,0.018293851212053864,0.008846754188987924,0.008846754188987924,0.008846754188987924,-0.05477267326447671,2.6315596689976157,3.8476974436531117,4.09635525764558,4.0415825843811035,4.0415825843811035,4.0415825843811035,4.0415825843811035,0.018293851212053864,0.0,1.734723475976807e-18,0.5,2.2818217303508175
N3-K1_fold3_seed20261002,N3,N3-K1,3,20261002,completed,/project/disease_ecology/STGNN-output/neural_a0_architecture_audit/models/N3-K1_fold3_seed20261002.pt,1,20.805274963378906,12,True,cuda,exact_joint_hurdle_nll,1,0.7018904089927673,0.08517162878706311,-3.9926599734693227,-8.838820765961295,-4.722301396581438,0.7018904089927673,0.3665480155380648,0.35305807676541295,0.03535668028295307,0.6913795740136223,0.27566612830044207,0.28062533843116955,0.01736076516887516,0.3069542046409062,0.3112190113844555,0.32224047536356737,0.3857572894068943,1.4128336486945723,1.9064360557097957,2.0365853658536586,2.4223426552605525,2.40057713967021,2.5945310604987277,2.780621205941735,0.011330092661957171,0.1469113861907715,0.0275033428630112,0.30938286973648765,1.4309094056193612,0.017097219018335955,-0.0022187231371813,-0.19157523248652356,0.8582203556704864,0.7018903965556372,0.1177213167179967,0.011208528444754411,0.03535668028295307,0.04555069142465419,0.01120852844475441,0.011208528444754411,0.01736076516887516,0.011208528444754411,0.011208528444754411,0.011208528444754411,2.027346099295267,2.4902555419177546,2.7456315168071774,2.0365853658536586,4.063931465148926,4.063931465148926,4.063931465148926,4.063931465148926,0.01736076516887516,0.0,1.734723475976807e-18,0.5,1.6518048383452988
N3-K1_fold3_seed20261003,N3,N3-K1,3,20261003,completed,/project/disease_ecology/STGNN-output/neural_a0_architecture_audit/models/N3-K1_fold3_seed20261003.pt,1,20.666815519332886,12,True,cuda,exact_joint_hurdle_nll,1,0.7018904089927673,0.1063745232861612,-5.235548529140798,-16.035071709202413,-13.381313869679548,0.7018904089927673,0.41718822312267023,0.42144729355721683,0.03535668028295307,0.6778600439383407,0.3124779780639219,0.3123676485787832,0.01736076516887516,0.3498514914093448,0.35584419705745446,0.3670543330044848,0.1788015007815389,1.2948664455299723,1.8684099871534139,2.0365853658536586,2.215386866635198,2.2442646283348227,2.3310164282457015,2.358501341067997,0.00923720830527434,0.11532583976299542,0.02803886468825627,0.10052070659762197,1.4115439201512976,0.017097219018335955,-0.0022187231371813,-0.19157523248652356,0.8582203556704864,0.7018903965556372,0.1177213167179967,0.011208528444754411,0.03535668028295307,0.04555069142465419,0.01120852844475441,0.011208528444754411,0.01736076516887516,0.011208528444754411,0.011208528444754411,0.011208528444754411,2.027346099295267,2.4902555419177546,2.7456315168071774,2.0365853658536586,4.063931465148926,4.063931465148926,4.063931465148926,4.063931465148926,0.01736076516887516,0.0,1.734723475976807e-18,0.5,1.6518048383452988
N3-K1_fold3_seed20261004,N3,N3-K1,3,20261004,completed,/project/disease_ecology/STGNN-output/neural_a0_architecture_audit/models/N3-K1_fold3_seed20261004.pt,1,19.984883785247803,12,True,cuda,exact_joint_hurdle_nll,1,0.7018904089927673,0.08689849319770925,-4.093886719340258,8.580811371903303,13.94107945689109,0.7018904089927673,0.37175764227628444,0.3270044535055883,0.03535668028295307,0.7022150713678718,0.2821213557510914,0.2803197739883589,0.01736076516887516,0.3009599912243164,0.30587476404166425,0.3150244585440463,0.5328389460903172,1.4722232447643206,1.921447738056701,2.0365853658536586,2.5694243119439757,2.5921263806078976,2.6564860353732604,2.7777402926182475,0.05544703776531089,0.1074795301516203,0.01338411686115268,0.7519084841166678,1.4379262821906775,0.017097219018335955,-0.0022187231371813,-0.19157523248652356,0.8582203556704864,0.7018903965556372,0.1177213167179967,0.011208528444754411,0.03535668028295307,0.04555069142465419,0.01120852844475441,0.011208528444754411,0.01736076516887516,0.011208528444754411,0.011208528444754411,0.011208528444754411,2.027346099295267,2.4902555419177546,2.7456315168071774,2.0365853658536586,4.063931465148926,4.063931465148926,4.063931465148926,4.063931465148926,0.01736076516887516,0.0,1.734723475976807e-18,0.5,1.6518048383452988
N3-K1_fold3_seed20261005,N3,N3-K1,3,20261005,completed,/project/disease_ecology/STGNN-output/neural_a0_architecture_audit/models/N3-K1_fold3_seed20261005.pt,1,15.861727237701416,12,True,cuda,exact_joint_hurdle_nll,1,0.7018904089927673,0.07471640634691477,-3.37978722072263,-12.78711387901538,-8.002300212970075,0.7018904089927673,0.3403707934404179,0.32056993975462156,0.03535668028295307,0.5211017023715626,0.25624860708563946,0.25738067424453415,0.01736076516887516,0.27339992051329076,0.2786281598184828,0.29245890009954323,0.02675231855338883,1.232777336049646,1.8733026380098232,2.0365853658536586,2.063337684407047,2.0341557703000204,2.2903392400766496,2.370952373979593,0.011238886317223454,0.14494362301924044,0.014885922578111903,0.3004142908768617,1.4178244704171632,0.017097219018335955,-0.0022187231371813,-0.19157523248652356,0.8582203556704864,0.7018903965556372,0.1177213167179967,0.011208528444754411,0.03535668028295307,0.04555069142465419,0.01120852844475441,0.011208528444754411,0.01736076516887516,0.011208528444754411,0.011208528444754411,0.011208528444754411,2.027346099295267,2.4902555419177546,2.7456315168071774,2.0365853658536586,4.063931465148926,4.063931465148926,4.063931465148926,4.063931465148926,0.01736076516887516,0.0,1.734723475976807e-18,0.5,1.6518048383452988
N3-K1_fold3_seed20261006,N3,N3-K1,3,20261006,completed,/project/disease_ecology/STGNN-output/neural_a0_architecture_audit/models/N3-K1_fold3_seed20261006.pt,1,21.66788601875305,12,True,cuda,exact_joint_hurdle_nll,1,0.7018904089927673,0.07134309948381881,-3.182047968891312,-6.370274222289562,-2.0766772449463367,0.7018904089927673,0.33064485607742494,0.32404927263557676,0.03535668028295307,0.5141789533174846,0.24872895633137568,0.24667124957479014,0.01736076516887516,0.28035610197382943,0.2871448541999778,0.2962867909199096,0.08914335427511107,1.2423127444548367,1.8563808651426816,2.0365853658536586,2.1257287201287696,2.112402059842961,2.1906286104930333,2.218736774171302,0.01353923428015569,0.1150520978596043,0.023012899638859916,0.41179004014460013,1.4046598014464269,0.017097219018335955,-0.0022187231371813,-0.19157523248652356,0.8582203556704864,0.7018903965556372,0.1177213167179967,0.011208528444754411,0.03535668028295307,0.04555069142465419,0.01120852844475441,0.011208528444754411,0.01736076516887516,0.011208528444754411,0.011208528444754411,0.011208528444754411,2.027346099295267,2.4902555419177546,2.7456315168071774,2.0365853658536586,4.063931465148926,4.063931465148926,4.063931465148926,4.063931465148926,0.01736076516887516,0.0,1.734723475976807e-18,0.5,1.6518048383452988
N3-K1_fold4_seed20261002,N3,N3-K1,4,20261002,completed,/project/disease_ecology/STGNN-output/neural_a0_architecture_audit/models/N3-K1_fold4_seed20261002.pt,1,20.69545555114746,12,True,cuda,exact_joint_hurdle_nll,1,0.7018904089927673,0.07540007168071558,-1.7076533811878174,-13.105553774821285,-7.8952578354990495,0.7018904089927673,0.3559355082944625,0.3143752233009734,0.059865995815482714,0.5949491550646585,0.2421352310901047,0.24341955363187334,0.028668924977582944,0.269399070850765,0.27320767125610446,0.28534156609722283,0.32384405501663144,1.3965083577298685,1.9388383233145932,2.0881841876629017,2.4120282426795336,2.391405882182016,2.5768238093111564,2.7786924267174533,0.016576327582613425,0.15282594140651937,0.023842502840866427,0.21217959647456228,1.4426871542346071,0.02812391058974437,-0.009943358184119289,-0.17243071785869912,0.7601345288211417,0.7018903965556372,0.18475253226261254,0.01202882667463717,0.059865995815482714,0.04419149186474904,0.01202882667463717,0.01202882667463717,0.028668924977582944,0.01202882667463717,0.01202882667463717,0.01202882667463717,1.5856148502704477,2.1972887944802317,2.496107151737883,2.0881841876629017,3.6737990379333496,3.6737990379333496,3.6737990379333496,3.6737990379333496,0.028668924977582944,0.0,0.0,0.5,1.6138794625472328
N3-K1_fold4_seed20261003,N3,N3-K1,4,20261003,completed,/project/disease_ecology/STGNN-output/neural_a0_architecture_audit/models/N3-K1_fold4_seed20261003.pt,1,17.12456512451172,12,True,cuda,exact_joint_hurdle_nll,1,0.7018904089927673,0.08121063918009803,-1.916313696564505,-22.503622222005284,-16.675654905105247,0.7018904089927673,0.3713241610914372,0.32408741003321273,0.059865995815482714,0.5484825978027129,0.25579254609432067,0.25774173385529775,0.028668924977582944,0.2765327222579398,0.2809378036032318,0.29219341934151016,0.12028753063071576,1.2961794166664524,1.9179803586191575,2.0881841876629017,2.2084717182936173,2.2234002665215176,2.336522162145662,2.4660045814007767,0.015369198593312431,0.12437725827831138,0.01751466253520377,0.10642212403025857,1.428870522141024,0.02812391058974437,-0.009943358184119289,-0.17243071785869912,0.7601345288211417,0.7018903965556372,0.18475253226261254,0.01202882667463717,0.059865995815482714,0.04419149186474904,0.01202882667463717,0.01202882667463717,0.028668924977582944,0.01202882667463717,0.01202882667463717,0.01202882667463717,1.5856148502704477,2.1972887944802317,2.496107151737883,2.0881841876629017,3.6737990379333496,3.6737990379333496,3.6737990379333496,3.6737990379333496,0.028668924977582944,0.0,0.0,0.5,1.6138794625472328
N3-K1_fold4_seed20261004,N3,N3-K1,4,20261004,completed,/project/disease_ecology/STGNN-output/neural_a0_architecture_audit/models/N3-K1_fold4_seed20261004.pt,1,22.391862154006958,12,True,cuda,exact_joint_hurdle_nll,1,0.7018904089927673,0.07619570711480737,-1.7362250380216988,2.988602097828212,6.007932959128929,0.7018904089927673,0.3593004838569963,0.3076442318763173,0.059865995815482714,0.6276395012661797,0.24910956792925595,0.24584174435725636,0.028668924977582944,0.2715264528910326,0.2801677831926152,0.29230974949646926,0.47327210396810804,1.4999894474701658,2.001142082491192,2.0881841876629017,2.56145629163101,2.5805308335487926,2.656128241457994,2.7809081138454985,0.049484631685694544,0.10291392077735982,0.015979484960356238,0.6609593089062722,1.4725438089047511,0.02812391058974437,-0.009943358184119289,-0.17243071785869912,0.7601345288211417,0.7018903965556372,0.18475253226261254,0.01202882667463717,0.059865995815482714,0.04419149186474904,0.01202882667463717,0.01202882667463717,0.028668924977582944,0.01202882667463717,0.01202882667463717,0.01202882667463717,1.5856148502704477,2.1972887944802317,2.496107151737883,2.0881841876629017,3.6737990379333496,3.6737990379333496,3.6737990379333496,3.6737990379333496,0.028668924977582944,0.0,0.0,0.5,1.6138794625472328
N3-K1_fold4_seed20261005,N3,N3-K1,4,20261005,completed,/project/disease_ecology/STGNN-output/neural_a0_architecture_audit/models/N3-K1_fold4_seed20261005.pt,1,20.324740648269653,12,True,cuda,exact_joint_hurdle_nll,1,0.7018904089927673,0.06272609484328272,-1.252524686054918,-12.475611086572963,-6.723016011144171,0.7018904089927673,0.3203054331439342,0.26611329015810314,0.059865995815482714,0.44563839179662534,0.21348165867354846,0.21573754587697652,0.028668924977582944,0.23002563195343562,0.23384323665739393,0.2402946606549713,0.06149889551465018,1.2689877989122114,1.9209871102217173,2.0881841876629017,2.149683083177552,2.1055947209219177,2.403323523184064,2.4803597593486195,0.018610096601906406,0.17583391454733555,0.014111650525104316,0.3079226816596442,1.4292488844047315,0.02812391058974437,-0.009943358184119289,-0.17243071785869912,0.7601345288211417,0.7018903965556372,0.18475253226261254,0.01202882667463717,0.059865995815482714,0.04419149186474904,0.01202882667463717,0.01202882667463717,0.028668924977582944,0.01202882667463717,0.01202882667463717,0.01202882667463717,1.5856148502704477,2.1972887944802317,2.496107151737883,2.0881841876629017,3.6737990379333496,3.6737990379333496,3.6737990379333496,3.6737990379333496,0.028668924977582944,0.0,0.0,0.5,1.6138794625472328
N3-K1_fold4_seed20261006,N3,N3-K1,4,20261006,completed,/project/disease_ecology/STGNN-output/neural_a0_architecture_audit/models/N3-K1_fold4_seed20261006.pt,1,20.408926725387573,12,True,cuda,exact_joint_hurdle_nll,1,0.7018904089927673,0.05368199654678174,-0.9277467012804153,8.687928381462324,8.769349969114904,0.7018904089927673,0.292042870477187,0.2647260418319486,0.059865995815482714,0.4125491677422463,0.19119076321635464,0.19251833805917629,0.028668924977582944,0.21345528081825044,0.21812715529830753,0.2345557805167107,0.08215740498533781,1.2861308783655712,1.9264840690672551,2.0881841876629017,2.1703415926482394,2.1532040128031893,2.2432409655157497,2.3224725114522538,0.08041516014419271,0.10140757502805366,0.019007315219121492,0.7821468846085355,1.4340649109593386,0.02812391058974437,-0.009943358184119289,-0.17243071785869912,0.7601345288211417,0.7018903965556372,0.18475253226261254,0.01202882667463717,0.059865995815482714,0.04419149186474904,0.01202882667463717,0.01202882667463717,0.028668924977582944,0.01202882667463717,0.01202882667463717,0.01202882667463717,1.5856148502704477,2.1972887944802317,2.496107151737883,2.0881841876629017,3.6737990379333496,3.6737990379333496,3.6737990379333496,3.6737990379333496,0.028668924977582944,0.0,0.0,0.5,1.6138794625472328
N3-K3_fold1_seed20261002,N3,N3-K3,1,20261002,completed,/project/disease_ecology/STGNN-output/neural_a0_architecture_audit/models/N3-K3_fold1_seed20261002.pt,1,14.308753252029419,12,True,cuda,exact_joint_hurdle_nll,3,0.7018904089927673,0.23333421575973845,-13.916795264340648,-4.1053038086787605,0.2680931128362662,0.7018904089927673,0.709376989990599,0.5865741715238606,0.06506694461262559,0.8235942339858622,0.48170960645189304,0.48338084097769385,0.015895034526099586,0.51493860659193,0.5232663614335207,0.5392788424193546,-2.3563557928632055,2.544712630911108,4.698986074157285,4.093539054966249,1.7371832621030436,1.7379933756331833,1.7732289680363709,1.8190305770111344,0.01537615087744992,0.036211601174011454,0.0262228441474915,0.4807585829258746,3.124451439992414,0.015754158478862346,-0.0071457193965256405,-0.14549162372953736,0.7609872320503777,0.7018903965556372,0.12477604156595316,0.005322614020432095,0.06506694461262559,0.021098857134049125,0.005322614020432094,0.005322614020432095,0.015895034526099586,0.005322614020432095,0.005322614020432095,0.005322614020432095,-0.12953620729474066,2.5496090242464953,4.071246777698395,4.093539054966249,3.964002847671508,3.964002847671508,3.964002847671508,3.964002847671508,0.015895034526099586,0.0,8.673617379884035e-19,0.5,2.283792868291652
N3-K3_fold1_seed20261003,N3,N3-K3,1,20261003,completed,/project/disease_ecology/STGNN-output/neural_a0_architecture_audit/models/N3-K3_fold1_seed20261003.pt,1,21.251906633377075,12,True,cuda,exact_joint_hurdle_nll,3,0.7018904089927673,0.0862928463824812,-4.516605089714313,-6.719433514695006,-2.6935288781520312,0.7018904089927673,0.3902209851278437,0.37394764170148287,0.06506694461262559,0.5141679041594193,0.28023637510665145,0.2763925282597829,0.015895034526099586,0.31397144192525583,0.322288969659625,0.33576428831583593,-2.1645715793462457,2.403311878303532,4.599385513254279,4.093539054966249,1.928967475620003,1.9184728709942473,2.036012088676524,2.0771886119744845,0.012812482638882775,0.10919600610235748,0.0235400504631936,0.39800668955380314,2.847674943247132,0.015754158478862346,-0.0071457193965256405,-0.14549162372953736,0.7609872320503777,0.7018903965556372,0.12477604156595316,0.005322614020432095,0.06506694461262559,0.021098857134049125,0.005322614020432094,0.005322614020432095,0.015895034526099586,0.005322614020432095,0.005322614020432095,0.005322614020432095,-0.12953620729474066,2.5496090242464953,4.071246777698395,4.093539054966249,3.964002847671508,3.964002847671508,3.964002847671508,3.964002847671508,0.015895034526099586,0.0,8.673617379884035e-19,0.5,2.283792868291652
N3-K3_fold1_seed20261004,N3,N3-K3,1,20261004,completed,/project/disease_ecology/STGNN-output/neural_a0_architecture_audit/models/N3-K3_fold1_seed20261004.pt,1,22.18871021270752,12,True,cuda,exact_joint_hurdle_nll,3,0.7018904089927673,0.27980873709273935,-16.887859398571344,-3.823300934213627,-3.283405866087683,0.7018904089927673,0.7976689862348811,0.5899014360607175,0.06506694461262559,1.0494654138908943,0.5287862498476973,0.5360256068000717,0.015895034526099586,0.551156069876797,0.5566394565517825,0.563915657813042,-2.1155854450298817,2.3713594963455815,4.587489222113645,4.093539054966249,1.9779536099363668,1.9762380992633428,2.0312914522849628,2.0588435809383534,0.010896787848128415,0.048695165920074834,0.025741882773819436,0.3334855252733896,2.8172797702700483,0.015754158478862346,-0.0071457193965256405,-0.14549162372953736,0.7609872320503777,0.7018903965556372,0.12477604156595316,0.005322614020432095,0.06506694461262559,0.021098857134049125,0.005322614020432094,0.005322614020432095,0.015895034526099586,0.005322614020432095,0.005322614020432095,0.005322614020432095,-0.12953620729474066,2.5496090242464953,4.071246777698395,4.093539054966249,3.964002847671508,3.964002847671508,3.964002847671508,3.964002847671508,0.015895034526099586,0.0,8.673617379884035e-19,0.5,2.283792868291652
N3-K3_fold1_seed20261005,N3,N3-K3,1,20261005,completed,/project/disease_ecology/STGNN-output/neural_a0_architecture_audit/models/N3-K3_fold1_seed20261005.pt,1,21.417179346084595,12,True,cuda,exact_joint_hurdle_nll,3,0.7018904089927673,0.08639672030841263,-4.523245633542731,5.767838652903806,11.458445279438134,0.7018904089927673,0.3863772749056214,0.4531909114413425,0.06506694461262559,0.6191385355341126,0.282046432187255,0.28882429550209765,0.015895034526099586,0.31021171001118814,0.3134516287335283,0.3307963081331294,-1.8651918971311674,2.3522977002817465,4.474501806831213,4.093539054966249,2.2283471578350817,2.225846645985654,2.2571149609573524,2.286057096163895,0.06500567597750832,0.04833501589207899,0.028059975787330445,0.8328633943214807,2.6109229695688883,0.015754158478862346,-0.0071457193965256405,-0.14549162372953736,0.7609872320503777,0.7018903965556372,0.12477604156595316,0.005322614020432095,0.06506694461262559,0.021098857134049125,0.005322614020432094,0.005322614020432095,0.015895034526099586,0.005322614020432095,0.005322614020432095,0.005322614020432095,-0.12953620729474066,2.5496090242464953,4.071246777698395,4.093539054966249,3.964002847671508,3.964002847671508,3.964002847671508,3.964002847671508,0.015895034526099586,0.0,8.673617379884035e-19,0.5,2.283792868291652
N3-K3_fold1_seed20261006,N3,N3-K3,1,20261006,completed,/project/disease_ecology/STGNN-output/neural_a0_architecture_audit/models/N3-K3_fold1_seed20261006.pt,1,17.199873208999634,12,True,cuda,exact_joint_hurdle_nll,3,0.7018904089927673,0.06452166770182258,-3.1247980031052895,-5.692264598439435,-1.3199666401250203,0.7018904089927673,0.33164804108517415,0.46959174048439956,0.06506694461262559,0.46578272076961,0.23579779069668808,0.23288406537904865,0.015895034526099586,0.2633078873561177,0.2735374944132814,0.289225321179515,-2.0082823491909276,2.3540679643317266,4.543230279005191,4.093539054966249,2.085256705775321,2.092853694446709,2.143378987630037,2.1688943043407583,0.014784533482336368,0.10160038191535901,0.020683524251133477,0.49488322182587535,2.7277325167860242,0.015754158478862346,-0.0071457193965256405,-0.14549162372953736,0.7609872320503777,0.7018903965556372,0.12477604156595316,0.005322614020432095,0.06506694461262559,0.021098857134049125,0.005322614020432094,0.005322614020432095,0.015895034526099586,0.005322614020432095,0.005322614020432095,0.005322614020432095,-0.12953620729474066,2.5496090242464953,4.071246777698395,4.093539054966249,3.964002847671508,3.964002847671508,3.964002847671508,3.964002847671508,0.015895034526099586,0.0,8.673617379884035e-19,0.5,2.283792868291652
N3-K3_fold2_seed20261002,N3,N3-K3,2,20261002,completed,/project/disease_ecology/STGNN-output/neural_a0_architecture_audit/models/N3-K3_fold2_seed20261002.pt,1,21.30604338645935,12,True,cuda,exact_joint_hurdle_nll,3,0.7018904089927673,0.2113790276846586,-10.769966918134166,-4.878217959519542,-3.7346445318624726,0.7018904089927673,0.6703436634454119,0.6051030728551973,0.0749381135950828,0.8145177229478069,0.4546145941115391,0.44903808399630707,0.018293851212053864,0.5186112421627229,0.539139890557601,0.5708903832233858,-2.2872379001019754,2.5282066807105177,4.473690457490103,4.09635525764558,1.8091173575436046,1.8038365592419476,1.861065099537022,1.904875084767503,0.012334093643249324,0.05722887234742081,0.045803752095019204,0.3330922687438593,3.014894379576177,0.018048433862048314,-0.004969470279471588,-0.17117186075337687,0.8077289476494071,0.7018903965556372,0.13695479030597618,0.008846754188987924,0.0749381135950828,0.035754887658514166,0.008846754188987923,0.008846754188987924,0.018293851212053864,0.008846754188987924,0.008846754188987924,0.008846754188987924,-0.05477267326447671,2.6315596689976157,3.8476974436531117,4.09635525764558,4.0415825843811035,4.0415825843811035,4.0415825843811035,4.0415825843811035,0.018293851212053864,0.0,1.734723475976807e-18,0.5,2.2818217303508175
N3-K3_fold2_seed20261003,N3,N3-K3,2,20261003,completed,/project/disease_ecology/STGNN-output/neural_a0_architecture_audit/models/N3-K3_fold2_seed20261003.pt,1,22.72264051437378,12,True,cuda,exact_joint_hurdle_nll,3,0.7018904089927673,0.0649193841242085,-2.614828830736622,-1.677075875189515,1.961601428780347,0.7018904089927673,0.34042513005650804,0.3273768720321369,0.0749381135950828,0.45160136641459475,0.23423040296406086,0.23196412751853432,0.018293851212053864,0.2636453336384843,0.27557261044447345,0.29931873619480504,-2.143803394665025,2.436396467688007,4.399955542686463,4.09635525764558,1.9525518629805556,1.935097639709636,2.0601443500236196,2.1161720508106856,0.019908650404249627,0.10532817625182417,0.0219146098797143,0.5824404249657227,2.8343463943117353,0.018048433862048314,-0.004969470279471588,-0.17117186075337687,0.8077289476494071,0.7018903965556372,0.13695479030597618,0.008846754188987924,0.0749381135950828,0.035754887658514166,0.008846754188987923,0.008846754188987924,0.018293851212053864,0.008846754188987924,0.008846754188987924,0.008846754188987924,-0.05477267326447671,2.6315596689976157,3.8476974436531117,4.09635525764558,4.0415825843811035,4.0415825843811035,4.0415825843811035,4.0415825843811035,0.018293851212053864,0.0,1.734723475976807e-18,0.5,2.2818217303508175
N3-K3_fold2_seed20261004,N3,N3-K3,2,20261004,completed,/project/disease_ecology/STGNN-output/neural_a0_architecture_audit/models/N3-K3_fold2_seed20261004.pt,1,22.51266360282898,12,True,cuda,exact_joint_hurdle_nll,3,0.7018904089927673,0.1930607579473184,-9.749972497838133,-3.930739056004049,0.2080086123485259,0.7018904089927673,0.6288304797617067,0.5318110152300212,0.0749381135950828,0.8529076977933301,0.43598350207696446,0.43800976017954457,0.018293851212053864,0.4641761769959148,0.47057460234880605,0.4834381484026547,-2.0646789220346924,2.398133382136686,4.363748433444368,4.09635525764558,2.0316763356108876,2.036865660007039,2.0767687961889187,2.127024473368571,0.03647933962481274,0.07163797637165416,0.026021754147116233,0.6241009716438798,2.7580091916478,0.018048433862048314,-0.004969470279471588,-0.17117186075337687,0.8077289476494071,0.7018903965556372,0.13695479030597618,0.008846754188987924,0.0749381135950828,0.035754887658514166,0.008846754188987923,0.008846754188987924,0.018293851212053864,0.008846754188987924,0.008846754188987924,0.008846754188987924,-0.05477267326447671,2.6315596689976157,3.8476974436531117,4.09635525764558,4.0415825843811035,4.0415825843811035,4.0415825843811035,4.0415825843811035,0.018293851212053864,0.0,1.734723475976807e-18,0.5,2.2818217303508175
N3-K3_fold2_seed20261005,N3,N3-K3,2,20261005,completed,/project/disease_ecology/STGNN-output/neural_a0_architecture_audit/models/N3-K3_fold2_seed20261005.pt,1,19.65067982673645,12,True,cuda,exact_joint_hurdle_nll,3,0.7018904089927673,0.0651758150253219,-2.6291073675240773,2.59296094242683,5.849037704927224,0.7018904089927673,0.3354807917034653,0.47032839281498395,0.0749381135950828,0.5433320310516015,0.23575180708061327,0.2339914429964874,0.018293851212053864,0.2716053455570533,0.27663271562331565,0.28362425164150074,-1.7363380038656249,2.407077545678159,4.222934118538136,4.09635525764558,2.3600172537799553,2.366604061163643,2.4166863330681427,2.433774305530095,0.04032993206438813,0.053758004492467405,0.02626111153774585,0.7317358578749533,2.5427826490210927,0.018048433862048314,-0.004969470279471588,-0.17117186075337687,0.8077289476494071,0.7018903965556372,0.13695479030597618,0.008846754188987924,0.0749381135950828,0.035754887658514166,0.008846754188987923,0.008846754188987924,0.018293851212053864,0.008846754188987924,0.008846754188987924,0.008846754188987924,-0.05477267326447671,2.6315596689976157,3.8476974436531117,4.09635525764558,4.0415825843811035,4.0415825843811035,4.0415825843811035,4.0415825843811035,0.018293851212053864,0.0,1.734723475976807e-18,0.5,2.2818217303508175
N3-K3_fold2_seed20261006,N3,N3-K3,2,20261006,completed,/project/disease_ecology/STGNN-output/neural_a0_architecture_audit/models/N3-K3_fold2_seed20261006.pt,1,22.6692955493927,12,True,cuda,exact_joint_hurdle_nll,3,0.7018904089927673,0.04702862616401158,-1.618639040110831,-8.018633990571182,-2.698229895064754,0.7018904089927673,0.28454471909700696,0.46536558366068415,0.0749381135950828,0.3725353227619584,0.18690740898692598,0.18575559914885015,0.018293851212053864,0.2120300837227415,0.2198392364316605,0.23414890774873903,-2.0019967962786462,2.3975236750396833,4.3362930674379845,4.09635525764558,2.0943584613669337,2.0923249268396567,2.1657519055794805,2.2120083375635025,0.014258844631582612,0.09595416937541969,0.0199829367050059,0.40414409089983533,2.7082143477890317,0.018048433862048314,-0.004969470279471588,-0.17117186075337687,0.8077289476494071,0.7018903965556372,0.13695479030597618,0.008846754188987924,0.0749381135950828,0.035754887658514166,0.008846754188987923,0.008846754188987924,0.018293851212053864,0.008846754188987924,0.008846754188987924,0.008846754188987924,-0.05477267326447671,2.6315596689976157,3.8476974436531117,4.09635525764558,4.0415825843811035,4.0415825843811035,4.0415825843811035,4.0415825843811035,0.018293851212053864,0.0,1.734723475976807e-18,0.5,2.2818217303508175
N3-K3_fold3_seed20261002,N3,N3-K3,3,20261002,completed,/project/disease_ecology/STGNN-output/neural_a0_architecture_audit/models/N3-K3_fold3_seed20261002.pt,1,23.85854935646057,12,True,cuda,exact_joint_hurdle_nll,3,0.7018904089927673,0.1808524796602897,-9.601358094959336,-9.38872452550171,-11.024736567417188,0.7018904089927673,0.5769754886240642,0.5481255019460559,0.03535668028295307,0.7802804690743972,0.416812819770188,0.4146298507790417,0.01736076516887516,0.4816746613826678,0.4995586433197326,0.51749349231137,-0.12092584533476411,1.157395162734236,1.8523130318789054,2.0365853658536586,1.9156595205188944,1.9107323387535713,1.9874397905289836,2.0510321325948784,0.0094509195164656,0.06275657632157537,0.04762882639459115,0.13909553256174131,1.4023848398635261,0.017097219018335955,-0.0022187231371813,-0.19157523248652356,0.8582203556704864,0.7018903965556372,0.1177213167179967,0.011208528444754411,0.03535668028295307,0.04555069142465419,0.01120852844475441,0.011208528444754411,0.01736076516887516,0.011208528444754411,0.011208528444754411,0.011208528444754411,2.027346099295267,2.4902555419177546,2.7456315168071774,2.0365853658536586,4.063931465148926,4.063931465148926,4.063931465148926,4.063931465148926,0.01736076516887516,0.0,1.734723475976807e-18,0.5,1.6518048383452988
N3-K3_fold3_seed20261003,N3,N3-K3,3,20261003,completed,/project/disease_ecology/STGNN-output/neural_a0_architecture_audit/models/N3-K3_fold3_seed20261003.pt,1,24.22192931175232,12,True,cuda,exact_joint_hurdle_nll,3,0.7018904089927673,0.04691796990307505,-1.7502758102367202,3.862866729230034,5.599736799027041,0.7018904089927673,0.2597611782742236,0.28990505072430983,0.03535668028295307,0.38610056138916654,0.190510704064334,0.18913592916129746,0.01736076516887516,0.21253678789725727,0.22129252699448138,0.2421719308726693,-0.02466417142825853,1.1939207319309932,1.8602125005340922,2.0365853658536586,2.0119211944254003,2.0066283446763915,2.1155325820310984,2.2535337092726055,0.03686682301452474,0.07869808779790784,0.018536236027038692,0.7181459542260569,1.408479922841056,0.017097219018335955,-0.0022187231371813,-0.19157523248652356,0.8582203556704864,0.7018903965556372,0.1177213167179967,0.011208528444754411,0.03535668028295307,0.04555069142465419,0.01120852844475441,0.011208528444754411,0.01736076516887516,0.011208528444754411,0.011208528444754411,0.011208528444754411,2.027346099295267,2.4902555419177546,2.7456315168071774,2.0365853658536586,4.063931465148926,4.063931465148926,4.063931465148926,4.063931465148926,0.01736076516887516,0.0,1.734723475976807e-18,0.5,1.6518048383452988
N3-K3_fold3_seed20261004,N3,N3-K3,3,20261004,completed,/project/disease_ecology/STGNN-output/neural_a0_architecture_audit/models/N3-K3_fold3_seed20261004.pt,1,19.25060200691223,12,True,cuda,exact_joint_hurdle_nll,3,0.7018904089927673,0.12728826025564807,-6.461487013002252,-10.138148776719154,-9.010191370421083,0.7018904089927673,0.46448423177341924,0.4519611146948981,0.03535668028295307,0.6647906072517858,0.34751184891420905,0.34926370157106956,0.01736076516887516,0.371164097399776,0.3768478131937754,0.3865088629604049,0.01806338290974213,1.1951364507416282,1.8441688975232944,2.0365853658536586,2.0546487487634004,2.0472846241876317,2.131964162384713,2.222422442789623,0.010339064687731533,0.06193575748516483,0.02030466382986114,0.23426172714044013,1.3956103677299392,0.017097219018335955,-0.0022187231371813,-0.19157523248652356,0.8582203556704864,0.7018903965556372,0.1177213167179967,0.011208528444754411,0.03535668028295307,0.04555069142465419,0.01120852844475441,0.011208528444754411,0.01736076516887516,0.011208528444754411,0.011208528444754411,0.011208528444754411,2.027346099295267,2.4902555419177546,2.7456315168071774,2.0365853658536586,4.063931465148926,4.063931465148926,4.063931465148926,4.063931465148926,0.01736076516887516,0.0,1.734723475976807e-18,0.5,1.6518048383452988
N3-K3_fold3_seed20261005,N3,N3-K3,3,20261005,completed,/project/disease_ecology/STGNN-output/neural_a0_architecture_audit/models/N3-K3_fold3_seed20261005.pt,1,22.607986450195312,12,True,cuda,exact_joint_hurdle_nll,3,0.7018904089927673,0.04268596647750145,-1.50220078324304,4.994884724913269,6.082166653686813,0.7018904089927673,0.24602864839292346,0.4416764524384627,0.03535668028295307,0.4409124488572412,0.17818541926638612,0.176630612915818,0.01736076516887516,0.20315898706571026,0.2124412062152974,0.2266433433108354,0.45639721525656246,1.4403149071874795,1.9101015949397733,2.0365853658536586,2.492982581110221,2.5244881006106663,2.5740443429427793,2.584951354367895,0.04389299317148791,0.06567628520883301,0.018732066262330538,0.7773267499224561,1.4328982821749072,0.017097219018335955,-0.0022187231371813,-0.19157523248652356,0.8582203556704864,0.7018903965556372,0.1177213167179967,0.011208528444754411,0.03535668028295307,0.04555069142465419,0.01120852844475441,0.011208528444754411,0.01736076516887516,0.011208528444754411,0.011208528444754411,0.011208528444754411,2.027346099295267,2.4902555419177546,2.7456315168071774,2.0365853658536586,4.063931465148926,4.063931465148926,4.063931465148926,4.063931465148926,0.01736076516887516,0.0,1.734723475976807e-18,0.5,1.6518048383452988
N3-K3_fold3_seed20261006,N3,N3-K3,3,20261006,completed,/project/disease_ecology/STGNN-output/neural_a0_architecture_audit/models/N3-K3_fold3_seed20261006.pt,1,25.54469895362854,12,True,cuda,exact_joint_hurdle_nll,3,0.7018904089927673,0.034106077622293056,-0.9992578634673768,-15.08056856460332,-5.980079453562507,0.7018904089927673,0.21366125392835292,0.4587169687755604,0.03535668028295307,0.29122953570106536,0.14453046833565175,0.14244438813885982,0.01736076516887516,0.17098325395054617,0.17780532753742195,0.18955555115828246,0.10298273549277613,1.2420202227351567,1.8492545952215866,2.0365853658536586,2.1395681013464345,2.1314921291146973,2.212092938879952,2.2660469903815748,0.010793868199585482,0.09629218139420603,0.019886542332741695,0.27554258234439855,1.399839051421571,0.017097219018335955,-0.0022187231371813,-0.19157523248652356,0.8582203556704864,0.7018903965556372,0.1177213167179967,0.011208528444754411,0.03535668028295307,0.04555069142465419,0.01120852844475441,0.011208528444754411,0.01736076516887516,0.011208528444754411,0.011208528444754411,0.011208528444754411,2.027346099295267,2.4902555419177546,2.7456315168071774,2.0365853658536586,4.063931465148926,4.063931465148926,4.063931465148926,4.063931465148926,0.01736076516887516,0.0,1.734723475976807e-18,0.5,1.6518048383452988
N3-K3_fold4_seed20261002,N3,N3-K3,4,20261002,completed,/project/disease_ecology/STGNN-output/neural_a0_architecture_audit/models/N3-K3_fold4_seed20261002.pt,1,20.564025402069092,12,True,cuda,exact_joint_hurdle_nll,3,0.7018904089927673,0.12356314052134788,-3.437212694432784,-10.349930552471347,-9.368552190136077,0.7018904089927673,0.47235609118521227,0.4647443860538245,0.059865995815482714,0.6410104491651615,0.3353950286001886,0.33212647490082936,0.028668924977582944,0.3682621008675895,0.37954383020750265,0.40975877541259664,-0.0901779131763302,1.2076867220827363,1.9282505320521632,2.0881841876629017,1.9980062744865716,1.990101137242914,2.065945603103291,2.1373390687139953,0.01798116855470592,0.06300720105976396,0.02494285494908218,0.2701055614850812,1.4353291593992203,0.02812391058974437,-0.009943358184119289,-0.17243071785869912,0.7601345288211417,0.7018903965556372,0.18475253226261254,0.01202882667463717,0.059865995815482714,0.04419149186474904,0.01202882667463717,0.01202882667463717,0.028668924977582944,0.01202882667463717,0.01202882667463717,0.01202882667463717,1.5856148502704477,2.1972887944802317,2.496107151737883,2.0881841876629017,3.6737990379333496,3.6737990379333496,3.6737990379333496,3.6737990379333496,0.028668924977582944,0.0,0.0,0.5,1.6138794625472328
N3-K3_fold4_seed20261003,N3,N3-K3,4,20261003,completed,/project/disease_ecology/STGNN-output/neural_a0_architecture_audit/models/N3-K3_fold4_seed20261003.pt,1,25.247057676315308,12,True,cuda,exact_joint_hurdle_nll,3,0.7018904089927673,0.04382065898679142,-0.573621255612287,2.616845390796433,3.7038026050134625,0.7018904089927673,0.2571076178240288,0.2636185119270725,0.059865995815482714,0.31364231727980146,0.1559983988189484,0.1523296717895546,0.028668924977582944,0.18318776153779148,0.19455428612239672,0.21259894929276865,-0.05047369890304553,1.2202176539870342,1.9219586006221268,2.0881841876629017,2.0377104887598563,2.021107867353774,2.150249254498375,2.24725041327211,0.046770256952777325,0.07164701840539282,0.019021574725617225,0.7254895295138098,1.4303316055368671,0.02812391058974437,-0.009943358184119289,-0.17243071785869912,0.7601345288211417,0.7018903965556372,0.18475253226261254,0.01202882667463717,0.059865995815482714,0.04419149186474904,0.01202882667463717,0.01202882667463717,0.028668924977582944,0.01202882667463717,0.01202882667463717,0.01202882667463717,1.5856148502704477,2.1972887944802317,2.496107151737883,2.0881841876629017,3.6737990379333496,3.6737990379333496,3.6737990379333496,3.6737990379333496,0.028668924977582944,0.0,0.0,0.5,1.6138794625472328
N3-K3_fold4_seed20261004,N3,N3-K3,4,20261004,completed,/project/disease_ecology/STGNN-output/neural_a0_architecture_audit/models/N3-K3_fold4_seed20261004.pt,1,23.184768199920654,12,True,cuda,exact_joint_hurdle_nll,3,0.7018904089927673,0.0885569022515571,-2.180121589596239,-12.352797548292093,-8.604803930496077,0.7018904089927673,0.3901326689062725,0.3573960351094727,0.059865995815482714,0.5367355398954293,0.2723342417553803,0.27457004404192137,0.028668924977582944,0.294195750964665,0.30035641931870016,0.31401039058860986,-0.0023626766812028595,1.2473141847647338,1.9286541714161052,2.0881841876629017,2.085821510981699,2.080563008316386,2.1734339733751216,2.2425381445826624,0.017136994005514293,0.07046832188641679,0.019211465143130428,0.23982551666352647,1.4355654519411,0.02812391058974437,-0.009943358184119289,-0.17243071785869912,0.7601345288211417,0.7018903965556372,0.18475253226261254,0.01202882667463717,0.059865995815482714,0.04419149186474904,0.01202882667463717,0.01202882667463717,0.028668924977582944,0.01202882667463717,0.01202882667463717,0.01202882667463717,1.5856148502704477,2.1972887944802317,2.496107151737883,2.0881841876629017,3.6737990379333496,3.6737990379333496,3.6737990379333496,3.6737990379333496,0.028668924977582944,0.0,0.0,0.5,1.6138794625472328
N3-K3_fold4_seed20261005,N3,N3-K3,4,20261005,completed,/project/disease_ecology/STGNN-output/neural_a0_architecture_audit/models/N3-K3_fold4_seed20261005.pt,1,20.978328704833984,12,True,cuda,exact_joint_hurdle_nll,3,0.7018904089927673,0.03990203282773589,-0.4329014773326674,7.133018987925473,5.998697066040806,0.7018904089927673,0.24300153069695918,0.39279491442135867,0.059865995815482714,0.3494520012229408,0.1406825795798971,0.13819744462195688,0.028668924977582944,0.15632321553963163,0.16409498111912738,0.18494219155065617,0.4420371497558613,1.4772732304208596,1.9830417738723907,2.0881841876629017,2.530221337418763,2.541445550410171,2.611709138504304,2.665664200649871,0.0777556099676306,0.06947032708080246,0.013693002717611516,0.7714343216091363,1.4642610341306639,0.02812391058974437,-0.009943358184119289,-0.17243071785869912,0.7601345288211417,0.7018903965556372,0.18475253226261254,0.01202882667463717,0.059865995815482714,0.04419149186474904,0.01202882667463717,0.01202882667463717,0.028668924977582944,0.01202882667463717,0.01202882667463717,0.01202882667463717,1.5856148502704477,2.1972887944802317,2.496107151737883,2.0881841876629017,3.6737990379333496,3.6737990379333496,3.6737990379333496,3.6737990379333496,0.028668924977582944,0.0,0.0,0.5,1.6138794625472328
N3-K3_fold4_seed20261006,N3,N3-K3,4,20261006,completed,/project/disease_ecology/STGNN-output/neural_a0_architecture_audit/models/N3-K3_fold4_seed20261006.pt,1,25.081934928894043,12,True,cuda,exact_joint_hurdle_nll,3,0.7018904089927673,0.03548880396013434,-0.2744202743449884,-11.136228809121215,-3.607524613261951,0.7018904089927673,0.22182590172993033,0.4056950249899271,0.059865995815482714,0.23439381297896492,0.11226478921051566,0.10729673269307505,0.028668924977582944,0.13695261373628126,0.14204892357071214,0.15152634877257595,0.06967331440408848,1.2847537291002715,1.9313559683126147,2.0881841876629017,2.15785750206699,2.155398332588746,2.1989917494565834,2.273825529230939,0.021359478469520243,0.06101135843282523,0.016374935048924167,0.39659057457849406,1.437655054799816,0.02812391058974437,-0.009943358184119289,-0.17243071785869912,0.7601345288211417,0.7018903965556372,0.18475253226261254,0.01202882667463717,0.059865995815482714,0.04419149186474904,0.01202882667463717,0.01202882667463717,0.028668924977582944,0.01202882667463717,0.01202882667463717,0.01202882667463717,1.5856148502704477,2.1972887944802317,2.496107151737883,2.0881841876629017,3.6737990379333496,3.6737990379333496,3.6737990379333496,3.6737990379333496,0.028668924977582944,0.0,0.0,0.5,1.6138794625472328
N4-E12_fold1_seed20261002,N4,N4-E12,1,20261002,completed,/project/disease_ecology/STGNN-output/neural_a0_architecture_audit/models/N4-E12_fold1_seed20261002.pt,1,14.625438451766968,12,True,cuda,exact_joint_hurdle_nll,3,0.7018904089927673,0.23333421603137205,-13.91679528170588,-4.105303811647156,0.2680930795308346,0.7018904089927673,0.7093769903741114,0.5865741715238606,0.06506694461262559,0.8235942350347275,0.4817096066754347,0.4833808335353445,0.015895034526099586,0.5149386010089826,0.5232663409887889,0.5392788483430376,-2.3563557892663267,2.5447126277798784,4.6989860712356,4.093539054966249,1.737183265699922,1.737993409805362,1.7732290362633836,1.8190305770111344,0.015376152288868216,0.03621159974854764,0.026222844353072088,0.48075859419068284,3.1244514298536394,0.015754158478862346,-0.0071457193965256405,-0.14549162372953736,0.7609872320503777,0.7018903965556372,0.12477604156595316,0.005322614020432095,0.06506694461262559,0.021098857134049125,0.005322614020432094,0.005322614020432095,0.015895034526099586,0.005322614020432095,0.005322614020432095,0.005322614020432095,-0.12953620729474066,2.5496090242464953,4.071246777698395,4.093539054966249,3.964002847671508,3.964002847671508,3.964002847671508,3.964002847671508,0.015895034526099586,0.0,8.673617379884035e-19,0.5,2.283792868291652
N4-E12_fold1_seed20261003,N4,N4-E12,1,20261003,completed,/project/disease_ecology/STGNN-output/neural_a0_architecture_audit/models/N4-E12_fold1_seed20261003.pt,1,20.648252725601196,12,True,cuda,exact_joint_hurdle_nll,3,0.7018904089927673,0.08629284513367204,-4.51660500987934,-6.719431164174067,-2.693526454640933,0.7018904089927673,0.39022098190952553,0.37394764170148287,0.06506694461262559,0.5141678996929548,0.28023637315718464,0.2763925163388721,0.015895034526099586,0.3139714162483651,0.32228898267839945,0.33576434148943646,-2.164571567288135,2.403311871474964,4.599385509321028,4.093539054966249,1.9289674876781133,1.9184728371033304,2.0360121089145786,2.0771886119744845,0.012812490759307116,0.10919600535419552,0.023540049959885276,0.3980068097117577,2.8476749339112635,0.015754158478862346,-0.0071457193965256405,-0.14549162372953736,0.7609872320503777,0.7018903965556372,0.12477604156595316,0.005322614020432095,0.06506694461262559,0.021098857134049125,0.005322614020432094,0.005322614020432095,0.015895034526099586,0.005322614020432095,0.005322614020432095,0.005322614020432095,-0.12953620729474066,2.5496090242464953,4.071246777698395,4.093539054966249,3.964002847671508,3.964002847671508,3.964002847671508,3.964002847671508,0.015895034526099586,0.0,8.673617379884035e-19,0.5,2.283792868291652
N4-E12_fold1_seed20261004,N4,N4-E12,1,20261004,completed,/project/disease_ecology/STGNN-output/neural_a0_architecture_audit/models/N4-E12_fold1_seed20261004.pt,1,21.6840558052063,12,True,cuda,exact_joint_hurdle_nll,3,0.7018904089927673,0.27980873391281647,-16.887859195282434,-3.8233009703035763,-3.2834059345954127,0.7018904089927673,0.7976689799286822,0.5899014360607175,0.06506694461262559,1.0494654076233934,0.5287862467999971,0.5360256068000717,0.015895034526099586,0.551156069876797,0.5566394418418347,0.5639156490184194,-2.115585445974411,2.3713594968991725,4.587489224573731,4.093539054966249,1.9779536089918377,1.9762380316438035,2.031291499515606,2.0588435809383534,0.010896768929873846,0.04869516737941965,0.025741882253007786,0.33348547082681645,2.8172797758155412,0.015754158478862346,-0.0071457193965256405,-0.14549162372953736,0.7609872320503777,0.7018903965556372,0.12477604156595316,0.005322614020432095,0.06506694461262559,0.021098857134049125,0.005322614020432094,0.005322614020432095,0.015895034526099586,0.005322614020432095,0.005322614020432095,0.005322614020432095,-0.12953620729474066,2.5496090242464953,4.071246777698395,4.093539054966249,3.964002847671508,3.964002847671508,3.964002847671508,3.964002847671508,0.015895034526099586,0.0,8.673617379884035e-19,0.5,2.283792868291652
N4-E12_fold1_seed20261005,N4,N4-E12,1,20261005,completed,/project/disease_ecology/STGNN-output/neural_a0_architecture_audit/models/N4-E12_fold1_seed20261005.pt,1,22.231831550598145,12,True,cuda,exact_joint_hurdle_nll,3,0.7018904089927673,0.08639672157181286,-4.523245714310494,5.7678402003408005,11.458447254161522,0.7018904089927673,0.38637727801858934,0.4531909114413425,0.06506694461262559,0.6191385437543816,0.2820464346532259,0.28882429550209765,0.015895034526099586,0.31021171001118814,0.3134516415604304,0.3307963292445513,-1.8651918831110847,2.3522976993787177,4.474501800324227,4.093539054966249,2.228347171855164,2.225846645985654,2.2571149609573524,2.286056998535136,0.06500565938994506,0.04833501553967327,0.028059974128547337,0.8328634375032457,2.6109229599081036,0.015754158478862346,-0.0071457193965256405,-0.14549162372953736,0.7609872320503777,0.7018903965556372,0.12477604156595316,0.005322614020432095,0.06506694461262559,0.021098857134049125,0.005322614020432094,0.005322614020432095,0.015895034526099586,0.005322614020432095,0.005322614020432095,0.005322614020432095,-0.12953620729474066,2.5496090242464953,4.071246777698395,4.093539054966249,3.964002847671508,3.964002847671508,3.964002847671508,3.964002847671508,0.015895034526099586,0.0,8.673617379884035e-19,0.5,2.283792868291652
N4-E12_fold1_seed20261006,N4,N4-E12,1,20261006,completed,/project/disease_ecology/STGNN-output/neural_a0_architecture_audit/models/N4-E12_fold1_seed20261006.pt,1,18.958105325698853,12,True,cuda,exact_joint_hurdle_nll,3,0.7018904089927673,0.06452166768181555,-3.124798001826263,-5.6922637730659265,-1.3199659486925983,0.7018904089927673,0.3316480410735811,0.46959175161893485,0.06506694461262559,0.46578272038665913,0.23579779068073448,0.2328840440824198,0.015895034526099586,0.2633078873561177,0.27353750625760265,0.289225321179515,-2.008282352048199,2.3540679645216542,4.543230282255596,4.093539054966249,2.0852567029180498,2.0928537954197926,2.143378987630037,2.1688943043407583,0.014784534296784259,0.10160038142654446,0.020683524895265325,0.4948832406005558,2.727732522872888,0.015754158478862346,-0.0071457193965256405,-0.14549162372953736,0.7609872320503777,0.7018903965556372,0.12477604156595316,0.005322614020432095,0.06506694461262559,0.021098857134049125,0.005322614020432094,0.005322614020432095,0.015895034526099586,0.005322614020432095,0.005322614020432095,0.005322614020432095,-0.12953620729474066,2.5496090242464953,4.071246777698395,4.093539054966249,3.964002847671508,3.964002847671508,3.964002847671508,3.964002847671508,0.015895034526099586,0.0,8.673617379884035e-19,0.5,2.283792868291652
N4-E12_fold2_seed20261002,N4,N4-E12,2,20261002,completed,/project/disease_ecology/STGNN-output/neural_a0_architecture_audit/models/N4-E12_fold2_seed20261002.pt,1,22.66960620880127,12,True,cuda,exact_joint_hurdle_nll,3,0.7018904089927673,0.21137902996506297,-10.76996704511121,-4.8782180259366905,-3.7346448705197814,0.7018904089927673,0.6703436681753131,0.6051030514911033,0.0749381135950828,0.8145177244130941,0.45461459657009046,0.4490380692499462,0.018293851212053864,0.5186112551831739,0.539139890557601,0.5708904095063121,-2.2872379039526485,2.5282066832497647,4.4736904593950335,4.09635525764558,1.8091173536929317,1.8038365592419476,1.8610651267171658,1.9048750264413563,0.012334093328525246,0.05722886988978664,0.04580375268355986,0.3330922491206496,3.0148943850672656,0.018048433862048314,-0.004969470279471588,-0.17117186075337687,0.8077289476494071,0.7018903965556372,0.13695479030597618,0.008846754188987924,0.0749381135950828,0.035754887658514166,0.008846754188987923,0.008846754188987924,0.018293851212053864,0.008846754188987924,0.008846754188987924,0.008846754188987924,-0.05477267326447671,2.6315596689976157,3.8476974436531117,4.09635525764558,4.0415825843811035,4.0415825843811035,4.0415825843811035,4.0415825843811035,0.018293851212053864,0.0,1.734723475976807e-18,0.5,2.2818217303508175
N4-E12_fold2_seed20261003,N4,N4-E12,2,20261003,completed,/project/disease_ecology/STGNN-output/neural_a0_architecture_audit/models/N4-E12_fold2_seed20261003.pt,1,22.3118634223938,12,True,cuda,exact_joint_hurdle_nll,3,0.7018904089927673,0.06491938465040487,-2.6148288600361878,-1.6770758870502143,1.9616014303862803,0.7018904089927673,0.34042513179794576,0.32737685890711943,0.0749381135950828,0.45160136916822496,0.2342304041463154,0.23196416999442124,0.018293851212053864,0.2636453336384843,0.2755726342425043,0.29931873619480504,-2.143803404078376,2.4363964743315614,4.399955550325677,4.09635525764558,1.9525518535672037,1.9350977751778038,2.060144457858424,2.1161720508106856,0.019908648798618436,0.10532817648292454,0.021914610409762975,0.582440411883583,2.834346411442266,0.018048433862048314,-0.004969470279471588,-0.17117186075337687,0.8077289476494071,0.7018903965556372,0.13695479030597618,0.008846754188987924,0.0749381135950828,0.035754887658514166,0.008846754188987923,0.008846754188987924,0.018293851212053864,0.008846754188987924,0.008846754188987924,0.008846754188987924,-0.05477267326447671,2.6315596689976157,3.8476974436531117,4.09635525764558,4.0415825843811035,4.0415825843811035,4.0415825843811035,4.0415825843811035,0.018293851212053864,0.0,1.734723475976807e-18,0.5,2.2818217303508175
N4-E12_fold2_seed20261004,N4,N4-E12,2,20261004,completed,/project/disease_ecology/STGNN-output/neural_a0_architecture_audit/models/N4-E12_fold2_seed20261004.pt,1,23.096402168273926,12,True,cuda,exact_joint_hurdle_nll,3,0.7018904089927673,0.19306075977236936,-9.749972599460275,-3.930739482941135,0.20800698413067967,0.7018904089927673,0.6288304838586262,0.5318110115198099,0.0749381135950828,0.8529077001709918,0.43598350421143645,0.4380097895237709,0.018293851212053864,0.4641761658774139,0.4705745615125374,0.48343812458694335,-2.0646789415700866,2.398133385334581,4.363748443057609,4.09635525764558,2.031676316075494,2.036865660007039,2.0767687961889187,2.127024473368571,0.03647933978411168,0.07163796964354657,0.0260217519245091,0.6241009176800534,2.758009209750039,0.018048433862048314,-0.004969470279471588,-0.17117186075337687,0.8077289476494071,0.7018903965556372,0.13695479030597618,0.008846754188987924,0.0749381135950828,0.035754887658514166,0.008846754188987923,0.008846754188987924,0.018293851212053864,0.008846754188987924,0.008846754188987924,0.008846754188987924,-0.05477267326447671,2.6315596689976157,3.8476974436531117,4.09635525764558,4.0415825843811035,4.0415825843811035,4.0415825843811035,4.0415825843811035,0.018293851212053864,0.0,1.734723475976807e-18,0.5,2.2818217303508175
N4-E12_fold2_seed20261005,N4,N4-E12,2,20261005,completed,/project/disease_ecology/STGNN-output/neural_a0_architecture_audit/models/N4-E12_fold2_seed20261005.pt,1,19.444409370422363,12,True,cuda,exact_joint_hurdle_nll,3,0.7018904089927673,0.06517581637960719,-2.6291074429331345,2.5929605395118167,5.849037397994845,0.7018904089927673,0.3354807955376859,0.47032839281498395,0.0749381135950828,0.5433320367807035,0.23575181007738594,0.2339914429964874,0.018293851212053864,0.2716053455570533,0.27663272755062585,0.28362424195306246,-1.7363380050383868,2.4070775447306914,4.222934118260419,4.09635525764558,2.360017252607194,2.366604061163643,2.4166863330681427,2.4337741910333768,0.04032992295037593,0.05375800546317481,0.02626111087167619,0.7317358529691509,2.5427826488534344,0.018048433862048314,-0.004969470279471588,-0.17117186075337687,0.8077289476494071,0.7018903965556372,0.13695479030597618,0.008846754188987924,0.0749381135950828,0.035754887658514166,0.008846754188987923,0.008846754188987924,0.018293851212053864,0.008846754188987924,0.008846754188987924,0.008846754188987924,-0.05477267326447671,2.6315596689976157,3.8476974436531117,4.09635525764558,4.0415825843811035,4.0415825843811035,4.0415825843811035,4.0415825843811035,0.018293851212053864,0.0,1.734723475976807e-18,0.5,2.2818217303508175
N4-E12_fold2_seed20261006,N4,N4-E12,2,20261006,completed,/project/disease_ecology/STGNN-output/neural_a0_architecture_audit/models/N4-E12_fold2_seed20261006.pt,1,25.050275802612305,12,True,cuda,exact_joint_hurdle_nll,3,0.7018904089927673,0.047028625540006364,-1.618639005365091,-8.018632991449605,-2.6982292192721586,0.7018904089927673,0.28454471711948676,0.4653655873680999,0.0749381135950828,0.37253531875297147,0.18690740743971931,0.18575559914885015,0.018293851212053864,0.2120301036394348,0.2198392159860823,0.23414890347309733,-2.001996798565688,2.3975236725910802,4.33629306713561,4.09635525764558,2.094358459079892,2.092324859522944,2.1657521472809607,2.2120083375635025,0.01425884639600131,0.09595417135464884,0.01998293596362365,0.4041441219699173,2.708214347529209,0.018048433862048314,-0.004969470279471588,-0.17117186075337687,0.8077289476494071,0.7018903965556372,0.13695479030597618,0.008846754188987924,0.0749381135950828,0.035754887658514166,0.008846754188987923,0.008846754188987924,0.018293851212053864,0.008846754188987924,0.008846754188987924,0.008846754188987924,-0.05477267326447671,2.6315596689976157,3.8476974436531117,4.09635525764558,4.0415825843811035,4.0415825843811035,4.0415825843811035,4.0415825843811035,0.018293851212053864,0.0,1.734723475976807e-18,0.5,2.2818217303508175
N4-E12_fold3_seed20261002,N4,N4-E12,3,20261002,completed,/project/disease_ecology/STGNN-output/neural_a0_architecture_audit/models/N4-E12_fold3_seed20261002.pt,1,24.358933925628662,12,True,cuda,exact_joint_hurdle_nll,3,0.7018904089927673,0.1808524832019492,-9.60135830256722,-9.388723351769965,-11.024734970200965,0.7018904089927673,0.5769754960460234,0.5481255056368342,0.03535668028295307,0.7802804750629657,0.4168128244387969,0.414629858012422,0.01736076516887516,0.48167466882323684,0.4995586451823763,0.5174935114731306,-0.1209258762093254,1.1573951603537276,1.8523130377710209,2.0365853658536586,1.9156594896443333,1.9107323048516704,1.9874396959046816,2.0510321325948784,0.009450919631904454,0.06275657430439702,0.04762882604599708,0.13909552801584824,1.4023848456067822,0.017097219018335955,-0.0022187231371813,-0.19157523248652356,0.8582203556704864,0.7018903965556372,0.1177213167179967,0.011208528444754411,0.03535668028295307,0.04555069142465419,0.01120852844475441,0.011208528444754411,0.01736076516887516,0.011208528444754411,0.011208528444754411,0.011208528444754411,2.027346099295267,2.4902555419177546,2.7456315168071774,2.0365853658536586,4.063931465148926,4.063931465148926,4.063931465148926,4.063931465148926,0.01736076516887516,0.0,1.734723475976807e-18,0.5,1.6518048383452988
N4-E12_fold3_seed20261003,N4,N4-E12,3,20261003,completed,/project/disease_ecology/STGNN-output/neural_a0_architecture_audit/models/N4-E12_fold3_seed20261003.pt,1,24.655007362365723,12,True,cuda,exact_joint_hurdle_nll,3,0.7018904089927673,0.046917970005618696,-1.7502758162477074,3.862866077501856,5.599736338383808,0.7018904089927673,0.25976117853462954,0.2899050384540911,0.03535668028295307,0.3861005627402709,0.19051070424142125,0.18913592916129746,0.01736076516887516,0.21253678789725727,0.22129252699448138,0.24217188930480196,-0.02466416711968831,1.1939207338038622,1.8602125004036552,2.0365853658536586,2.0119211987339702,2.0066283446763915,2.1155325820310984,2.253533584764018,0.03686684461952348,0.078698083383257,0.01853623678559545,0.7181458860376603,1.408479922282783,0.017097219018335955,-0.0022187231371813,-0.19157523248652356,0.8582203556704864,0.7018903965556372,0.1177213167179967,0.011208528444754411,0.03535668028295307,0.04555069142465419,0.01120852844475441,0.011208528444754411,0.01736076516887516,0.011208528444754411,0.011208528444754411,0.011208528444754411,2.027346099295267,2.4902555419177546,2.7456315168071774,2.0365853658536586,4.063931465148926,4.063931465148926,4.063931465148926,4.063931465148926,0.01736076516887516,0.0,1.734723475976807e-18,0.5,1.6518048383452988
N4-E12_fold3_seed20261004,N4,N4-E12,3,20261004,completed,/project/disease_ecology/STGNN-output/neural_a0_architecture_audit/models/N4-E12_fold3_seed20261004.pt,1,20.648261308670044,12,True,cuda,exact_joint_hurdle_nll,3,0.7018904089927673,0.12728825897465773,-6.461486937912116,-10.13814816615647,-9.010190297505744,0.7018904089927673,0.4644842289805664,0.4519611183858004,0.03535668028295307,0.6647906048928632,0.3475118472345872,0.3492636947976431,0.01736076516887516,0.37116410435567304,0.37684781669307715,0.38650886932045186,0.018063376332528133,1.1951364496742154,1.844168897089038,2.0365853658536586,2.054648742186187,2.047284523041437,2.1319641422186972,2.222422433408672,0.01033906471478743,0.0619357535601371,0.020304662733166386,0.23426171350276082,1.395610367197433,0.017097219018335955,-0.0022187231371813,-0.19157523248652356,0.8582203556704864,0.7018903965556372,0.1177213167179967,0.011208528444754411,0.03535668028295307,0.04555069142465419,0.01120852844475441,0.011208528444754411,0.01736076516887516,0.011208528444754411,0.011208528444754411,0.011208528444754411,2.027346099295267,2.4902555419177546,2.7456315168071774,2.0365853658536586,4.063931465148926,4.063931465148926,4.063931465148926,4.063931465148926,0.01736076516887516,0.0,1.734723475976807e-18,0.5,1.6518048383452988
N4-E12_fold3_seed20261005,N4,N4-E12,3,20261005,completed,/project/disease_ecology/STGNN-output/neural_a0_architecture_audit/models/N4-E12_fold3_seed20261005.pt,1,24.921412467956543,12,True,cuda,exact_joint_hurdle_nll,3,0.7018904089927673,0.04268596592063073,-1.5022007505999384,4.994884604431417,6.0821665191794825,0.7018904089927673,0.24602864650024373,0.4416764561130647,0.03535668028295307,0.44091244748558184,0.17818541751602157,0.176630612915818,0.01736076516887516,0.203159006364025,0.2124412062152974,0.2266433433108354,0.45639721916505455,1.44031491014281,1.9101015953619085,2.0365853658536586,2.492982585018713,2.5244881006106663,2.574044435774975,2.584951354367895,0.04389293294611906,0.06567628142160102,0.01873206602590914,0.7773266590045942,1.4328982823103098,0.017097219018335955,-0.0022187231371813,-0.19157523248652356,0.8582203556704864,0.7018903965556372,0.1177213167179967,0.011208528444754411,0.03535668028295307,0.04555069142465419,0.01120852844475441,0.011208528444754411,0.01736076516887516,0.011208528444754411,0.011208528444754411,0.011208528444754411,2.027346099295267,2.4902555419177546,2.7456315168071774,2.0365853658536586,4.063931465148926,4.063931465148926,4.063931465148926,4.063931465148926,0.01736076516887516,0.0,1.734723475976807e-18,0.5,1.6518048383452988
N4-E12_fold3_seed20261006,N4,N4-E12,3,20261006,completed,/project/disease_ecology/STGNN-output/neural_a0_architecture_audit/models/N4-E12_fold3_seed20261006.pt,1,25.972805500030518,12,True,cuda,exact_joint_hurdle_nll,3,0.7018904089927673,0.03410607698521695,-0.9992578261227301,-15.080567991234071,-5.980079120903087,0.7018904089927673,0.2136612514762345,0.45871694287629955,0.03535668028295307,0.2912295345249532,0.14453046628912847,0.14244440270075015,0.01736076516887516,0.17098324550170746,0.17780533625110717,0.1895555502425916,0.10298275362320648,1.2420202316091211,1.8492545933808564,2.0365853658536586,2.139568119476865,2.1314921291146973,2.212092938879952,2.266047114838632,0.010793868865813495,0.09629217965670143,0.019886541192397193,0.27554261871154334,1.399839050250579,0.017097219018335955,-0.0022187231371813,-0.19157523248652356,0.8582203556704864,0.7018903965556372,0.1177213167179967,0.011208528444754411,0.03535668028295307,0.04555069142465419,0.01120852844475441,0.011208528444754411,0.01736076516887516,0.011208528444754411,0.011208528444754411,0.011208528444754411,2.027346099295267,2.4902555419177546,2.7456315168071774,2.0365853658536586,4.063931465148926,4.063931465148926,4.063931465148926,4.063931465148926,0.01736076516887516,0.0,1.734723475976807e-18,0.5,1.6518048383452988
N4-E12_fold4_seed20261002,N4,N4-E12,4,20261002,completed,/project/disease_ecology/STGNN-output/neural_a0_architecture_audit/models/N4-E12_fold4_seed20261002.pt,1,23.439982414245605,12,True,cuda,exact_joint_hurdle_nll,3,0.7018904089927673,0.1235631405386471,-3.437212695054007,-10.34992789035474,-9.36854878469976,0.7018904089927673,0.4723560912859999,0.4647444008808996,0.059865995815482714,0.6410104506859576,0.33539502908922264,0.33212647490082936,0.028668924977582944,0.3682620870008654,0.37954379511671466,0.40975876351959434,-0.09017791016506216,1.2076867221008893,1.9282505321124543,2.0881841876629017,1.9980062774978398,1.990101137242914,2.065945603103291,2.137339135248597,0.01798117663953674,0.06300720123449037,0.024942853402737705,0.2701056561703481,1.4353291593156896,0.02812391058974437,-0.009943358184119289,-0.17243071785869912,0.7601345288211417,0.7018903965556372,0.18475253226261254,0.01202882667463717,0.059865995815482714,0.04419149186474904,0.01202882667463717,0.01202882667463717,0.028668924977582944,0.01202882667463717,0.01202882667463717,0.01202882667463717,1.5856148502704477,2.1972887944802317,2.496107151737883,2.0881841876629017,3.6737990379333496,3.6737990379333496,3.6737990379333496,3.6737990379333496,0.028668924977582944,0.0,0.0,0.5,1.6138794625472328
N4-E12_fold4_seed20261003,N4,N4-E12,4,20261003,completed,/project/disease_ecology/STGNN-output/neural_a0_architecture_audit/models/N4-E12_fold4_seed20261003.pt,1,20.77526593208313,12,True,cuda,exact_joint_hurdle_nll,3,0.7018904089927673,0.043820658076379894,-0.5736212229189648,2.6168456354157303,3.703802699301447,0.7018904089927673,0.2571076144516575,0.2636185119270725,0.059865995815482714,0.313642311508297,0.15599839540969937,0.15232966409307003,0.028668924977582944,0.18318775261914444,0.19455429546240072,0.21259887346118833,-0.05047368914922589,1.2202176604035067,1.9219586037807947,2.0881841876629017,2.037710498513676,2.021107867353774,2.150249254498375,2.247250547179071,0.04677025196502063,0.0716470164046213,0.01902157457585942,0.7254895434381139,1.4303316084432862,0.02812391058974437,-0.009943358184119289,-0.17243071785869912,0.7601345288211417,0.7018903965556372,0.18475253226261254,0.01202882667463717,0.059865995815482714,0.04419149186474904,0.01202882667463717,0.01202882667463717,0.028668924977582944,0.01202882667463717,0.01202882667463717,0.01202882667463717,1.5856148502704477,2.1972887944802317,2.496107151737883,2.0881841876629017,3.6737990379333496,3.6737990379333496,3.6737990379333496,3.6737990379333496,0.028668924977582944,0.0,0.0,0.5,1.6138794625472328
N4-E12_fold4_seed20261004,N4,N4-E12,4,20261004,completed,/project/disease_ecology/STGNN-output/neural_a0_architecture_audit/models/N4-E12_fold4_seed20261004.pt,1,25.261593103408813,12,True,cuda,exact_joint_hurdle_nll,3,0.7018904089927673,0.08855689969321956,-2.1801214977250893,-12.352797593565798,-8.604803800399038,0.7018904089927673,0.39013266259453283,0.35739604879852044,0.059865995815482714,0.5367355303844972,0.2723342368113204,0.27457006185011135,0.028668924977582944,0.29419573858805015,0.3003564224500742,0.3140104008600233,-0.002362676117446888,1.24731418836504,1.9286541741489531,2.0881841876629017,2.0858215115454546,2.080562974643329,2.1734339733751216,2.242538277171201,0.017136994039515407,0.07046832426309142,0.019211464033986606,0.23982553337269125,1.435565454136809,0.02812391058974437,-0.009943358184119289,-0.17243071785869912,0.7601345288211417,0.7018903965556372,0.18475253226261254,0.01202882667463717,0.059865995815482714,0.04419149186474904,0.01202882667463717,0.01202882667463717,0.028668924977582944,0.01202882667463717,0.01202882667463717,0.01202882667463717,1.5856148502704477,2.1972887944802317,2.496107151737883,2.0881841876629017,3.6737990379333496,3.6737990379333496,3.6737990379333496,3.6737990379333496,0.028668924977582944,0.0,0.0,0.5,1.6138794625472328
N4-E12_fold4_seed20261005,N4,N4-E12,4,20261005,completed,/project/disease_ecology/STGNN-output/neural_a0_architecture_audit/models/N4-E12_fold4_seed20261005.pt,1,25.549102067947388,12,True,cuda,exact_joint_hurdle_nll,3,0.7018904089927673,0.039902031734957835,-0.4329014380904739,7.133015871588404,5.998695146414249,0.7018904089927673,0.24300152605102876,0.3927949215294233,0.059865995815482714,0.3494519852924766,0.14068257433224166,0.13819745172083242,0.028668924977582944,0.15632320767858107,0.16409495659177217,0.18494219065213868,0.4420371248969496,1.4772732182554438,1.9830417713645863,2.0881841876629017,2.5302213125598514,2.541445550410171,2.611708900029062,2.665664200649871,0.07775563070823567,0.06947032696678947,0.013693003272720836,0.7714343160394147,1.4642610330358026,0.02812391058974437,-0.009943358184119289,-0.17243071785869912,0.7601345288211417,0.7018903965556372,0.18475253226261254,0.01202882667463717,0.059865995815482714,0.04419149186474904,0.01202882667463717,0.01202882667463717,0.028668924977582944,0.01202882667463717,0.01202882667463717,0.01202882667463717,1.5856148502704477,2.1972887944802317,2.496107151737883,2.0881841876629017,3.6737990379333496,3.6737990379333496,3.6737990379333496,3.6737990379333496,0.028668924977582944,0.0,0.0,0.5,1.6138794625472328
N4-E12_fold4_seed20261006,N4,N4-E12,4,20261006,completed,/project/disease_ecology/STGNN-output/neural_a0_architecture_audit/models/N4-E12_fold4_seed20261006.pt,1,26.110524892807007,12,True,cuda,exact_joint_hurdle_nll,3,0.7018904089927673,0.03548880398064467,-0.27442027508152433,-11.136228113574187,-3.607524285740696,0.7018904089927673,0.2218259018541376,0.40569501061885554,0.059865995815482714,0.2343938146779571,0.11226478929880877,0.1072967441114412,0.028668924977582944,0.13695262078124948,0.14204893809887126,0.15152634877257595,0.06967332239575114,1.284753736337144,1.9313559710392731,2.0881841876629017,2.157857510058653,2.155398332588746,2.1989917494565834,2.273825661683687,0.021359477228407878,0.06101136272301588,0.016374935340857717,0.3965905522996077,1.4376550568126791,0.02812391058974437,-0.009943358184119289,-0.17243071785869912,0.7601345288211417,0.7018903965556372,0.18475253226261254,0.01202882667463717,0.059865995815482714,0.04419149186474904,0.01202882667463717,0.01202882667463717,0.028668924977582944,0.01202882667463717,0.01202882667463717,0.01202882667463717,1.5856148502704477,2.1972887944802317,2.496107151737883,2.0881841876629017,3.6737990379333496,3.6737990379333496,3.6737990379333496,3.6737990379333496,0.028668924977582944,0.0,0.0,0.5,1.6138794625472328
N4-E36_fold1_seed20261002,N4,N4-E36,1,20261002,completed,/project/disease_ecology/STGNN-output/neural_a0_architecture_audit/models/N4-E36_fold1_seed20261002.pt,1,47.63185429573059,36,True,cuda,exact_joint_hurdle_nll,3,0.7018904089927673,0.07682907611391934,-3.9115968483586956,9.292930258200089,13.747875362874591,0.7018904089927673,0.3639815675897201,0.37904161371979933,0.06506694461262559,0.5788779875896056,0.2644210160071734,0.2633098991352876,0.015895034526099586,0.27888821670128416,0.288172837548316,0.3134205217725087,-1.930183750803099,2.357087644878865,4.508222726464165,4.093539054966249,2.1633553041631495,2.162126455294974,2.2368019686555916,2.3000070156486316,0.11493917509060604,0.05640964031435377,0.014485822622403386,0.8878368938976499,2.665773588160364,0.015754158478862346,-0.0071457193965256405,-0.14549162372953736,0.7609872320503777,0.7018903965556372,0.12477604156595316,0.005322614020432095,0.06506694461262559,0.021098857134049125,0.005322614020432094,0.005322614020432095,0.015895034526099586,0.005322614020432095,0.005322614020432095,0.005322614020432095,-0.12953620729474066,2.5496090242464953,4.071246777698395,4.093539054966249,3.964002847671508,3.964002847671508,3.964002847671508,3.964002847671508,0.015895034526099586,0.0,8.673617379884035e-19,0.5,2.283792868291652
N4-E36_fold1_seed20261003,N4,N4-E36,1,20261003,completed,/project/disease_ecology/STGNN-output/neural_a0_architecture_audit/models/N4-E36_fold1_seed20261003.pt,1,63.93444347381592,36,True,cuda,exact_joint_hurdle_nll,3,0.7018904089927673,0.024894034577115733,-0.591447768948794,12.293840448886066,8.307138244604543,0.7018904089927673,0.19405789547662622,0.2159446184582221,0.06506694461262559,0.23016145841160374,0.11411673533740961,0.11279526312796619,0.015895034526099586,0.13286353621451233,0.13981268525310397,0.1529794730708684,-1.9929962195962112,2.3429324381770855,4.525782196837604,4.093539054966249,2.1005428353700375,2.1015672489251003,2.1729983264147297,2.2728004402304776,0.06393416338644335,0.0673346778535726,0.013772081984691225,0.8708806107634837,2.696275825402403,0.015754158478862346,-0.0071457193965256405,-0.14549162372953736,0.7609872320503777,0.7018903965556372,0.12477604156595316,0.005322614020432095,0.06506694461262559,0.021098857134049125,0.005322614020432094,0.005322614020432095,0.015895034526099586,0.005322614020432095,0.005322614020432095,0.005322614020432095,-0.12953620729474066,2.5496090242464953,4.071246777698395,4.093539054966249,3.964002847671508,3.964002847671508,3.964002847671508,3.964002847671508,0.015895034526099586,0.0,8.673617379884035e-19,0.5,2.283792868291652
N4-E36_fold1_seed20261004,N4,N4-E36,1,20261004,completed,/project/disease_ecology/STGNN-output/neural_a0_architecture_audit/models/N4-E36_fold1_seed20261004.pt,1,63.468074798583984,36,True,cuda,exact_joint_hurdle_nll,3,0.7018904089927673,0.04774281635999468,-2.0521448158223263,7.872923140928212,8.736285792072863,0.7018904089927673,0.279917501354996,0.3160231214612313,0.06506694461262559,0.4347414298990637,0.19576616307613118,0.19461633135309303,0.015895034526099586,0.21561239967123005,0.22285122869002227,0.23717300127225707,-1.789002862381806,2.3557571137018574,4.446501203958756,4.093539054966249,2.304536192584443,2.3110311543377176,2.331302660117199,2.3706409819175827,0.043872258002910273,0.10521024726906834,0.015040264718637671,0.7950597098295041,2.571469648488432,0.015754158478862346,-0.0071457193965256405,-0.14549162372953736,0.7609872320503777,0.7018903965556372,0.12477604156595316,0.005322614020432095,0.06506694461262559,0.021098857134049125,0.005322614020432094,0.005322614020432095,0.015895034526099586,0.005322614020432095,0.005322614020432095,0.005322614020432095,-0.12953620729474066,2.5496090242464953,4.071246777698395,4.093539054966249,3.964002847671508,3.964002847671508,3.964002847671508,3.964002847671508,0.015895034526099586,0.0,8.673617379884035e-19,0.5,2.283792868291652
N4-E36_fold1_seed20261005,N4,N4-E36,1,20261005,completed,/project/disease_ecology/STGNN-output/neural_a0_architecture_audit/models/N4-E36_fold1_seed20261005.pt,1,63.734150886535645,36,True,cuda,exact_joint_hurdle_nll,3,0.7018904089927673,0.021993163429284354,-0.4059983231418838,12.206617831021033,7.596716015264753,0.7018904089927673,0.17437258450641366,0.37052412368984033,0.06506694461262559,0.25760321174737316,0.09859321271127026,0.09682578021942237,0.015895034526099586,0.10997005090873105,0.11888490212980975,0.13836360747288803,-1.4129336974018136,2.356596833890801,4.304351614699224,4.093539054966249,2.680605357564435,2.6946540987509806,2.74205174822241,2.7595925154995125,0.11152902599176938,0.06155220529565312,0.011397378744499087,0.9056467284492333,2.4177393514299292,0.015754158478862346,-0.0071457193965256405,-0.14549162372953736,0.7609872320503777,0.7018903965556372,0.12477604156595316,0.005322614020432095,0.06506694461262559,0.021098857134049125,0.005322614020432094,0.005322614020432095,0.015895034526099586,0.005322614020432095,0.005322614020432095,0.005322614020432095,-0.12953620729474066,2.5496090242464953,4.071246777698395,4.093539054966249,3.964002847671508,3.964002847671508,3.964002847671508,3.964002847671508,0.015895034526099586,0.0,8.673617379884035e-19,0.5,2.283792868291652
N4-E36_fold1_seed20261006,N4,N4-E36,1,20261006,completed,/project/disease_ecology/STGNN-output/neural_a0_architecture_audit/models/N4-E36_fold1_seed20261006.pt,1,50.93415904045105,36,True,cuda,exact_joint_hurdle_nll,3,0.7018904089927673,0.01967369636100015,-0.2577173894291782,7.866451799848663,4.990734212045646,0.7018904089927673,0.16182425908584178,0.40452980597683863,0.06506694461262559,0.18130114937356903,0.08084091822184859,0.07871095680794644,0.015895034526099586,0.0903872212191034,0.09488004576684983,0.10632960800929789,-1.7583326128144252,2.352563115819706,4.431156036151301,4.093539054966249,2.335206442151824,2.336564729917041,2.3925986608183325,2.436495358329243,0.05305870198267591,0.05812594465135015,0.00930848663541162,0.8611887696560672,2.5514844499613942,0.015754158478862346,-0.0071457193965256405,-0.14549162372953736,0.7609872320503777,0.7018903965556372,0.12477604156595316,0.005322614020432095,0.06506694461262559,0.021098857134049125,0.005322614020432094,0.005322614020432095,0.015895034526099586,0.005322614020432095,0.005322614020432095,0.005322614020432095,-0.12953620729474066,2.5496090242464953,4.071246777698395,4.093539054966249,3.964002847671508,3.964002847671508,3.964002847671508,3.964002847671508,0.015895034526099586,0.0,8.673617379884035e-19,0.5,2.283792868291652
N4-E36_fold2_seed20261002,N4,N4-E36,2,20261002,completed,/project/disease_ecology/STGNN-output/neural_a0_architecture_audit/models/N4-E36_fold2_seed20261002.pt,1,67.27916216850281,36,True,cuda,exact_joint_hurdle_nll,3,0.7018904089927673,0.0402355745017183,-1.2403896261829468,5.486273138932691,6.033563629135034,0.7018904089927673,0.2598971693889583,0.31758337652545776,0.0749381135950828,0.37043621090837026,0.1682317730705734,0.16627746061658727,0.018293851212053864,0.18435601955655898,0.19049860136604635,0.20745683745460097,-1.8430122393396255,2.405696708337745,4.2693651916601825,4.09635525764558,2.2533430183059546,2.2638923220161717,2.3344113281533634,2.4305075766397466,0.039734080239516724,0.07871883110583239,0.013840040022294296,0.7579124983944128,2.605762623039008,0.018048433862048314,-0.004969470279471588,-0.17117186075337687,0.8077289476494071,0.7018903965556372,0.13695479030597618,0.008846754188987924,0.0749381135950828,0.035754887658514166,0.008846754188987923,0.008846754188987924,0.018293851212053864,0.008846754188987924,0.008846754188987924,0.008846754188987924,-0.05477267326447671,2.6315596689976157,3.8476974436531117,4.09635525764558,4.0415825843811035,4.0415825843811035,4.0415825843811035,4.0415825843811035,0.018293851212053864,0.0,1.734723475976807e-18,0.5,2.2818217303508175
N4-E36_fold2_seed20261003,N4,N4-E36,2,20261003,completed,/project/disease_ecology/STGNN-output/neural_a0_architecture_audit/models/N4-E36_fold2_seed20261003.pt,1,70.9411108493805,36,True,cuda,exact_joint_hurdle_nll,3,0.7018904089927673,0.021069260118981515,-0.1731745448272497,15.453075733516211,8.137633749941667,0.7018904089927673,0.1676787163343949,0.19436482433867133,0.0749381135950828,0.1872845603227209,0.07813618107465602,0.07598165512086161,0.018293851212053864,0.09346918948822323,0.09814001743295396,0.10903404746579863,-1.505714231005651,2.399906280518511,4.125558003314601,4.09635525764558,2.5906410266399287,2.5896134037867338,2.7108692511068795,2.7779564468783633,0.10445829416245357,0.0786933895319375,0.010347871875812414,0.8664502697599361,2.4420776630713763,0.018048433862048314,-0.004969470279471588,-0.17117186075337687,0.8077289476494071,0.7018903965556372,0.13695479030597618,0.008846754188987924,0.0749381135950828,0.035754887658514166,0.008846754188987923,0.008846754188987924,0.018293851212053864,0.008846754188987924,0.008846754188987924,0.008846754188987924,-0.05477267326447671,2.6315596689976157,3.8476974436531117,4.09635525764558,4.0415825843811035,4.0415825843811035,4.0415825843811035,4.0415825843811035,0.018293851212053864,0.0,1.734723475976807e-18,0.5,2.2818217303508175
N4-E36_fold2_seed20261004,N4,N4-E36,2,20261004,completed,/project/disease_ecology/STGNN-output/neural_a0_architecture_audit/models/N4-E36_fold2_seed20261004.pt,1,68.7744071483612,36,True,cuda,exact_joint_hurdle_nll,3,0.7018904089927673,0.02561163061934309,-0.42610195728049827,6.559318624869387,5.058289554414371,0.7018904089927673,0.19490308045072788,0.2942010481684475,0.0749381135950828,0.26768845064107655,0.10701759022601513,0.10211358287388313,0.018293851212053864,0.12538284871732586,0.12762757779596826,0.13683777177217904,-1.4915659926119567,2.4102108371698505,4.12338399168088,4.09635525764558,2.604789265033624,2.5915677273927993,2.7128091386276045,2.8037731999532403,0.0373458355711245,0.09434898974888907,0.012588460972315972,0.7600769482303558,2.4400165415964734,0.018048433862048314,-0.004969470279471588,-0.17117186075337687,0.8077289476494071,0.7018903965556372,0.13695479030597618,0.008846754188987924,0.0749381135950828,0.035754887658514166,0.008846754188987923,0.008846754188987924,0.018293851212053864,0.008846754188987924,0.008846754188987924,0.008846754188987924,-0.05477267326447671,2.6315596689976157,3.8476974436531117,4.09635525764558,4.0415825843811035,4.0415825843811035,4.0415825843811035,4.0415825843811035,0.018293851212053864,0.0,1.734723475976807e-18,0.5,2.2818217303508175
N4-E36_fold2_seed20261005,N4,N4-E36,2,20261005,completed,/project/disease_ecology/STGNN-output/neural_a0_architecture_audit/models/N4-E36_fold2_seed20261005.pt,1,54.8398277759552,36,True,cuda,exact_joint_hurdle_nll,3,0.7018904089927673,0.01968460824540706,-0.09607462188968818,16.420262953008354,7.957397290723846,0.7018904089927673,0.15575638986539492,0.30603650281790207,0.0749381135950828,0.18941742822435517,0.06647630917443134,0.06452491258679798,0.018293851212053864,0.07250017005501373,0.08445224447504275,0.09892573913282803,-1.1944242317075096,2.4199553465975954,4.026408576674798,4.09635525764558,2.901931025938071,2.9100652450192093,2.9320943669670645,2.9623988483171746,0.16650319160333832,0.044953181001587635,0.008367648962240534,0.9513104278017344,2.365942027422909,0.018048433862048314,-0.004969470279471588,-0.17117186075337687,0.8077289476494071,0.7018903965556372,0.13695479030597618,0.008846754188987924,0.0749381135950828,0.035754887658514166,0.008846754188987923,0.008846754188987924,0.018293851212053864,0.008846754188987924,0.008846754188987924,0.008846754188987924,-0.05477267326447671,2.6315596689976157,3.8476974436531117,4.09635525764558,4.0415825843811035,4.0415825843811035,4.0415825843811035,4.0415825843811035,0.018293851212053864,0.0,1.734723475976807e-18,0.5,2.2818217303508175
N4-E36_fold2_seed20261006,N4,N4-E36,2,20261006,completed,/project/disease_ecology/STGNN-output/neural_a0_architecture_audit/models/N4-E36_fold2_seed20261006.pt,1,71.7284243106842,36,True,cuda,exact_joint_hurdle_nll,3,0.7018904089927673,0.018573517824442116,-0.03420709585809667,19.8995445580708,8.443620878776562,0.7018904089927673,0.14673009275367205,0.3760846822678601,0.0749381135950828,0.12486616117220745,0.05195200027290652,0.051082309352219274,0.018293851212053864,0.057101132346361556,0.06289350529676568,0.07792399570423283,-1.5856851768115445,2.40581660527059,4.158095777718225,4.09635525764558,2.5106700808340356,2.5179841481712946,2.56222816336639,2.582534250644881,0.24052518212182677,0.06504714833030603,0.008018515428050257,0.9431150346759448,2.4718286876536975,0.018048433862048314,-0.004969470279471588,-0.17117186075337687,0.8077289476494071,0.7018903965556372,0.13695479030597618,0.008846754188987924,0.0749381135950828,0.035754887658514166,0.008846754188987923,0.008846754188987924,0.018293851212053864,0.008846754188987924,0.008846754188987924,0.008846754188987924,-0.05477267326447671,2.6315596689976157,3.8476974436531117,4.09635525764558,4.0415825843811035,4.0415825843811035,4.0415825843811035,4.0415825843811035,0.018293851212053864,0.0,1.734723475976807e-18,0.5,2.2818217303508175
N4-E36_fold3_seed20261002,N4,N4-E36,3,20261002,completed,/project/disease_ecology/STGNN-output/neural_a0_architecture_audit/models/N4-E36_fold3_seed20261002.pt,1,70.71100068092346,36,True,cuda,exact_joint_hurdle_nll,3,0.7018904089927673,0.025276402566195545,-0.48167277252668916,6.004940184667169,4.84589417720876,0.7018904089927673,0.17551080204137662,0.2910693886343157,0.03535668028295307,0.26427327840919934,0.10909012579179694,0.1068977330366395,0.01736076516887516,0.1204251030059777,0.12465214637697758,0.14577347369943902,0.5394949748411129,1.4776543521234278,1.9208192165480915,2.0365853658536586,2.576080340694771,2.57585625160823,2.7290915571546757,2.802717697399414,0.04415377889666879,0.07815198207569349,0.010512983666726082,0.8094647685465801,1.437789239475015,0.017097219018335955,-0.0022187231371813,-0.19157523248652356,0.8582203556704864,0.7018903965556372,0.1177213167179967,0.011208528444754411,0.03535668028295307,0.04555069142465419,0.01120852844475441,0.011208528444754411,0.01736076516887516,0.011208528444754411,0.011208528444754411,0.011208528444754411,2.027346099295267,2.4902555419177546,2.7456315168071774,2.0365853658536586,4.063931465148926,4.063931465148926,4.063931465148926,4.063931465148926,0.01736076516887516,0.0,1.734723475976807e-18,0.5,1.6518048383452988
N4-E36_fold3_seed20261003,N4,N4-E36,3,20261003,completed,/project/disease_ecology/STGNN-output/neural_a0_architecture_audit/models/N4-E36_fold3_seed20261003.pt,1,73.235102891922,36,True,cuda,exact_joint_hurdle_nll,3,0.7018904089927673,0.018172193383823396,-0.06523244687954022,8.107441696818764,4.303527898644036,0.7018904089927673,0.128428444136398,0.17071565132879674,0.03535668028295307,0.14408409419127202,0.05375119513363371,0.05115346544631445,0.01736076516887516,0.06392625346182007,0.07008303209496895,0.08370327629324803,0.8084811022783309,1.6249196241426997,2.0198647824992255,2.0365853658536586,2.8450664681319893,2.83688129604342,2.971256541013254,3.1351679492020352,0.05549842526578905,0.08281896726309441,0.00806896987104453,0.7436361178771174,1.4754301222735264,0.017097219018335955,-0.0022187231371813,-0.19157523248652356,0.8582203556704864,0.7018903965556372,0.1177213167179967,0.011208528444754411,0.03535668028295307,0.04555069142465419,0.01120852844475441,0.011208528444754411,0.01736076516887516,0.011208528444754411,0.011208528444754411,0.011208528444754411,2.027346099295267,2.4902555419177546,2.7456315168071774,2.0365853658536586,4.063931465148926,4.063931465148926,4.063931465148926,4.063931465148926,0.01736076516887516,0.0,1.734723475976807e-18,0.5,1.6518048383452988
N4-E36_fold3_seed20261004,N4,N4-E36,3,20261004,completed,/project/disease_ecology/STGNN-output/neural_a0_architecture_audit/models/N4-E36_fold3_seed20261004.pt,1,59.84086513519287,36,True,cuda,exact_joint_hurdle_nll,3,0.7018904089927673,0.021101610969477307,-0.23695143515950745,-0.5839030770984583,1.4197655535698992,0.7018904089927673,0.15165679570288065,0.30099377454757004,0.03535668028295307,0.22360887981682342,0.08056283216185604,0.07924017800465583,0.01736076516887516,0.09156711861011159,0.09484720405026517,0.10538818441980871,0.7690824708692078,1.610968104841233,2.0092315720815153,2.0365853658536586,2.8056678367228667,2.8205820892320603,2.894754364670144,3.034708747555997,0.018580690469546704,0.08422555888439621,0.009366485411235482,0.5635297925287119,1.4720202215364728,0.017097219018335955,-0.0022187231371813,-0.19157523248652356,0.8582203556704864,0.7018903965556372,0.1177213167179967,0.011208528444754411,0.03535668028295307,0.04555069142465419,0.01120852844475441,0.011208528444754411,0.01736076516887516,0.011208528444754411,0.011208528444754411,0.011208528444754411,2.027346099295267,2.4902555419177546,2.7456315168071774,2.0365853658536586,4.063931465148926,4.063931465148926,4.063931465148926,4.063931465148926,0.01736076516887516,0.0,1.734723475976807e-18,0.5,1.6518048383452988
N4-E36_fold3_seed20261005,N4,N4-E36,3,20261005,completed,/project/disease_ecology/STGNN-output/neural_a0_architecture_audit/models/N4-E36_fold3_seed20261005.pt,1,75.2126190662384,36,True,cuda,exact_joint_hurdle_nll,3,0.7018904089927673,0.017460073612678293,-0.02348882957005971,12.898839848673173,5.677342864456087,0.7018904089927673,0.12133738761064955,0.2844574110390701,0.03535668028295307,0.13817171761525152,0.04514456938082089,0.04330876937048157,0.01736076516887516,0.051275329192869444,0.059001527368991245,0.07172011400725815,1.0874563583835235,1.8056004239672228,2.1497796865055694,2.0365853658536586,3.124041724237182,3.140076927442725,3.1790356463197758,3.197903625358139,0.11769114769203351,0.048933444566163255,0.007300986508742142,0.9234936965009751,1.5165701126623108,0.017097219018335955,-0.0022187231371813,-0.19157523248652356,0.8582203556704864,0.7018903965556372,0.1177213167179967,0.011208528444754411,0.03535668028295307,0.04555069142465419,0.01120852844475441,0.011208528444754411,0.01736076516887516,0.011208528444754411,0.011208528444754411,0.011208528444754411,2.027346099295267,2.4902555419177546,2.7456315168071774,2.0365853658536586,4.063931465148926,4.063931465148926,4.063931465148926,4.063931465148926,0.01736076516887516,0.0,1.734723475976807e-18,0.5,1.6518048383452988
N4-E36_fold3_seed20261006,N4,N4-E36,3,20261006,completed,/project/disease_ecology/STGNN-output/neural_a0_architecture_audit/models/N4-E36_fold3_seed20261006.pt,1,74.52469611167908,36,True,cuda,exact_joint_hurdle_nll,3,0.7018904089927673,0.017516683978602,-0.02680726215208007,10.489249914220121,4.791338681715197,0.7018904089927673,0.12086198676048324,0.3293296573952225,0.03535668028295307,0.11397374819644306,0.04415616627432679,0.04295584523675781,0.01736076516887516,0.0486372333028488,0.05336468193045037,0.06756275317732123,0.6698689482530328,1.551774880701529,1.9692902534798054,2.0365853658536586,2.7064543141066912,2.708219224871682,2.7886126770611552,2.8694429867447497,0.10389310727526309,0.08199328876814069,0.007145184796239285,0.8044930161807974,1.457592891112903,0.017097219018335955,-0.0022187231371813,-0.19157523248652356,0.8582203556704864,0.7018903965556372,0.1177213167179967,0.011208528444754411,0.03535668028295307,0.04555069142465419,0.01120852844475441,0.011208528444754411,0.01736076516887516,0.011208528444754411,0.011208528444754411,0.011208528444754411,2.027346099295267,2.4902555419177546,2.7456315168071774,2.0365853658536586,4.063931465148926,4.063931465148926,4.063931465148926,4.063931465148926,0.01736076516887516,0.0,1.734723475976807e-18,0.5,1.6518048383452988
N4-E36_fold4_seed20261002,N4,N4-E36,4,20261002,completed,/project/disease_ecology/STGNN-output/neural_a0_architecture_audit/models/N4-E36_fold4_seed20261002.pt,1,72.91284012794495,36,True,cuda,exact_joint_hurdle_nll,3,0.7018904089927673,0.03040580416096731,-0.09188727025088705,7.363979373516099,4.534965827763964,0.7018904089927673,0.19497449786038662,0.2550627379450722,0.059865995815482714,0.20812817392280983,0.08164239894004267,0.08036148608411396,0.028668924977582944,0.08879425655438006,0.09322246394883096,0.11018231122990749,0.5408234867180217,1.5253475230918776,2.00665385838226,2.0881841876629017,2.6290076743809236,2.614805813770846,2.7609279026289135,2.8462991757848637,0.07621858007005909,0.06576978882065125,0.007700392190294125,0.7570267468278821,1.4744944831276272,0.02812391058974437,-0.009943358184119289,-0.17243071785869912,0.7601345288211417,0.7018903965556372,0.18475253226261254,0.01202882667463717,0.059865995815482714,0.04419149186474904,0.01202882667463717,0.01202882667463717,0.028668924977582944,0.01202882667463717,0.01202882667463717,0.01202882667463717,1.5856148502704477,2.1972887944802317,2.496107151737883,2.0881841876629017,3.6737990379333496,3.6737990379333496,3.6737990379333496,3.6737990379333496,0.028668924977582944,0.0,0.0,0.5,1.6138794625472328
N4-E36_fold4_seed20261003,N4,N4-E36,4,20261003,completed,/project/disease_ecology/STGNN-output/neural_a0_architecture_audit/models/N4-E36_fold4_seed20261003.pt,1,60.99187874794006,36,True,cuda,exact_joint_hurdle_nll,3,0.7018904089927673,0.02709175830797433,0.027121734107432793,14.303860675020468,5.8654392992563205,0.7018904089927673,0.1652300457179653,0.1489350408163391,0.059865995815482714,0.11102812911355119,0.04071201526818744,0.03726233553456988,0.028668924977582944,0.05182619640332249,0.05607269722664296,0.07747246229320341,0.7885564269230295,1.6454366457585918,2.0799138225813505,2.0881841876629017,2.8767406145859313,2.8806692361372104,2.9851862613097087,3.0901593456654055,0.20535257330725765,0.07591800577980232,0.008461707014996976,0.9323280693226264,1.5019462066089813,0.02812391058974437,-0.009943358184119289,-0.17243071785869912,0.7601345288211417,0.7018903965556372,0.18475253226261254,0.01202882667463717,0.059865995815482714,0.04419149186474904,0.01202882667463717,0.01202882667463717,0.028668924977582944,0.01202882667463717,0.01202882667463717,0.01202882667463717,1.5856148502704477,2.1972887944802317,2.496107151737883,2.0881841876629017,3.6737990379333496,3.6737990379333496,3.6737990379333496,3.6737990379333496,0.028668924977582944,0.0,0.0,0.5,1.6138794625472328
N4-E36_fold4_seed20261004,N4,N4-E36,4,20261004,completed,/project/disease_ecology/STGNN-output/neural_a0_architecture_audit/models/N4-E36_fold4_seed20261004.pt,1,73.38722062110901,36,True,cuda,exact_joint_hurdle_nll,3,0.7018904089927673,0.028154674280842385,-0.01104809734898482,11.284462413608386,5.460805816753803,0.7018904089927673,0.1783428263681213,0.24634030399592038,0.059865995815482714,0.17646550018711926,0.05899900274556926,0.056143785388034606,0.028668924977582944,0.06836390744775458,0.07656664264383731,0.09244437662268216,0.8704393694595657,1.6921316127840567,2.1164541532702086,2.0881841876629017,2.9586235571224675,2.950985491952313,3.041851822883055,3.1516687750213377,0.13112627146552822,0.05866078922845213,0.00883829724531937,0.8667061637903176,1.5143542701127477,0.02812391058974437,-0.009943358184119289,-0.17243071785869912,0.7601345288211417,0.7018903965556372,0.18475253226261254,0.01202882667463717,0.059865995815482714,0.04419149186474904,0.01202882667463717,0.01202882667463717,0.028668924977582944,0.01202882667463717,0.01202882667463717,0.01202882667463717,1.5856148502704477,2.1972887944802317,2.496107151737883,2.0881841876629017,3.6737990379333496,3.6737990379333496,3.6737990379333496,3.6737990379333496,0.028668924977582944,0.0,0.0,0.5,1.6138794625472328
N4-E36_fold4_seed20261005,N4,N4-E36,4,20261005,completed,/project/disease_ecology/STGNN-output/neural_a0_architecture_audit/models/N4-E36_fold4_seed20261005.pt,1,75.55625581741333,36,True,cuda,exact_joint_hurdle_nll,3,0.7018904089927673,0.026983154783365854,0.031021739691781125,15.220723958995451,5.998241433703924,0.7018904089927673,0.16348796652835063,0.2462407013762741,0.059865995815482714,0.10979824237737314,0.03689253793071959,0.03337543435094316,0.028668924977582944,0.048258044065514455,0.05604866581227232,0.06753272112454281,0.9279564497771436,1.7290075075149034,2.1415053807889706,2.0881841876629017,3.0161406374400457,3.0116885226786194,3.0920188945897857,3.1139355975403324,0.21195061984356256,0.042141196006511415,0.008709662606454584,0.9428740781525955,1.5223940256618589,0.02812391058974437,-0.009943358184119289,-0.17243071785869912,0.7601345288211417,0.7018903965556372,0.18475253226261254,0.01202882667463717,0.059865995815482714,0.04419149186474904,0.01202882667463717,0.01202882667463717,0.028668924977582944,0.01202882667463717,0.01202882667463717,0.01202882667463717,1.5856148502704477,2.1972887944802317,2.496107151737883,2.0881841876629017,3.6737990379333496,3.6737990379333496,3.6737990379333496,3.6737990379333496,0.028668924977582944,0.0,0.0,0.5,1.6138794625472328
N4-E36_fold4_seed20261006,N4,N4-E36,4,20261006,completed,/project/disease_ecology/STGNN-output/neural_a0_architecture_audit/models/N4-E36_fold4_seed20261006.pt,1,74.36563968658447,36,True,cuda,exact_joint_hurdle_nll,3,0.7018904089927673,0.027306688904718688,0.01940347145829513,12.598858463647177,5.06526316102734,0.7018904089927673,0.16616481740846192,0.31500121521322216,0.059865995815482714,0.09406267404829884,0.03716680277406787,0.035340172352750464,0.028668924977582944,0.04209577404885832,0.048693861598993596,0.06784613961040618,0.6038880108776268,1.5475049907077398,2.012905507684535,2.0881841876629017,2.692072198540529,2.692322739943064,2.80395582458821,2.886165688669929,0.18780162717317567,0.09125825077784609,0.007564436239191854,0.8705566543502299,1.4770783449050535,0.02812391058974437,-0.009943358184119289,-0.17243071785869912,0.7601345288211417,0.7018903965556372,0.18475253226261254,0.01202882667463717,0.059865995815482714,0.04419149186474904,0.01202882667463717,0.01202882667463717,0.028668924977582944,0.01202882667463717,0.01202882667463717,0.01202882667463717,1.5856148502704477,2.1972887944802317,2.496107151737883,2.0881841876629017,3.6737990379333496,3.6737990379333496,3.6737990379333496,3.6737990379333496,0.028668924977582944,0.0,0.0,0.5,1.6138794625472328
