task_id,model_id,fold,seed,epoch,loss_objective,theta,training_balanced_multitask_loss,training_bernoulli_nll,training_exact_joint_hurdle_nll,training_optimization_loss,training_zt_nb_nll,validation_joint_hurdle_nll,validation_pr_auc
N1-R_fold1_seed20261002,N1-R,1,20261002,1,balanced_multitask_loss,0.7018903965556372,4.527476072311401,1.0963854789733887,1.114148736000061,4.527476072311401,3.4310907125473022,1.0306905817204355,0.012761351985222838
N1-R_fold1_seed20261002,N1-R,1,20261002,2,balanced_multitask_loss,0.7018903965556372,4.427824258804321,1.0684937834739685,1.085968255996704,4.427824258804321,3.3593302965164185,1.0056537082490056,0.013822577439299474
N1-R_fold1_seed20261002,N1-R,1,20261002,3,balanced_multitask_loss,0.7018903965556372,4.371360540390015,1.0395121276378632,1.056697428226471,4.371360540390015,3.3318482637405396,0.9793200587599113,0.015057729411070898
N1-R_fold1_seed20261002,N1-R,1,20261002,4,balanced_multitask_loss,0.7018903965556372,4.282553195953369,1.0093222558498383,1.026307225227356,4.282553195953369,3.27323055267334,0.952420127711107,0.016215155120337273
N1-R_fold1_seed20261002,N1-R,1,20261002,5,balanced_multitask_loss,0.7018903965556372,4.211021423339844,0.9789220988750458,0.9956652820110321,4.211021423339844,3.232099175453186,0.9256297420764042,0.017039695612927813
N1-R_fold1_seed20261002,N1-R,1,20261002,6,balanced_multitask_loss,0.7018903965556372,4.126374125480652,0.9490088224411011,0.9655523896217346,4.126374125480652,3.1773654222488403,0.8997129337971839,0.017542183126281433
N1-R_fold1_seed20261002,N1-R,1,20261002,7,balanced_multitask_loss,0.7018903965556372,4.065814018249512,0.9202792942523956,0.9366136193275452,4.065814018249512,3.1455347537994385,0.8749029736945967,0.01781830691136929
N1-R_fold1_seed20261002,N1-R,1,20261002,8,balanced_multitask_loss,0.7018903965556372,4.0080143213272095,0.8933828473091125,0.9095650017261505,4.0080143213272095,3.114631414413452,0.8510667596266782,0.01798772362262967
N1-R_fold1_seed20261002,N1-R,1,20261002,9,balanced_multitask_loss,0.7018903965556372,3.956862688064575,0.8676685690879822,0.8836501836776733,3.956862688064575,3.089194416999817,0.8279202069477557,0.018014178874594618
N1-R_fold1_seed20261002,N1-R,1,20261002,10,balanced_multitask_loss,0.7018903965556372,3.9046889543533325,0.8428739011287689,0.8587171733379364,3.9046889543533325,3.0618152618408203,0.8053089464931068,0.0178733703513118
N1-R_fold1_seed20261002,N1-R,1,20261002,11,balanced_multitask_loss,0.7018903965556372,3.829267978668213,0.8190045654773712,0.8346943259239197,3.829267978668213,3.010263681411743,0.7830586215901238,0.017724869611986126
N1-R_fold1_seed20261002,N1-R,1,20261002,12,balanced_multitask_loss,0.7018903965556372,3.7924894094467163,0.7952827513217926,0.8108464777469635,3.7924894094467163,2.997206449508667,0.7611873367145706,0.017963750686598355
N1-R_fold1_seed20261003,N1-R,1,20261003,1,balanced_multitask_loss,0.7018903965556372,3.4126709699630737,0.5836420655250549,0.5984825789928436,3.4126709699630737,2.8290287256240845,0.6422677949807175,0.03771777365123144
N1-R_fold1_seed20261003,N1-R,1,20261003,2,balanced_multitask_loss,0.7018903965556372,3.363041639328003,0.5692446529865265,0.5839106142520905,3.363041639328003,2.7937971353530884,0.6246448539720006,0.039514891977974725
N1-R_fold1_seed20261003,N1-R,1,20261003,3,balanced_multitask_loss,0.7018903965556372,3.320073962211609,0.5538418889045715,0.5683706998825073,3.320073962211609,2.7662320137023926,0.6071563619970608,0.04090385381142401
N1-R_fold1_seed20261003,N1-R,1,20261003,4,balanced_multitask_loss,0.7018903965556372,3.286950707435608,0.5375810265541077,0.551985114812851,3.286950707435608,2.7493696212768555,0.590546127847954,0.039386110369318925
N1-R_fold1_seed20261003,N1-R,1,20261003,5,balanced_multitask_loss,0.7018903965556372,3.241768002510071,0.5215792655944824,0.5358335971832275,3.241768002510071,2.720188856124878,0.5746638047769428,0.037286431876803014
N1-R_fold1_seed20261003,N1-R,1,20261003,6,balanced_multitask_loss,0.7018903965556372,3.1978780031204224,0.5062536299228668,0.5203605592250824,3.1978780031204224,2.6916245222091675,0.5592309671304263,0.03844028806161389
N1-R_fold1_seed20261003,N1-R,1,20261003,7,balanced_multitask_loss,0.7018903965556372,3.177666425704956,0.49152110517024994,0.505524069070816,3.177666425704956,2.686145544052124,0.5442253307771828,0.041251819704813536
N1-R_fold1_seed20261003,N1-R,1,20261003,8,balanced_multitask_loss,0.7018903965556372,3.1347475051879883,0.47713300585746765,0.4910309463739395,3.1347475051879883,2.6576143503189087,0.5300791517560746,0.04506198770327544
N1-R_fold1_seed20261003,N1-R,1,20261003,9,balanced_multitask_loss,0.7018903965556372,3.110261559486389,0.463090255856514,0.476854145526886,3.110261559486389,2.647171378135681,0.5169623464829559,0.05096950005842603
N1-R_fold1_seed20261003,N1-R,1,20261003,10,balanced_multitask_loss,0.7018903965556372,3.071208357810974,0.44994308054447174,0.4636373221874237,3.071208357810974,2.621265411376953,0.5048174910350165,0.059991526515472286
N1-R_fold1_seed20261003,N1-R,1,20261003,11,balanced_multitask_loss,0.7018903965556372,3.0252662897109985,0.4375285357236862,0.45108430087566376,3.0252662897109985,2.5877376794815063,0.4932966614955774,0.07474657990260836
N1-R_fold1_seed20261003,N1-R,1,20261003,12,balanced_multitask_loss,0.7018903965556372,3.0022778511047363,0.4256615936756134,0.439117968082428,3.0022778511047363,2.576616048812866,0.48219655460625127,0.09535434072913283
N1-R_fold1_seed20261004,N1-R,1,20261004,1,balanced_multitask_loss,0.7018903965556372,3.9793330430984497,1.0108639895915985,1.026321291923523,3.9793330430984497,2.968469023704529,1.0713008410634302,0.022845682526490874
N1-R_fold1_seed20261004,N1-R,1,20261004,2,balanced_multitask_loss,0.7018903965556372,3.924950122833252,0.9872480928897858,1.0024826526641846,3.924950122833252,2.9377015829086304,1.0511991001141354,0.02402737077723897
N1-R_fold1_seed20261004,N1-R,1,20261004,3,balanced_multitask_loss,0.7018903965556372,3.849844217300415,0.9656982421875,0.9807572662830353,3.849844217300415,2.8841458559036255,1.032356158569646,0.02584106069545404
N1-R_fold1_seed20261004,N1-R,1,20261004,4,balanced_multitask_loss,0.7018903965556372,3.7951654195785522,0.945450097322464,0.9603438079357147,3.7951654195785522,2.849715232849121,1.0143383279136626,0.029079183182496526
N1-R_fold1_seed20261004,N1-R,1,20261004,5,balanced_multitask_loss,0.7018903965556372,3.742152214050293,0.9261704981327057,0.9409091174602509,3.742152214050293,2.8159817457199097,0.9970157017222105,0.03406030146509023
N1-R_fold1_seed20261004,N1-R,1,20261004,6,balanced_multitask_loss,0.7018903965556372,3.677706003189087,0.9072416722774506,0.9217826724052429,3.677706003189087,2.7704644203186035,0.9802570130841489,0.03918745301058305
N1-R_fold1_seed20261004,N1-R,1,20261004,7,balanced_multitask_loss,0.7018903965556372,3.6412993669509888,0.8897730112075806,0.904161274433136,3.6412993669509888,2.751526117324829,0.9639711802264692,0.0439085174003302
N1-R_fold1_seed20261004,N1-R,1,20261004,8,balanced_multitask_loss,0.7018903965556372,3.59607994556427,0.8726914525032043,0.8869475424289703,3.59607994556427,2.7233883142471313,0.9479997585507308,0.04755699518440131
N1-R_fold1_seed20261004,N1-R,1,20261004,9,balanced_multitask_loss,0.7018903965556372,3.54834246635437,0.8562534153461456,0.8703936338424683,3.54834246635437,2.6920894384384155,0.9320543039588216,0.04827129947082116
N1-R_fold1_seed20261004,N1-R,1,20261004,10,balanced_multitask_loss,0.7018903965556372,3.5199310779571533,0.839316725730896,0.8533282577991486,3.5199310779571533,2.6806143522262573,0.9157004369134412,0.04777673944923419
N1-R_fold1_seed20261004,N1-R,1,20261004,11,balanced_multitask_loss,0.7018903965556372,3.469569444656372,0.8218816220760345,0.835740476846695,3.469569444656372,2.647688150405884,0.8983892819905664,0.04588843421386916
N1-R_fold1_seed20261004,N1-R,1,20261004,12,balanced_multitask_loss,0.7018903965556372,3.427286982536316,0.8034940361976624,0.8172115683555603,3.427286982536316,2.623793125152588,0.8796477644557273,0.04402826664791746
N1-R_fold1_seed20261005,N1-R,1,20261005,1,balanced_multitask_loss,0.7018903965556372,3.2448973655700684,0.508359968662262,0.5227161943912506,3.2448973655700684,2.736536979675293,0.5629094691238776,0.025140234387424486
N1-R_fold1_seed20261005,N1-R,1,20261005,2,balanced_multitask_loss,0.7018903965556372,3.2092299461364746,0.49556107819080353,0.5097679495811462,3.2092299461364746,2.7136690616607666,0.5514297557238079,0.026281595631663563
N1-R_fold1_seed20261005,N1-R,1,20261005,3,balanced_multitask_loss,0.7018903965556372,3.162881016731262,0.4838901609182358,0.49794845283031464,3.162881016731262,2.6789910793304443,0.541120525752057,0.026153487170493657
N1-R_fold1_seed20261005,N1-R,1,20261005,4,balanced_multitask_loss,0.7018903965556372,3.147566795349121,0.47293856739997864,0.48690369725227356,3.147566795349121,2.6746283769607544,0.5316478070549354,0.02573633274204561
N1-R_fold1_seed20261005,N1-R,1,20261005,5,balanced_multitask_loss,0.7018903965556372,3.1082284450531006,0.4624894857406616,0.47637295722961426,3.1082284450531006,2.645738959312439,0.5224606970154214,0.026060869850151148
N1-R_fold1_seed20261005,N1-R,1,20261005,6,balanced_multitask_loss,0.7018903965556372,3.081247329711914,0.4520658999681473,0.465869203209877,3.081247329711914,2.629181385040283,0.5132727381262978,0.027410616978184595
N1-R_fold1_seed20261005,N1-R,1,20261005,7,balanced_multitask_loss,0.7018903965556372,3.0592548847198486,0.44198526442050934,0.4556583762168884,3.0592548847198486,2.6172693967819214,0.5038598835616009,0.029864489525181108
N1-R_fold1_seed20261005,N1-R,1,20261005,8,balanced_multitask_loss,0.7018903965556372,3.045090436935425,0.4318401962518692,0.44546011090278625,3.045090436935425,2.6132503747940063,0.4941575991195922,0.03318530509950722
N1-R_fold1_seed20261005,N1-R,1,20261005,9,balanced_multitask_loss,0.7018903965556372,3.001240849494934,0.42150431871414185,0.43503884971141815,3.001240849494934,2.579736351966858,0.48407937495352643,0.03677966055551087
N1-R_fold1_seed20261005,N1-R,1,20261005,10,balanced_multitask_loss,0.7018903965556372,2.9832674264907837,0.4107416123151779,0.4241609424352646,2.9832674264907837,2.572525978088379,0.4734770692434021,0.04041571394672238
N1-R_fold1_seed20261005,N1-R,1,20261005,11,balanced_multitask_loss,0.7018903965556372,2.9373809099197388,0.4000011682510376,0.41331957280635834,2.9373809099197388,2.5373799800872803,0.46219981353682144,0.04398690559848122
N1-R_fold1_seed20261005,N1-R,1,20261005,12,balanced_multitask_loss,0.7018903965556372,2.9162744283676147,0.3885999172925949,0.40184541046619415,2.9162744283676147,2.527674436569214,0.4502415725621242,0.047541212486736276
N1-R_fold1_seed20261006,N1-R,1,20261006,1,balanced_multitask_loss,0.7018903965556372,3.4443053007125854,0.5026499330997467,0.5179263353347778,3.4443053007125854,2.9416550397872925,0.5012914852616456,0.01003786321151016
N1-R_fold1_seed20261006,N1-R,1,20261006,2,balanced_multitask_loss,0.7018903965556372,3.39665687084198,0.4880264848470688,0.5031477957963943,3.39665687084198,2.90863037109375,0.48954784881601227,0.009696759285560169
N1-R_fold1_seed20261006,N1-R,1,20261006,3,balanced_multitask_loss,0.7018903965556372,3.356071710586548,0.47465546429157257,0.48954369127750397,3.356071710586548,2.8814162015914917,0.47833660294826047,0.009552851714449438
N1-R_fold1_seed20261006,N1-R,1,20261006,4,balanced_multitask_loss,0.7018903965556372,3.320530891418457,0.4613199830055237,0.4760541170835495,3.320530891418457,2.859210968017578,0.4671000779274359,0.009562539488413695
N1-R_fold1_seed20261006,N1-R,1,20261006,5,balanced_multitask_loss,0.7018903965556372,3.24769389629364,0.4485652595758438,0.46307943761348724,3.24769389629364,2.7991284132003784,0.45556546577965673,0.009702613287760538
N1-R_fold1_seed20261006,N1-R,1,20261006,6,balanced_multitask_loss,0.7018903965556372,3.1849212646484375,0.43524453043937683,0.44956137239933014,3.1849212646484375,2.7496765851974487,0.44345354836421885,0.010029090382946257
N1-R_fold1_seed20261006,N1-R,1,20261006,7,balanced_multitask_loss,0.7018903965556372,3.141311764717102,0.42182789742946625,0.43597744405269623,3.141311764717102,2.7194838523864746,0.4306178928503881,0.010679914701668076
N1-R_fold1_seed20261006,N1-R,1,20261006,8,balanced_multitask_loss,0.7018903965556372,3.094255208969116,0.40800170600414276,0.42200498282909393,3.094255208969116,2.6862534284591675,0.41724384923142055,0.011871445611487142
N1-R_fold1_seed20261006,N1-R,1,20261006,9,balanced_multitask_loss,0.7018903965556372,3.047572612762451,0.39366431534290314,0.4075361043214798,3.047572612762451,2.653908133506775,0.40385448099444726,0.013528380016648356
N1-R_fold1_seed20261006,N1-R,1,20261006,10,balanced_multitask_loss,0.7018903965556372,3.0116004943847656,0.3797158896923065,0.39342838525772095,3.0116004943847656,2.631884455680847,0.3911392736182327,0.0152404342805459
N1-R_fold1_seed20261006,N1-R,1,20261006,11,balanced_multitask_loss,0.7018903965556372,2.962996244430542,0.3658455014228821,0.37943676114082336,2.962996244430542,2.597150683403015,0.37949786994339013,0.016721038376567396
N1-R_fold1_seed20261006,N1-R,1,20261006,12,balanced_multitask_loss,0.7018903965556372,2.940913438796997,0.3522927165031433,0.3658021539449692,2.940913438796997,2.5886205434799194,0.3689036663462896,0.018060182438595647
N1-R_fold2_seed20261002,N1-R,2,20261002,1,balanced_multitask_loss,0.7018903965556372,4.479285717010498,1.056879719098409,1.086800217628479,4.479285717010498,3.4224063555399575,1.1360065353575046,0.010805499554519333
N1-R_fold2_seed20261002,N1-R,2,20261002,2,balanced_multitask_loss,0.7018903965556372,4.348602294921875,1.0142356355985005,1.0434149503707886,4.348602294921875,3.33436648050944,1.0886297947327517,0.011245646523600156
N1-R_fold2_seed20261002,N1-R,2,20261002,3,balanced_multitask_loss,0.7018903965556372,4.230535348256429,0.9682677388191223,0.9968619147936503,4.230535348256429,3.2622676690419516,1.0393926828921045,0.011787129585269148
N1-R_fold2_seed20261002,N1-R,2,20261002,4,balanced_multitask_loss,0.7018903965556372,4.130027453104655,0.9220848282178243,0.9501950542132059,4.130027453104655,3.2079427242279053,0.9919599259725912,0.012319917903033197
N1-R_fold2_seed20261002,N1-R,2,20261002,5,balanced_multitask_loss,0.7018903965556372,4.0349007447560625,0.8790269096692404,0.9067491888999939,4.0349007447560625,3.155873696009318,0.9489329185737403,0.012750780774328636
N1-R_fold2_seed20261002,N1-R,2,20261002,6,balanced_multitask_loss,0.7018903965556372,3.947396437327067,0.840436061223348,0.8677725195884705,3.947396437327067,3.1069602966308594,0.9103583171499272,0.013045271792339962
N1-R_fold2_seed20261002,N1-R,2,20261002,7,balanced_multitask_loss,0.7018903965556372,3.876551866531372,0.8055346806844076,0.8325173060099283,3.876551866531372,3.071017026901245,0.8752764234272679,0.013146492414935537
N1-R_fold2_seed20261002,N1-R,2,20261002,8,balanced_multitask_loss,0.7018903965556372,3.7895890871683755,0.772964080174764,0.7995655735333761,3.7895890871683755,3.016624927520752,0.8428639896878442,0.013017340058550163
N1-R_fold2_seed20261002,N1-R,2,20261002,9,balanced_multitask_loss,0.7018903965556372,3.7395097414652505,0.7428984045982361,0.7691996892293295,3.7395097414652505,2.9966112772623696,0.812318775461555,0.012795526655620634
N1-R_fold2_seed20261002,N1-R,2,20261002,10,balanced_multitask_loss,0.7018903965556372,3.669943888982137,0.7142017483711243,0.7401068409283956,3.669943888982137,2.955742041269938,0.782926905131242,0.012565514414906028
N1-R_fold2_seed20261002,N1-R,2,20261002,11,balanced_multitask_loss,0.7018903965556372,3.5916417439778647,0.6868920723597208,0.7124763528505961,3.5916417439778647,2.904749552408854,0.754177288627732,0.012437351566275765
N1-R_fold2_seed20261002,N1-R,2,20261002,12,balanced_multitask_loss,0.7018903965556372,3.515391190846761,0.660441001256307,0.6856727600097656,3.515391190846761,2.8549501101175943,0.7257657014625402,0.012486623081288254
N1-R_fold2_seed20261003,N1-R,2,20261003,1,balanced_multitask_loss,0.7018903965556372,3.389899412790934,0.5890097419420878,0.6134782830874125,3.389899412790934,2.800889571507772,0.6099923252794919,0.04051949611607427
N1-R_fold2_seed20261003,N1-R,2,20261003,2,balanced_multitask_loss,0.7018903965556372,3.3206445376078286,0.5616427858670553,0.5857880910237631,3.3206445376078286,2.7590016523996987,0.582985960412108,0.046393926217820035
N1-R_fold2_seed20261003,N1-R,2,20261003,3,balanced_multitask_loss,0.7018903965556372,3.269434690475464,0.5321070750554403,0.5559807022412618,3.269434690475464,2.737327496210734,0.5554526072806326,0.05753882560345305
N1-R_fold2_seed20261003,N1-R,2,20261003,4,balanced_multitask_loss,0.7018903965556372,3.2058845361073813,0.5037204225858053,0.5273330609003702,3.2058845361073813,2.7021640141805015,0.5290390515733214,0.08043363960478171
N1-R_fold2_seed20261003,N1-R,2,20261003,5,balanced_multitask_loss,0.7018903965556372,3.1600391070048013,0.4776465098063151,0.501036157210668,3.1600391070048013,2.6823927561442056,0.504206133169095,0.1127803157285753
N1-R_fold2_seed20261003,N1-R,2,20261003,6,balanced_multitask_loss,0.7018903965556372,3.1024676163991294,0.4543887178103129,0.477582852045695,3.1024676163991294,2.6480788389841714,0.4815313575944692,0.15140856770996594
N1-R_fold2_seed20261003,N1-R,2,20261003,7,balanced_multitask_loss,0.7018903965556372,3.060672918955485,0.4333682060241699,0.456333448489507,3.060672918955485,2.627304712931315,0.46180223908303697,0.19739243930411599
N1-R_fold2_seed20261003,N1-R,2,20261003,8,balanced_multitask_loss,0.7018903965556372,3.0181522369384766,0.41477063298225403,0.43751787145932514,3.0181522369384766,2.6033814748128257,0.4443041190658819,0.24256259764017474
N1-R_fold2_seed20261003,N1-R,2,20261003,9,balanced_multitask_loss,0.7018903965556372,2.9700278441111245,0.3977191547552745,0.4202716052532196,2.9700278441111245,2.5723088582356772,0.4280768667037376,0.27987188350194775
N1-R_fold2_seed20261003,N1-R,2,20261003,10,balanced_multitask_loss,0.7018903965556372,2.9328201611836753,0.38196290532747906,0.4042887290318807,2.9328201611836753,2.5508570671081543,0.4125499264478996,0.31046829076561505
N1-R_fold2_seed20261003,N1-R,2,20261003,11,balanced_multitask_loss,0.7018903965556372,2.8939579327901206,0.3666130801041921,0.38876786828041077,2.8939579327901206,2.527344544728597,0.3971861863108845,0.329476230360331
N1-R_fold2_seed20261003,N1-R,2,20261003,12,balanced_multitask_loss,0.7018903965556372,2.8541081746419272,0.35152644912401837,0.3735005756219228,2.8541081746419272,2.5025816758473716,0.3816511628290772,0.3384292595925757
N1-R_fold2_seed20261004,N1-R,2,20261004,1,balanced_multitask_loss,0.7018903965556372,3.993403355280558,1.0158698956171672,1.0420856674512227,3.993403355280558,2.9775335788726807,1.0261119083207033,0.0502076348469352
N1-R_fold2_seed20261004,N1-R,2,20261004,2,balanced_multitask_loss,0.7018903965556372,3.8979355494181314,0.9821299115816752,1.0078683296839397,3.8979355494181314,2.9158055782318115,0.9935496901545943,0.06982262188999165
N1-R_fold2_seed20261004,N1-R,2,20261004,3,balanced_multitask_loss,0.7018903965556372,3.8208508491516113,0.9510502020517985,0.9763787190119425,3.8208508491516113,2.869800567626953,0.9631061395074473,0.09069178722102085
N1-R_fold2_seed20261004,N1-R,2,20261004,4,balanced_multitask_loss,0.7018903965556372,3.7535552183787027,0.9210281570752462,0.9460451404253641,3.7535552183787027,2.83252747853597,0.933847684379915,0.11043421509540959
N1-R_fold2_seed20261004,N1-R,2,20261004,5,balanced_multitask_loss,0.7018903965556372,3.672673066457113,0.8925079504648844,0.9171407620112101,3.672673066457113,2.780165195465088,0.9053921745190985,0.12824362943754666
N1-R_fold2_seed20261004,N1-R,2,20261004,6,balanced_multitask_loss,0.7018903965556372,3.6070473194122314,0.8647837241490682,0.8890479207038879,3.6070473194122314,2.7422635555267334,0.8780230401304725,0.1402784357672452
N1-R_fold2_seed20261004,N1-R,2,20261004,7,balanced_multitask_loss,0.7018903965556372,3.541140635808309,0.8382072846094767,0.8620954553286234,3.541140635808309,2.702933390935262,0.8515403536245231,0.14172033963038558
N1-R_fold2_seed20261004,N1-R,2,20261004,8,balanced_multitask_loss,0.7018903965556372,3.4780385494232178,0.8117403189341227,0.8352591196695963,3.4780385494232178,2.6662983099619546,0.8247866347561591,0.13561389671036703
N1-R_fold2_seed20261004,N1-R,2,20261004,9,balanced_multitask_loss,0.7018903965556372,3.4114371140797934,0.7835618058840433,0.8067712187767029,3.4114371140797934,2.6278751691182456,0.7960037157925041,0.12384666252902807
N1-R_fold2_seed20261004,N1-R,2,20261004,10,balanced_multitask_loss,0.7018903965556372,3.35668683052063,0.7522296110788981,0.7751900355021158,3.35668683052063,2.604457219441732,0.7638876056200665,0.10774909723167393
N1-R_fold2_seed20261004,N1-R,2,20261004,11,balanced_multitask_loss,0.7018903965556372,3.2891382376352944,0.7171478271484375,0.739779015382131,3.2891382376352944,2.5719903310139975,0.7282431923813363,0.10000390074262411
N1-R_fold2_seed20261004,N1-R,2,20261004,12,balanced_multitask_loss,0.7018903965556372,3.2265302340189614,0.6801210443178812,0.7025614579518636,3.2265302340189614,2.5464093685150146,0.6902957330395628,0.10331278400154822
N1-R_fold2_seed20261005,N1-R,2,20261005,1,balanced_multitask_loss,0.7018903965556372,3.2650585174560547,0.5123453934987386,0.536705474058787,3.2650585174560547,2.7527127265930176,0.5502710747141051,0.056796588849172616
N1-R_fold2_seed20261005,N1-R,2,20261005,2,balanced_multitask_loss,0.7018903965556372,3.1968394120534263,0.491817702849706,0.5157949725786845,3.1968394120534263,2.705021858215332,0.5292342875829211,0.06870206156401149
N1-R_fold2_seed20261005,N1-R,2,20261005,3,balanced_multitask_loss,0.7018903965556372,3.1632965405782065,0.4739568730195363,0.4977162381013234,3.1632965405782065,2.689339796702067,0.5117538311939839,0.07095014520951287
N1-R_fold2_seed20261005,N1-R,2,20261005,4,balanced_multitask_loss,0.7018903965556372,3.1259146531422934,0.45731545488039654,0.4808499316374461,3.1259146531422934,2.6685989697774253,0.49592367942940474,0.07372297074731338
N1-R_fold2_seed20261005,N1-R,2,20261005,5,balanced_multitask_loss,0.7018903965556372,3.087553342183431,0.44040773312250775,0.4637504021326701,3.087553342183431,2.6471455891927085,0.48042687481565527,0.07997929595831166
N1-R_fold2_seed20261005,N1-R,2,20261005,6,balanced_multitask_loss,0.7018903965556372,3.052051226298014,0.42357370257377625,0.44667885700861615,3.052051226298014,2.6284775733947754,0.4646439296788208,0.0864966621666462
N1-R_fold2_seed20261005,N1-R,2,20261005,7,balanced_multitask_loss,0.7018903965556372,3.0167253017425537,0.40592442949612934,0.428875853617986,3.0167253017425537,2.6108009020487466,0.44816131003997733,0.09087052957602482
N1-R_fold2_seed20261005,N1-R,2,20261005,8,balanced_multitask_loss,0.7018903965556372,2.9623778661092124,0.38743462165196735,0.4101759692033132,2.9623778661092124,2.574943463007609,0.43046509755011464,0.09285733050923878
N1-R_fold2_seed20261005,N1-R,2,20261005,9,balanced_multitask_loss,0.7018903965556372,2.9220168590545654,0.36781301101048786,0.3903267482916514,2.9220168590545654,2.554203987121582,0.41140817808586383,0.09242933273460388
N1-R_fold2_seed20261005,N1-R,2,20261005,10,balanced_multitask_loss,0.7018903965556372,2.8761287530263266,0.3472145100434621,0.3695495625336965,2.8761287530263266,2.5289140542348227,0.3911141236134043,0.08776976123125357
N1-R_fold2_seed20261005,N1-R,2,20261005,11,balanced_multitask_loss,0.7018903965556372,2.8349621295928955,0.3261834780375163,0.3483167191346486,2.8349621295928955,2.5087785720825195,0.37026517389549357,0.08234179700511952
N1-R_fold2_seed20261005,N1-R,2,20261005,12,balanced_multitask_loss,0.7018903965556372,2.7841362953186035,0.30514319737752277,0.3270508944988251,2.7841362953186035,2.478993018468221,0.34947040425238957,0.07637757438310387
N1-R_fold2_seed20261006,N1-R,2,20261006,1,balanced_multitask_loss,0.7018903965556372,3.4127899010976157,0.48756004373232525,0.5131052931149801,3.4127899010976157,2.925229628880819,0.5225711521248503,0.01054963563295511
N1-R_fold2_seed20261006,N1-R,2,20261006,2,balanced_multitask_loss,0.7018903965556372,3.3387940724690757,0.46750110387802124,0.49257510900497437,3.3387940724690757,2.8712931474049888,0.5020219665053152,0.010469267612998651
N1-R_fold2_seed20261006,N1-R,2,20261006,3,balanced_multitask_loss,0.7018903965556372,3.2685558795928955,0.44841288526852924,0.47308965524037677,3.2685558795928955,2.820142984390259,0.4826626444613552,0.010559824714105126
N1-R_fold2_seed20261006,N1-R,2,20261006,4,balanced_multitask_loss,0.7018903965556372,3.1969849268595376,0.4295726418495178,0.45384713013966876,3.1969849268595376,2.767412026723226,0.4642727128036916,0.010813963312605647
N1-R_fold2_seed20261006,N1-R,2,20261006,5,balanced_multitask_loss,0.7018903965556372,3.1365297635396323,0.41010263562202454,0.43396804730097455,3.1365297635396323,2.7264269987742105,0.445677605064287,0.011369247282027536
N1-R_fold2_seed20261006,N1-R,2,20261006,6,balanced_multitask_loss,0.7018903965556372,3.0719085534413657,0.3897848228613536,0.4132682879765828,3.0719085534413657,2.682123819986979,0.42640304427172643,0.012597990350707744
N1-R_fold2_seed20261006,N1-R,2,20261006,7,balanced_multitask_loss,0.7018903965556372,3.012770652770996,0.36966922879219055,0.3928382098674774,3.012770652770996,2.643101533253988,0.4067869241366485,0.014754740355779452
N1-R_fold2_seed20261006,N1-R,2,20261006,8,balanced_multitask_loss,0.7018903965556372,2.9554497400919595,0.35056065519650775,0.3733906149864197,2.9554497400919595,2.6048893133799234,0.3880228740416691,0.017921290437545576
N1-R_fold2_seed20261006,N1-R,2,20261006,9,balanced_multitask_loss,0.7018903965556372,2.9077158768971763,0.33283544580141705,0.3554293215274811,2.9077158768971763,2.574880361557007,0.3711172801516309,0.022191211718065557
N1-R_fold2_seed20261006,N1-R,2,20261006,10,balanced_multitask_loss,0.7018903965556372,2.857330878575643,0.3163269062836965,0.33871368567148846,2.857330878575643,2.541003942489624,0.35566983201295993,0.027200281347046544
N1-R_fold2_seed20261006,N1-R,2,20261006,11,balanced_multitask_loss,0.7018903965556372,2.819507280985514,0.30066553751627606,0.32284708817799884,2.819507280985514,2.518841584523519,0.3409279069931827,0.032412886938102944
N1-R_fold2_seed20261006,N1-R,2,20261006,12,balanced_multitask_loss,0.7018903965556372,2.7809503078460693,0.2853237787882487,0.3073137104511261,2.7809503078460693,2.495626449584961,0.32635250689232437,0.03744894883992443
N1-R_fold3_seed20261002,N1-R,3,20261002,1,balanced_multitask_loss,0.7018903965556372,4.474738717079163,1.0613819360733032,1.0993782579898834,4.474738717079163,3.4133570790290833,1.1586201153158895,0.009379912990469716
N1-R_fold3_seed20261002,N1-R,3,20261002,2,balanced_multitask_loss,0.7018903965556372,4.316283345222473,1.0020875483751297,1.039052203297615,4.316283345222473,3.3141956329345703,1.0959533049964785,0.009477984998687244
N1-R_fold3_seed20261002,N1-R,3,20261002,3,balanced_multitask_loss,0.7018903965556372,4.178721368312836,0.9401612281799316,0.9762416630983353,4.178721368312836,3.2385600805282593,1.0330993554801737,0.00958274426972855
N1-R_fold3_seed20261002,N1-R,3,20261002,4,balanced_multitask_loss,0.7018903965556372,4.052289128303528,0.8831839561462402,0.9186302870512009,4.052289128303528,3.169105112552643,0.9767582672338093,0.009621519999282648
N1-R_fold3_seed20261002,N1-R,3,20261002,5,balanced_multitask_loss,0.7018903965556372,3.944951355457306,0.8332593888044357,0.8680295348167419,3.944951355457306,3.1116918325424194,0.9275723811818769,0.009577627002682318
N1-R_fold3_seed20261002,N1-R,3,20261002,6,balanced_multitask_loss,0.7018903965556372,3.8456376791000366,0.7889661192893982,0.8231580555438995,3.8456376791000366,3.056671380996704,0.8831748610544496,0.009465427633551614
N1-R_fold3_seed20261002,N1-R,3,20261002,7,balanced_multitask_loss,0.7018903965556372,3.7437254786491394,0.74830462038517,0.7817891240119934,3.7437254786491394,2.9954208731651306,0.8419177523566235,0.009342125905835687
N1-R_fold3_seed20261002,N1-R,3,20261002,8,balanced_multitask_loss,0.7018903965556372,3.6534281373023987,0.7100598812103271,0.7429552227258682,3.6534281373023987,2.943368077278137,0.8020067037997036,0.009270434393930327
N1-R_fold3_seed20261002,N1-R,3,20261002,9,balanced_multitask_loss,0.7018903965556372,3.5539112091064453,0.6728713065385818,0.7051663994789124,3.5539112091064453,2.8810399770736694,0.7625703066474705,0.009254940521395536
N1-R_fold3_seed20261002,N1-R,3,20261002,10,balanced_multitask_loss,0.7018903965556372,3.4621395468711853,0.6377299875020981,0.6694106757640839,3.4621395468711853,2.824409544467926,0.7238330334672021,0.009274620667125902
N1-R_fold3_seed20261002,N1-R,3,20261002,11,balanced_multitask_loss,0.7018903965556372,3.3754952549934387,0.6042147129774094,0.6352376788854599,3.3754952549934387,2.771280527114868,0.6865454610531332,0.009240842991506671
N1-R_fold3_seed20261002,N1-R,3,20261002,12,balanced_multitask_loss,0.7018903965556372,3.278517007827759,0.5691627264022827,0.5994545072317123,3.278517007827759,2.7093544006347656,0.6495812707666847,0.009194171088407053
N1-R_fold3_seed20261003,N1-R,3,20261003,1,balanced_multitask_loss,0.7018903965556372,3.36427903175354,0.5820397287607193,0.6129060387611389,3.36427903175354,2.7822391986846924,0.5701731967431708,0.060230496101424946
N1-R_fold3_seed20261003,N1-R,3,20261003,2,balanced_multitask_loss,0.7018903965556372,3.2859774827957153,0.5441605746746063,0.5745568573474884,3.2859774827957153,2.7418169379234314,0.5355537065695165,0.06281391015832195
N1-R_fold3_seed20261003,N1-R,3,20261003,3,balanced_multitask_loss,0.7018903965556372,3.2095425128936768,0.5055261552333832,0.5355235189199448,3.2095425128936768,2.7040164470672607,0.500982304649571,0.0584373026044457
N1-R_fold3_seed20261003,N1-R,3,20261003,4,balanced_multitask_loss,0.7018903965556372,3.1394304633140564,0.4708920642733574,0.5005339086055756,3.1394304633140564,2.668538451194763,0.46908438999329194,0.057184009017922796
N1-R_fold3_seed20261003,N1-R,3,20261003,5,balanced_multitask_loss,0.7018903965556372,3.0776486992836,0.44130199402570724,0.4706142246723175,3.0776486992836,2.6363470554351807,0.4416328985278643,0.06148345484925967
N1-R_fold3_seed20261003,N1-R,3,20261003,6,balanced_multitask_loss,0.7018903965556372,3.0144814252853394,0.4163963943719864,0.4453180357813835,3.0144814252853394,2.598085045814514,0.41894959873063203,0.06483260358967571
N1-R_fold3_seed20261003,N1-R,3,20261003,7,balanced_multitask_loss,0.7018903965556372,2.970296621322632,0.39497408270835876,0.42355474829673767,2.970296621322632,2.5753226280212402,0.3983373316307578,0.0745448929556955
N1-R_fold3_seed20261003,N1-R,3,20261003,8,balanced_multitask_loss,0.7018903965556372,2.9075305461883545,0.37526995688676834,0.40350738912820816,2.9075305461883545,2.5322604179382324,0.3781818991631622,0.09441094363036553
N1-R_fold3_seed20261003,N1-R,3,20261003,9,balanced_multitask_loss,0.7018903965556372,2.8596044778823853,0.3557140827178955,0.38366440683603287,2.8596044778823853,2.5038902163505554,0.357765552496812,0.13146834692613998
N1-R_fold3_seed20261003,N1-R,3,20261003,10,balanced_multitask_loss,0.7018903965556372,2.822362542152405,0.335583359003067,0.36329175531864166,2.822362542152405,2.4867789149284363,0.33746985869377244,0.1745409440057341
N1-R_fold3_seed20261003,N1-R,3,20261003,11,balanced_multitask_loss,0.7018903965556372,2.7779141664505005,0.3154630586504936,0.3428718373179436,2.7779141664505005,2.4624511003494263,0.318115339166239,0.19559298703633118
N1-R_fold3_seed20261003,N1-R,3,20261003,12,balanced_multitask_loss,0.7018903965556372,2.7245330810546875,0.2955560237169266,0.32268358021974564,2.7245330810546875,2.4289770126342773,0.29951444153220774,0.2038524525011334
N1-R_fold3_seed20261004,N1-R,3,20261004,1,balanced_multitask_loss,0.7018903965556372,3.978873550891876,1.0052851736545563,1.0385474413633347,3.978873550891876,2.9735884070396423,0.9600480532051754,0.03927978424014464
N1-R_fold3_seed20261004,N1-R,3,20261004,2,balanced_multitask_loss,0.7018903965556372,3.8706884384155273,0.9614114165306091,0.9939990639686584,3.8706884384155273,2.909276843070984,0.9183918430915696,0.05634891634995751
N1-R_fold3_seed20261004,N1-R,3,20261004,3,balanced_multitask_loss,0.7018903965556372,3.773201644420624,0.9213637262582779,0.9532986879348755,3.773201644420624,2.851837992668152,0.880646641791177,0.07700998580993584
N1-R_fold3_seed20261004,N1-R,3,20261004,4,balanced_multitask_loss,0.7018903965556372,3.6756046414375305,0.8841865211725235,0.9155438840389252,3.6756046414375305,2.7914180159568787,0.8447238821547698,0.10625708272462915
N1-R_fold3_seed20261004,N1-R,3,20261004,5,balanced_multitask_loss,0.7018903965556372,3.5785489678382874,0.8484895378351212,0.8792168200016022,3.5785489678382874,2.730059266090393,0.8093755331555761,0.13121631525830219
N1-R_fold3_seed20261004,N1-R,3,20261004,6,balanced_multitask_loss,0.7018903965556372,3.494962453842163,0.8143907189369202,0.8445098102092743,3.494962453842163,2.6805716156959534,0.7735340177226997,0.1407318346541656
N1-R_fold3_seed20261004,N1-R,3,20261004,7,balanced_multitask_loss,0.7018903965556372,3.413331687450409,0.7774248123168945,0.8070095777511597,3.413331687450409,2.6359068751335144,0.7344294277282581,0.1361191462774782
N1-R_fold3_seed20261004,N1-R,3,20261004,8,balanced_multitask_loss,0.7018903965556372,3.3282443284988403,0.7341675311326981,0.7632506936788559,3.3282443284988403,2.5940768122673035,0.690491777812518,0.12706800589383035
N1-R_fold3_seed20261004,N1-R,3,20261004,9,balanced_multitask_loss,0.7018903965556372,3.249620795249939,0.6851130723953247,0.7138245850801468,3.249620795249939,2.564507842063904,0.6444213927716853,0.12946946758047861
N1-R_fold3_seed20261004,N1-R,3,20261004,10,balanced_multitask_loss,0.7018903965556372,3.1634870171546936,0.6340991407632828,0.6624483019113541,3.1634870171546936,2.529387652873993,0.6002296625681186,0.14359295767775473
N1-R_fold3_seed20261004,N1-R,3,20261004,11,balanced_multitask_loss,0.7018903965556372,3.0956308841705322,0.5823053866624832,0.6104191094636917,3.0956308841705322,2.5133254528045654,0.5600892050475715,0.15193810202555608
N1-R_fold3_seed20261004,N1-R,3,20261004,12,balanced_multitask_loss,0.7018903965556372,3.032033145427704,0.5353381633758545,0.563249945640564,3.032033145427704,2.496695101261139,0.5252933101602228,0.13152987527420612
N1-R_fold3_seed20261005,N1-R,3,20261005,1,balanced_multitask_loss,0.7018903965556372,3.2680466771125793,0.5095545053482056,0.5405717492103577,3.2680466771125793,2.758492112159729,0.5259292645979331,0.030896692933935724
N1-R_fold3_seed20261005,N1-R,3,20261005,2,balanced_multitask_loss,0.7018903965556372,3.1907909512519836,0.4832245260477066,0.5136516019701958,3.1907909512519836,2.7075663805007935,0.49915537278335254,0.037829173244382314
N1-R_fold3_seed20261005,N1-R,3,20261005,3,balanced_multitask_loss,0.7018903965556372,3.1393702030181885,0.46129758656024933,0.4913416802883148,3.1393702030181885,2.6780725717544556,0.47726814888996405,0.04276894749122754
N1-R_fold3_seed20261005,N1-R,3,20261005,4,balanced_multitask_loss,0.7018903965556372,3.08696049451828,0.4405473843216896,0.47023096680641174,3.08696049451828,2.646412968635559,0.45641740226070227,0.04812920315149796
N1-R_fold3_seed20261005,N1-R,3,20261005,5,balanced_multitask_loss,0.7018903965556372,3.0420135855674744,0.41917135566473007,0.4485408440232277,3.0420135855674744,2.622842252254486,0.43483122884646536,0.054582895076377064
N1-R_fold3_seed20261005,N1-R,3,20261005,6,balanced_multitask_loss,0.7018903965556372,2.9841856360435486,0.3966480940580368,0.42567191272974014,2.9841856360435486,2.5875372886657715,0.4115797092607509,0.05953336242852311
N1-R_fold3_seed20261005,N1-R,3,20261005,7,balanced_multitask_loss,0.7018903965556372,2.9360695481300354,0.37246812134981155,0.40119602531194687,2.9360695481300354,2.5636013746261597,0.38647536378452835,0.06042704173729139
N1-R_fold3_seed20261005,N1-R,3,20261005,8,balanced_multitask_loss,0.7018903965556372,2.874264657497406,0.34644053876399994,0.3747465908527374,2.874264657497406,2.5278240442276,0.35953293888351967,0.05937095076016038
N1-R_fold3_seed20261005,N1-R,3,20261005,9,balanced_multitask_loss,0.7018903965556372,2.8162018060684204,0.3190946578979492,0.3470337465405464,2.8162018060684204,2.497106909751892,0.3317386526815739,0.06184771228115588
N1-R_fold3_seed20261005,N1-R,3,20261005,10,balanced_multitask_loss,0.7018903965556372,2.7544403672218323,0.29132799059152603,0.31893353164196014,2.7544403672218323,2.463112235069275,0.3045687886532311,0.06742769519994891
N1-R_fold3_seed20261005,N1-R,3,20261005,11,balanced_multitask_loss,0.7018903965556372,2.7008597254753113,0.264160193502903,0.29148590564727783,2.7008597254753113,2.436699628829956,0.2783253742806996,0.07141485770413279
N1-R_fold3_seed20261005,N1-R,3,20261005,12,balanced_multitask_loss,0.7018903965556372,2.6592726707458496,0.23979071155190468,0.26690302044153214,2.6592726707458496,2.4194818139076233,0.2542175907674126,0.07350180889649456
N1-R_fold3_seed20261006,N1-R,3,20261006,1,balanced_multitask_loss,0.7018903965556372,3.4025226831436157,0.48352422565221786,0.5160046517848969,3.4025226831436157,2.9189982414245605,0.5095327591418399,0.010377966241005216
N1-R_fold3_seed20261006,N1-R,3,20261006,2,balanced_multitask_loss,0.7018903965556372,3.308512270450592,0.4572787508368492,0.48896416276693344,3.308512270450592,2.8512338399887085,0.48350404614293796,0.010981696275091461
N1-R_fold3_seed20261006,N1-R,3,20261006,3,balanced_multitask_loss,0.7018903965556372,3.21456640958786,0.43261009454727173,0.46362121403217316,3.21456640958786,2.781956434249878,0.46026609516491424,0.011724194714629663
N1-R_fold3_seed20261006,N1-R,3,20261006,4,balanced_multitask_loss,0.7018903965556372,3.134212911128998,0.4076741933822632,0.4380463734269142,3.134212911128998,2.7265387773513794,0.43807999313301815,0.012394108164389888
N1-R_fold3_seed20261006,N1-R,3,20261006,5,balanced_multitask_loss,0.7018903965556372,3.0498160123825073,0.3814494237303734,0.41122011840343475,3.0498160123825073,2.6683663725852966,0.41530363483633037,0.012947854540680015
N1-R_fold3_seed20261006,N1-R,3,20261006,6,balanced_multitask_loss,0.7018903965556372,2.9739986062049866,0.3562713861465454,0.38550301641225815,2.9739986062049866,2.6177269220352173,0.39230724021023317,0.013415794392692087
N1-R_fold3_seed20261006,N1-R,3,20261006,7,balanced_multitask_loss,0.7018903965556372,2.9060155749320984,0.3334411308169365,0.36218394339084625,2.9060155749320984,2.5725744366645813,0.369798014700742,0.013691919367170156
N1-R_fold3_seed20261006,N1-R,3,20261006,8,balanced_multitask_loss,0.7018903965556372,2.853720724582672,0.3127414807677269,0.3411227762699127,2.853720724582672,2.5409792065620422,0.3485115985831253,0.014444246682333142
N1-R_fold3_seed20261006,N1-R,3,20261006,9,balanced_multitask_loss,0.7018903965556372,2.8010486364364624,0.2933400794863701,0.32143615186214447,2.8010486364364624,2.507708728313446,0.32831830232510895,0.015359054968743673
N1-R_fold3_seed20261006,N1-R,3,20261006,10,balanced_multitask_loss,0.7018903965556372,2.7607887983322144,0.2745591774582863,0.3023819476366043,2.7607887983322144,2.4862295389175415,0.308335366673958,0.01581996821824185
N1-R_fold3_seed20261006,N1-R,3,20261006,11,balanced_multitask_loss,0.7018903965556372,2.717028021812439,0.2559157982468605,0.28349631279706955,2.717028021812439,2.461112320423126,0.2884697660800365,0.015870045027383713
N1-R_fold3_seed20261006,N1-R,3,20261006,12,balanced_multitask_loss,0.7018903965556372,2.67482191324234,0.23777994140982628,0.26511720940470695,2.67482191324234,2.4370420575141907,0.269082325446635,0.016453354024713353
N1-R_fold4_seed20261002,N1-R,4,20261002,1,balanced_multitask_loss,0.7018903965556372,4.108018112182617,1.0760292530059814,1.1115318775177,4.108018112182617,3.0319889068603514,1.074391892079934,0.018077439080722953
N1-R_fold4_seed20261002,N1-R,4,20261002,2,balanced_multitask_loss,0.7018903965556372,3.930587577819824,1.0006376504898071,1.03506441116333,3.930587577819824,2.929949951171875,0.9955960729694141,0.019086206023015133
N1-R_fold4_seed20261002,N1-R,4,20261002,3,balanced_multitask_loss,0.7018903965556372,3.7839725971221925,0.9259830713272095,0.9595841407775879,3.7839725971221925,2.8579895734786986,0.9228945032291551,0.01985253457801085
N1-R_fold4_seed20261002,N1-R,4,20261002,4,balanced_multitask_loss,0.7018903965556372,3.6576744556427,0.8604250073432922,0.8934122323989868,3.6576744556427,2.7972492456436155,0.8603456601929879,0.019817320769698638
N1-R_fold4_seed20261002,N1-R,4,20261002,5,balanced_multitask_loss,0.7018903965556372,3.5471656799316404,0.8027371883392334,0.8351488232612609,3.5471656799316404,2.744428586959839,0.8048024817399442,0.019026471945742408
N1-R_fold4_seed20261002,N1-R,4,20261002,6,balanced_multitask_loss,0.7018903965556372,3.4325366973876954,0.750094735622406,0.7818465828895569,3.4325366973876954,2.6824419260025025,0.7541167454881738,0.018081424523286854
N1-R_fold4_seed20261002,N1-R,4,20261002,7,balanced_multitask_loss,0.7018903965556372,3.3329441070556642,0.6995465993881226,0.7306812286376954,3.3329441070556642,2.6333975315093996,0.7074033001050306,0.01750730652070097
N1-R_fold4_seed20261002,N1-R,4,20261002,8,balanced_multitask_loss,0.7018903965556372,3.225894737243652,0.6517318367958069,0.6822693109512329,3.225894737243652,2.5741629362106324,0.664015981360235,0.01758920157338386
N1-R_fold4_seed20261002,N1-R,4,20261002,9,balanced_multitask_loss,0.7018903965556372,3.1256752490997313,0.6079906344413757,0.6378936171531677,3.1256752490997313,2.517684745788574,0.6232864979216797,0.01755767020434317
N1-R_fold4_seed20261002,N1-R,4,20261002,10,balanced_multitask_loss,0.7018903965556372,3.0242025375366213,0.5657145380973816,0.5949102997779846,3.0242025375366213,2.4584879636764527,0.582417737068117,0.017558551425824936
N1-R_fold4_seed20261002,N1-R,4,20261002,11,balanced_multitask_loss,0.7018903965556372,2.93705677986145,0.5226199269294739,0.5513101935386657,2.93705677986145,2.4144367456436155,0.5423320055316004,0.018542205664989826
N1-R_fold4_seed20261002,N1-R,4,20261002,12,balanced_multitask_loss,0.7018903965556372,2.874087691307068,0.4863376021385193,0.5147593200206757,2.874087691307068,2.387749981880188,0.5081749420700394,0.02072412406745689
N1-R_fold4_seed20261003,N1-R,4,20261003,1,balanced_multitask_loss,0.7018903965556372,3.08689546585083,0.5750468015670777,0.6046151280403137,3.08689546585083,2.5118486881256104,0.6096103114761148,0.05896528450862114
N1-R_fold4_seed20261003,N1-R,4,20261003,2,balanced_multitask_loss,0.7018903965556372,3.0030410051345826,0.5283168315887451,0.5574530601501465,3.0030410051345826,2.4747243404388426,0.5617685205905145,0.06111538972001708
N1-R_fold4_seed20261003,N1-R,4,20261003,3,balanced_multitask_loss,0.7018903965556372,2.921204113960266,0.48281157612800596,0.511646318435669,2.921204113960266,2.438392686843872,0.5174177942063534,0.058276128493396175
N1-R_fold4_seed20261003,N1-R,4,20261003,4,balanced_multitask_loss,0.7018903965556372,2.855867528915405,0.4434709906578064,0.4719849944114685,2.855867528915405,2.4123965740203857,0.48114156529870017,0.055801456729411364
N1-R_fold4_seed20261003,N1-R,4,20261003,5,balanced_multitask_loss,0.7018903965556372,2.794990062713623,0.4112840831279755,0.43947429656982423,2.794990062713623,2.3837060928344727,0.4530389868393371,0.056134924782239984
N1-R_fold4_seed20261003,N1-R,4,20261003,6,balanced_multitask_loss,0.7018903965556372,2.736118698120117,0.38429237604141236,0.4121752858161926,2.736118698120117,2.3518263339996337,0.4284485118774393,0.06331181387544861
N1-R_fold4_seed20261003,N1-R,4,20261003,7,balanced_multitask_loss,0.7018903965556372,2.6810312509536742,0.3596238851547241,0.38722257018089296,2.6810312509536742,2.3214073181152344,0.40295751985736467,0.07833298607644476
N1-R_fold4_seed20261003,N1-R,4,20261003,8,balanced_multitask_loss,0.7018903965556372,2.631047320365906,0.335045850276947,0.3623831391334534,2.631047320365906,2.296001672744751,0.3738650839575856,0.11613059353929385
N1-R_fold4_seed20261003,N1-R,4,20261003,9,balanced_multitask_loss,0.7018903965556372,2.581090712547302,0.31001784801483157,0.3371275424957275,2.581090712547302,2.271072745323181,0.3452237415845401,0.1834165686555115
N1-R_fold4_seed20261003,N1-R,4,20261003,10,balanced_multitask_loss,0.7018903965556372,2.537972354888916,0.28530157208442686,0.31219115257263186,2.537972354888916,2.252670645713806,0.32059369467107507,0.2210075796393555
N1-R_fold4_seed20261003,N1-R,4,20261003,11,balanced_multitask_loss,0.7018903965556372,2.496486759185791,0.26155199110507965,0.28828474283218386,2.496486759185791,2.2349347829818726,0.2987856025658154,0.23291651716033523
N1-R_fold4_seed20261003,N1-R,4,20261003,12,balanced_multitask_loss,0.7018903965556372,2.457948088645935,0.23940069377422332,0.26597807109355925,2.457948088645935,2.2185474634170532,0.27992267930398224,0.238863525492203
N1-R_fold4_seed20261004,N1-R,4,20261004,1,balanced_multitask_loss,0.7018903965556372,3.657260370254517,0.9918217301368714,1.023313307762146,3.657260370254517,2.665438723564148,0.9922173634394653,0.034287960333424
N1-R_fold4_seed20261004,N1-R,4,20261004,2,balanced_multitask_loss,0.7018903965556372,3.542646789550781,0.9380581498146057,0.968960452079773,3.542646789550781,2.6045886993408205,0.9415051561754578,0.04440443629726295
N1-R_fold4_seed20261004,N1-R,4,20261004,3,balanced_multitask_loss,0.7018903965556372,3.434852886199951,0.8895069241523743,0.9197713136672974,3.434852886199951,2.545345902442932,0.8934514413541911,0.057069696343072365
N1-R_fold4_seed20261004,N1-R,4,20261004,4,balanced_multitask_loss,0.7018903965556372,3.349085474014282,0.8433674335479736,0.8731317162513733,3.349085474014282,2.505717968940735,0.8465333106155433,0.07359785664543127
N1-R_fold4_seed20261004,N1-R,4,20261004,5,balanced_multitask_loss,0.7018903965556372,3.258320188522339,0.7990540742874146,0.8282366037368775,3.258320188522339,2.4592663049697876,0.8001429649532606,0.08881735071630656
N1-R_fold4_seed20261004,N1-R,4,20261004,6,balanced_multitask_loss,0.7018903965556372,3.156298208236694,0.753679895401001,0.7823168635368347,3.156298208236694,2.402618336677551,0.7525605252139465,0.09005213581461018
N1-R_fold4_seed20261004,N1-R,4,20261004,7,balanced_multitask_loss,0.7018903965556372,3.0684892177581786,0.7028358817100525,0.73103768825531,3.0684892177581786,2.3656533479690554,0.7022654810475945,0.09082408572802612
N1-R_fold4_seed20261004,N1-R,4,20261004,8,balanced_multitask_loss,0.7018903965556372,2.9794840812683105,0.6472283005714417,0.6750788450241089,2.9794840812683105,2.3322557687759398,0.6473892237266342,0.10931262460166806
N1-R_fold4_seed20261004,N1-R,4,20261004,9,balanced_multitask_loss,0.7018903965556372,2.9004846572875977,0.5887639164924622,0.6163630843162536,2.9004846572875977,2.3117208003997805,0.5910116498212261,0.13369129981173508
N1-R_fold4_seed20261004,N1-R,4,20261004,10,balanced_multitask_loss,0.7018903965556372,2.8258699417114257,0.5323012888431549,0.5597248673439026,2.8258699417114257,2.2935687065124513,0.5449718939699649,0.12628983928015503
N1-R_fold4_seed20261004,N1-R,4,20261004,11,balanced_multitask_loss,0.7018903965556372,2.7719086170196534,0.4865167737007141,0.5137510120868682,2.7719086170196534,2.2853917837142945,0.5064367139865482,0.10940952649519732
N1-R_fold4_seed20261004,N1-R,4,20261004,12,balanced_multitask_loss,0.7018903965556372,2.708320665359497,0.4486237406730652,0.4756034851074219,2.708320665359497,2.259696912765503,0.47160969917464524,0.1023927741827922
N1-R_fold4_seed20261005,N1-R,4,20261005,1,balanced_multitask_loss,0.7018903965556372,3.0003707885742186,0.50841064453125,0.5380878448486328,3.0003707885742186,2.4919600009918215,0.5390150697091265,0.0480343355828696
N1-R_fold4_seed20261005,N1-R,4,20261005,2,balanced_multitask_loss,0.7018903965556372,2.92592339515686,0.47609777450561525,0.5052491903305054,2.92592339515686,2.4498255252838135,0.5048639977788961,0.06232609771418289
N1-R_fold4_seed20261005,N1-R,4,20261005,3,balanced_multitask_loss,0.7018903965556372,2.871515083312988,0.44939231872558594,0.47819882035255434,2.871515083312988,2.4221228122711183,0.47611155553607004,0.07633766444325703
N1-R_fold4_seed20261005,N1-R,4,20261005,4,balanced_multitask_loss,0.7018903965556372,2.8146087169647216,0.4229950726032257,0.45148672461509703,2.8146087169647216,2.391613507270813,0.4473263550022277,0.09033944122612687
N1-R_fold4_seed20261005,N1-R,4,20261005,5,balanced_multitask_loss,0.7018903965556372,2.7676401376724242,0.39503529071807864,0.4232768535614014,2.7676401376724242,2.3726049184799196,0.41794970356761907,0.09591453082196458
N1-R_fold4_seed20261005,N1-R,4,20261005,6,balanced_multitask_loss,0.7018903965556372,2.716417121887207,0.36457274556159974,0.3925570547580719,2.716417121887207,2.3518445253372193,0.38880748843812774,0.09425873303101137
N1-R_fold4_seed20261005,N1-R,4,20261005,7,balanced_multitask_loss,0.7018903965556372,2.6526485204696657,0.33231742978096007,0.35999793410301206,2.6526485204696657,2.320331072807312,0.3607036260568236,0.09620934442107407
N1-R_fold4_seed20261005,N1-R,4,20261005,8,balanced_multitask_loss,0.7018903965556372,2.5914677381515503,0.29958423376083376,0.3269655406475067,2.5914677381515503,2.2918835878372192,0.3348833732814291,0.10152705808725662
N1-R_fold4_seed20261005,N1-R,4,20261005,9,balanced_multitask_loss,0.7018903965556372,2.539369535446167,0.26788016557693484,0.295040225982666,2.539369535446167,2.2714893341064455,0.3104460460302551,0.10792764295470914
N1-R_fold4_seed20261005,N1-R,4,20261005,10,balanced_multitask_loss,0.7018903965556372,2.4850341796875,0.2381513684988022,0.2650711119174957,2.4850341796875,2.246882677078247,0.28727790872593184,0.10905202310579497
N1-R_fold4_seed20261005,N1-R,4,20261005,11,balanced_multitask_loss,0.7018903965556372,2.4480998516082764,0.21229255497455596,0.23905764520168304,2.4480998516082764,2.2358072996139526,0.26675809400390915,0.1113568948704423
N1-R_fold4_seed20261005,N1-R,4,20261005,12,balanced_multitask_loss,0.7018903965556372,2.411446452140808,0.1911678671836853,0.2177886486053467,2.411446452140808,2.2202786922454836,0.24904804730337465,0.11881807842901479
N1-R_fold4_seed20261006,N1-R,4,20261006,1,balanced_multitask_loss,0.7018903965556372,3.1080974340438843,0.4842424035072327,0.5151392102241517,3.1080974340438843,2.6238547801971435,0.5304630713129987,0.018392953522763513
N1-R_fold4_seed20261006,N1-R,4,20261006,2,balanced_multitask_loss,0.7018903965556372,3.0123892068862914,0.4524164915084839,0.48253811001777647,3.0123892068862914,2.559972810745239,0.4982279914104102,0.018906019518815948
N1-R_fold4_seed20261006,N1-R,4,20261006,3,balanced_multitask_loss,0.7018903965556372,2.9206241846084593,0.4233576714992523,0.4528613328933716,2.9206241846084593,2.497266340255737,0.4690828389257182,0.01934554263264908
N1-R_fold4_seed20261006,N1-R,4,20261006,4,balanced_multitask_loss,0.7018903965556372,2.8388914585113527,0.3938665211200714,0.4227799355983734,2.8388914585113527,2.445025157928467,0.4412657440581708,0.01975205611606923
N1-R_fold4_seed20261006,N1-R,4,20261006,5,balanced_multitask_loss,0.7018903965556372,2.7577821969985963,0.36390668749809263,0.39231487512588503,2.7577821969985963,2.3938753843307494,0.4144520101467714,0.02016790538097179
N1-R_fold4_seed20261006,N1-R,4,20261006,6,balanced_multitask_loss,0.7018903965556372,2.687272381782532,0.3361224949359894,0.36408430337905884,2.687272381782532,2.351149797439575,0.3891531931953481,0.0210385983872901
N1-R_fold4_seed20261006,N1-R,4,20261006,7,balanced_multitask_loss,0.7018903965556372,2.6345977067947386,0.31104212403297427,0.3386892318725586,2.6345977067947386,2.323555564880371,0.3653412126735656,0.022409761297998
N1-R_fold4_seed20261006,N1-R,4,20261006,8,balanced_multitask_loss,0.7018903965556372,2.5815473794937134,0.28705917596817015,0.3144521117210388,2.5815473794937134,2.2944883584976195,0.34242830038366906,0.02425636613895553
N1-R_fold4_seed20261006,N1-R,4,20261006,9,balanced_multitask_loss,0.7018903965556372,2.5436455488204954,0.2636988699436188,0.29091121554374694,2.5436455488204954,2.2799466371536257,0.3197715197275246,0.025711918376822834
N1-R_fold4_seed20261006,N1-R,4,20261006,10,balanced_multitask_loss,0.7018903965556372,2.503855562210083,0.24057965874671935,0.267620313167572,2.503855562210083,2.263275957107544,0.2977334771021733,0.02911719638211041
N1-R_fold4_seed20261006,N1-R,4,20261006,11,balanced_multitask_loss,0.7018903965556372,2.463545799255371,0.2190076768398285,0.24588291049003602,2.463545799255371,2.244538116455078,0.2780456868206069,0.037593156022265
N1-R_fold4_seed20261006,N1-R,4,20261006,12,balanced_multitask_loss,0.7018903965556372,2.436665487289429,0.20110879540443422,0.22787205278873443,2.436665487289429,2.235556793212891,0.26254376353722814,0.05237360532283472
N1-E_fold1_seed20261002,N1-E,1,20261002,1,exact_joint_hurdle_nll,0.7018903965556372,4.53034234046936,1.0960116386413574,1.1138029098510742,1.1138029098510742,3.4343308210372925,1.0267657141423374,0.012396651617614716
N1-E_fold1_seed20261002,N1-E,1,20261002,2,exact_joint_hurdle_nll,0.7018903965556372,4.43864369392395,1.0562773048877716,1.073898196220398,1.073898196220398,3.382366180419922,0.9908575957310775,0.01281877893738498
N1-E_fold1_seed20261002,N1-E,1,20261002,3,exact_joint_hurdle_nll,0.7018903965556372,4.391990661621094,1.0181246101856232,1.0355513989925385,1.0355513989925385,3.3738659620285034,0.9559987015842915,0.013222876965323583
N1-E_fold1_seed20261002,N1-E,1,20261002,4,exact_joint_hurdle_nll,0.7018903965556372,4.312081575393677,0.9800436496734619,0.9973544478416443,0.9973544478416443,3.3320380449295044,0.9223559648718924,0.013612689645894127
N1-E_fold1_seed20261002,N1-E,1,20261002,5,exact_joint_hurdle_nll,0.7018903965556372,4.255388259887695,0.9434036314487457,0.9605550467967987,0.9605550467967987,3.311984419822693,0.8908623903595583,0.013902367011900344
N1-E_fold1_seed20261002,N1-E,1,20261002,6,exact_joint_hurdle_nll,0.7018903965556372,4.1814985275268555,0.9087231755256653,0.9257439970970154,0.9257439970970154,3.272775650024414,0.8620522985345225,0.014168905675573995
N1-E_fold1_seed20261002,N1-E,1,20261002,7,exact_joint_hurdle_nll,0.7018903965556372,4.131496787071228,0.8767417669296265,0.8935965299606323,0.8935965299606323,3.254755139350891,0.8357526572487186,0.014445489734373339
N1-E_fold1_seed20261002,N1-E,1,20261002,8,exact_joint_hurdle_nll,0.7018903965556372,4.092342376708984,0.8476850688457489,0.8644587397575378,0.8644587397575378,3.2446573972702026,0.811369413854252,0.014755446189412616
N1-E_fold1_seed20261002,N1-E,1,20261002,9,exact_joint_hurdle_nll,0.7018903965556372,4.041339635848999,0.8205952942371368,0.8371889293193817,0.8371889293193817,3.220744252204895,0.7883187323647419,0.01515655452316849
N1-E_fold1_seed20261002,N1-E,1,20261002,10,exact_joint_hurdle_nll,0.7018903965556372,3.9967108964920044,0.7948342263698578,0.8113157451152802,0.8113157451152802,3.201876640319824,0.7662011495475791,0.015436258517032975
N1-E_fold1_seed20261002,N1-E,1,20261002,11,exact_joint_hurdle_nll,0.7018903965556372,3.9216095209121704,0.7704466283321381,0.7867723703384399,0.7867723703384399,3.15116286277771,0.7447120172555849,0.014593215028265435
N1-E_fold1_seed20261002,N1-E,1,20261002,12,exact_joint_hurdle_nll,0.7018903965556372,3.8827487230300903,0.7464064955711365,0.7626048922538757,0.7626048922538757,3.1363422870635986,0.7235984655445337,0.014093808091983562
N1-E_fold1_seed20261003,N1-E,1,20261003,1,exact_joint_hurdle_nll,0.7018903965556372,3.415395736694336,0.5812979936599731,0.5961800813674927,0.5961800813674927,2.8340975046157837,0.6332385852548418,0.024135856626252075
N1-E_fold1_seed20261003,N1-E,1,20261003,2,exact_joint_hurdle_nll,0.7018903965556372,3.3859161138534546,0.556062787771225,0.5709330141544342,0.5709330141544342,2.829852819442749,0.6051054649919799,0.01868960900654943
N1-E_fold1_seed20261003,N1-E,1,20261003,3,exact_joint_hurdle_nll,0.7018903965556372,3.361453652381897,0.5317420959472656,0.546623706817627,0.546623706817627,2.8297119140625,0.5792336331234694,0.01581332629177349
N1-E_fold1_seed20261003,N1-E,1,20261003,4,exact_joint_hurdle_nll,0.7018903965556372,3.346073627471924,0.5082530379295349,0.523158997297287,0.523158997297287,2.8378207683563232,0.5554563948230944,0.014022332700906503
N1-E_fold1_seed20261003,N1-E,1,20261003,5,exact_joint_hurdle_nll,0.7018903965556372,3.3184070587158203,0.4862041622400284,0.5010862052440643,0.5010862052440643,2.8322030305862427,0.5334651305458781,0.012657778919262685
N1-E_fold1_seed20261003,N1-E,1,20261003,6,exact_joint_hurdle_nll,0.7018903965556372,3.2912241220474243,0.46596352756023407,0.4808495491743088,0.4808495491743088,2.8252605199813843,0.5128299404865808,0.011732759995575291
N1-E_fold1_seed20261003,N1-E,1,20261003,7,exact_joint_hurdle_nll,0.7018903965556372,3.2877187728881836,0.4472965896129608,0.462182953953743,0.462182953953743,2.8404219150543213,0.49311167610082857,0.01111952513269288
N1-E_fold1_seed20261003,N1-E,1,20261003,8,exact_joint_hurdle_nll,0.7018903965556372,3.262090802192688,0.42996130883693695,0.44485820829868317,0.44485820829868317,2.8321293592453003,0.4740179843609167,0.010690881539468778
N1-E_fold1_seed20261003,N1-E,1,20261003,9,exact_joint_hurdle_nll,0.7018903965556372,3.257048726081848,0.4133089482784271,0.4281589239835739,0.4281589239835739,2.843739628791809,0.45549304986292255,0.010381937399469417
N1-E_fold1_seed20261003,N1-E,1,20261003,10,exact_joint_hurdle_nll,0.7018903965556372,3.229013442993164,0.39761048555374146,0.4124913066625595,0.4124913066625595,2.831402897834778,0.43763632619358844,0.010191052817280222
N1-E_fold1_seed20261003,N1-E,1,20261003,11,exact_joint_hurdle_nll,0.7018903965556372,3.1922675371170044,0.3825661987066269,0.3973858654499054,0.3973858654499054,2.8097018003463745,0.42067031340777394,0.010129702271453558
N1-E_fold1_seed20261003,N1-E,1,20261003,12,exact_joint_hurdle_nll,0.7018903965556372,3.184697151184082,0.36819641292095184,0.38303180038928986,0.38303180038928986,2.8165009021759033,0.40472207020642736,0.010254735163413844
N1-E_fold1_seed20261004,N1-E,1,20261004,1,exact_joint_hurdle_nll,0.7018903965556372,3.9797199964523315,1.0099861919879913,1.0254529118537903,1.0254529118537903,2.9697335958480835,1.0675845578031438,0.02454634616471536
N1-E_fold1_seed20261004,N1-E,1,20261004,2,exact_joint_hurdle_nll,0.7018903965556372,3.9428869485855103,0.9798055291175842,0.9951429963111877,0.9951429963111877,2.963081121444702,1.040683453445251,0.02376125508719741
N1-E_fold1_seed20261004,N1-E,1,20261004,3,exact_joint_hurdle_nll,0.7018903965556372,3.8809584379196167,0.9517292678356171,0.9669747650623322,0.9669747650623322,2.929229259490967,1.0149018876201927,0.023212529923831347
N1-E_fold1_seed20261004,N1-E,1,20261004,4,exact_joint_hurdle_nll,0.7018903965556372,3.84005868434906,0.9249564409255981,0.9401214122772217,0.9401214122772217,2.915102005004883,0.9898231892235156,0.022414699261210896
N1-E_fold1_seed20261004,N1-E,1,20261004,5,exact_joint_hurdle_nll,0.7018903965556372,3.793801426887512,0.8990473747253418,0.9141268730163574,0.9141268730163574,2.894753932952881,0.9654068840145937,0.021482380277504196
N1-E_fold1_seed20261004,N1-E,1,20261004,6,exact_joint_hurdle_nll,0.7018903965556372,3.735682249069214,0.8732370138168335,0.8881925046443939,0.8881925046443939,2.8624454736709595,0.9415554126385013,0.019904604431956168
N1-E_fold1_seed20261004,N1-E,1,20261004,7,exact_joint_hurdle_nll,0.7018903965556372,3.7081700563430786,0.8486501574516296,0.8635174036026001,0.8635174036026001,2.859520196914673,0.9181198207759911,0.017807834964675338
N1-E_fold1_seed20261004,N1-E,1,20261004,8,exact_joint_hurdle_nll,0.7018903965556372,3.6691715717315674,0.8239974677562714,0.8388005793094635,0.8388005793094635,2.8451740741729736,0.8949464289971348,0.01588667495946887
N1-E_fold1_seed20261004,N1-E,1,20261004,9,exact_joint_hurdle_nll,0.7018903965556372,3.627221465110779,0.7996498048305511,0.8144132494926453,0.8144132494926453,2.827571749687195,0.8718836588691145,0.014240441318430507
N1-E_fold1_seed20261004,N1-E,1,20261004,10,exact_joint_hurdle_nll,0.7018903965556372,3.5979284048080444,0.775045782327652,0.7897450625896454,0.7897450625896454,2.8228824138641357,0.8487739790325726,0.013007439946486999
N1-E_fold1_seed20261004,N1-E,1,20261004,11,exact_joint_hurdle_nll,0.7018903965556372,3.551662802696228,0.7504829168319702,0.7650693356990814,0.7650693356990814,2.8011800050735474,0.8254514209247171,0.01211117047715052
N1-E_fold1_seed20261004,N1-E,1,20261004,12,exact_joint_hurdle_nll,0.7018903965556372,3.5138156414031982,0.7260333895683289,0.740540623664856,0.740540623664856,2.787782311439514,0.801714367549848,0.01163987191818899
N1-E_fold1_seed20261005,N1-E,1,20261005,1,exact_joint_hurdle_nll,0.7018903965556372,3.245753526687622,0.5069041848182678,0.521278589963913,0.521278589963913,2.73884916305542,0.5539795659410781,0.02709212706567636
N1-E_fold1_seed20261005,N1-E,1,20261005,2,exact_joint_hurdle_nll,0.7018903965556372,3.2134114503860474,0.4872213155031204,0.5014944970607758,0.5014944970607758,2.7261900901794434,0.5329951430690162,0.03514533111247317
N1-E_fold1_seed20261005,N1-E,1,20261005,3,exact_joint_hurdle_nll,0.7018903965556372,3.168027877807617,0.46853072941303253,0.4826984852552414,0.4826984852552414,2.6994974613189697,0.5133060412540659,0.04598387290104721
N1-E_fold1_seed20261005,N1-E,1,20261005,4,exact_joint_hurdle_nll,0.7018903965556372,3.1526981592178345,0.4507388323545456,0.4648471772670746,0.4648471772670746,2.7019591331481934,0.4951191674821367,0.05480679669846077
N1-E_fold1_seed20261005,N1-E,1,20261005,5,exact_joint_hurdle_nll,0.7018903965556372,3.108778476715088,0.4340071827173233,0.44805140793323517,0.44805140793323517,2.6747711896896362,0.47841585592660235,0.0592122399361919
N1-E_fold1_seed20261005,N1-E,1,20261005,6,exact_joint_hurdle_nll,0.7018903965556372,3.082486152648926,0.41797587275505066,0.4319649040699005,0.4319649040699005,2.6645103693008423,0.4629936628548651,0.06250411483497789
N1-E_fold1_seed20261005,N1-E,1,20261005,7,exact_joint_hurdle_nll,0.7018903965556372,3.058372378349304,0.40298260748386383,0.4168526977300644,0.4168526977300644,2.65539014339447,0.4486600945454885,0.06789293816859548
N1-E_fold1_seed20261005,N1-E,1,20261005,8,exact_joint_hurdle_nll,0.7018903965556372,3.049938440322876,0.3886859565973282,0.4025459736585617,0.4025459736585617,2.661252498626709,0.4352343214013862,0.07607028253172368
N1-E_fold1_seed20261005,N1-E,1,20261005,9,exact_joint_hurdle_nll,0.7018903965556372,3.011627435684204,0.3749367296695709,0.3887496888637543,0.3887496888637543,2.636690616607666,0.4225066695122808,0.08403408763006212
N1-E_fold1_seed20261005,N1-E,1,20261005,10,exact_joint_hurdle_nll,0.7018903965556372,2.9949311017990112,0.3618060350418091,0.37552399933338165,0.37552399933338165,2.6331249475479126,0.41025600902032633,0.09006979506756885
N1-E_fold1_seed20261005,N1-E,1,20261005,11,exact_joint_hurdle_nll,0.7018903965556372,2.9508944749832153,0.3493809401988983,0.36301277577877045,0.36301277577877045,2.6015135049819946,0.39826068410655135,0.09390586366968535
N1-E_fold1_seed20261005,N1-E,1,20261005,12,exact_joint_hurdle_nll,0.7018903965556372,2.932251453399658,0.33731140196323395,0.35087263584136963,0.35087263584136963,2.594939947128296,0.3863183288630671,0.09485766034955623
N1-E_fold1_seed20261006,N1-E,1,20261006,1,exact_joint_hurdle_nll,0.7018903965556372,3.444645404815674,0.5025046169757843,0.5177851319313049,0.5177851319313049,2.942140579223633,0.5002367399779375,0.010058807822287815
N1-E_fold1_seed20261006,N1-E,1,20261006,2,exact_joint_hurdle_nll,0.7018903965556372,3.4105716943740845,0.4828365594148636,0.4980546832084656,0.4980546832084656,2.927735209465027,0.4850493454999466,0.009827914165697001
N1-E_fold1_seed20261006,N1-E,1,20261006,3,exact_joint_hurdle_nll,0.7018903965556372,3.384573817253113,0.46455439925193787,0.4796329587697983,0.4796329587697983,2.920019507408142,0.47041276816833794,0.009707148705916399
N1-E_fold1_seed20261006,N1-E,1,20261006,4,exact_joint_hurdle_nll,0.7018903965556372,3.3641170263290405,0.44646286964416504,0.46148039400577545,0.46148039400577545,2.917654037475586,0.4558853365762958,0.009683466883937848
N1-E_fold1_seed20261006,N1-E,1,20261006,5,exact_joint_hurdle_nll,0.7018903965556372,3.299572706222534,0.429126039147377,0.4440139979124069,0.4440139979124069,2.870446801185608,0.44132903806371016,0.009701759278134959
N1-E_fold1_seed20261006,N1-E,1,20261006,6,exact_joint_hurdle_nll,0.7018903965556372,3.2540911436080933,0.4115001708269119,0.42628462612628937,0.42628462612628937,2.8425909280776978,0.42653002841041804,0.00980258045377292
N1-E_fold1_seed20261006,N1-E,1,20261006,7,exact_joint_hurdle_nll,0.7018903965556372,3.2194197177886963,0.3941008299589157,0.40879976749420166,0.40879976749420166,2.8253188133239746,0.4112624877733262,0.010106058373149535
N1-E_fold1_seed20261006,N1-E,1,20261006,8,exact_joint_hurdle_nll,0.7018903965556372,3.1819863319396973,0.3767580986022949,0.3913979083299637,0.3913979083299637,2.805228114128113,0.39548862077448216,0.010784187874865613
N1-E_fold1_seed20261006,N1-E,1,20261006,9,exact_joint_hurdle_nll,0.7018903965556372,3.1315654516220093,0.359327957034111,0.3738738000392914,0.3738738000392914,2.7722373008728027,0.3795143284496282,0.011928248661687391
N1-E_fold1_seed20261006,N1-E,1,20261006,10,exact_joint_hurdle_nll,0.7018903965556372,3.105058193206787,0.3426995724439621,0.3571271747350693,0.3571271747350693,2.7623586654663086,0.3642113680613594,0.01316552778534933
N1-E_fold1_seed20261006,N1-E,1,20261006,11,exact_joint_hurdle_nll,0.7018903965556372,3.0508999824523926,0.3266296833753586,0.3409423232078552,0.3409423232078552,2.724270224571228,0.35032749547837,0.01395275788938916
N1-E_fold1_seed20261006,N1-E,1,20261006,12,exact_joint_hurdle_nll,0.7018903965556372,3.038088083267212,0.31137821078300476,0.32562345266342163,0.32562345266342163,2.726710081100464,0.3379235511624341,0.014212293905480563
N1-E_fold2_seed20261002,N1-E,2,20261002,1,exact_joint_hurdle_nll,0.7018903965556372,4.483320077260335,1.0552661816279094,1.0852608283360798,1.0852608283360798,3.428054094314575,1.1299141669669248,0.010759665495753995
N1-E_fold2_seed20261002,N1-E,2,20261002,2,exact_joint_hurdle_nll,0.7018903965556372,4.368143399556478,0.9991986552874247,1.0287250677744548,1.0287250677744548,3.3689445654551187,1.0709336254115696,0.011064106214079215
N1-E_fold2_seed20261002,N1-E,2,20261002,3,exact_joint_hurdle_nll,0.7018903965556372,4.263559500376384,0.9468151529630026,0.9759081800778707,0.9759081800778707,3.3167441685994468,1.0161391997474711,0.011371259001058906
N1-E_fold2_seed20261002,N1-E,2,20261002,4,exact_joint_hurdle_nll,0.7018903965556372,4.179715712865193,0.8972886006037394,0.9260455171267191,0.9260455171267191,3.2824270725250244,0.9665889732043982,0.01164603033773867
N1-E_fold2_seed20261002,N1-E,2,20261002,5,exact_joint_hurdle_nll,0.7018903965556372,4.099481026331584,0.8528504967689514,0.8813080986340841,0.8813080986340841,3.2466306686401367,0.9233661865194596,0.011846931689916755
N1-E_fold2_seed20261002,N1-E,2,20261002,6,exact_joint_hurdle_nll,0.7018903965556372,4.0166895389556885,0.8137881358464559,0.8419216076532999,0.8419216076532999,3.202901522318522,0.8849523310067752,0.011961325517318577
N1-E_fold2_seed20261002,N1-E,2,20261002,7,exact_joint_hurdle_nll,0.7018903965556372,3.9634276231129966,0.778436541557312,0.8062970836957296,0.8062970836957296,3.184990962346395,0.849631860831866,0.011948863219339493
N1-E_fold2_seed20261002,N1-E,2,20261002,8,exact_joint_hurdle_nll,0.7018903965556372,3.8806301752726235,0.7449694275856018,0.7725165486335754,0.7725165486335754,3.135660409927368,0.8161598813532673,0.011862465304251635
N1-E_fold2_seed20261002,N1-E,2,20261002,9,exact_joint_hurdle_nll,0.7018903965556372,3.831667900085449,0.7130885521570841,0.7403986056645712,0.7403986056645712,3.1185792287190757,0.7834765630183119,0.011790659422561795
N1-E_fold2_seed20261002,N1-E,2,20261002,10,exact_joint_hurdle_nll,0.7018903965556372,3.7650259335835776,0.6816877921422323,0.7086554964383444,0.7086554964383444,3.0833380222320557,0.7510841377481748,0.011789592795831812
N1-E_fold2_seed20261002,N1-E,2,20261002,11,exact_joint_hurdle_nll,0.7018903965556372,3.685905377070109,0.6512301961580912,0.6779143611590067,0.6779143611590067,3.034675121307373,0.7190125004614071,0.011846152000791834
N1-E_fold2_seed20261002,N1-E,2,20261002,12,exact_joint_hurdle_nll,0.7018903965556372,3.611498753229777,0.6215226054191589,0.6478845675786337,0.6478845675786337,2.989976088205973,0.6871500755195589,0.011973792872037885
N1-E_fold2_seed20261003,N1-E,2,20261003,1,exact_joint_hurdle_nll,0.7018903965556372,3.3931287924448648,0.5843722820281982,0.608940601348877,0.608940601348877,2.8087565898895264,0.6014439731944441,0.03408636219291474
N1-E_fold2_seed20261003,N1-E,2,20261003,2,exact_joint_hurdle_nll,0.7018903965556372,3.3488338788350425,0.5453710158665975,0.5699173808097839,0.5699173808097839,2.8034626642862954,0.5677342232196243,0.025766420438248207
N1-E_fold2_seed20261003,N1-E,2,20261003,3,exact_joint_hurdle_nll,0.7018903965556372,3.322141170501709,0.5098881920178732,0.5344335834185282,0.5344335834185282,2.8122528394063315,0.5373446738977483,0.02125065657604768
N1-E_fold2_seed20261003,N1-E,2,20261003,4,exact_joint_hurdle_nll,0.7018903965556372,3.2814040978749595,0.47746143738428753,0.5020197828610738,0.5020197828610738,2.803942839304606,0.5094817919233496,0.019229870286877036
N1-E_fold2_seed20261003,N1-E,2,20261003,5,exact_joint_hurdle_nll,0.7018903965556372,3.2599900563557944,0.4481629927953084,0.4727928042411804,0.4727928042411804,2.8118268648783364,0.48332113433141954,0.01788715276282059
N1-E_fold2_seed20261003,N1-E,2,20261003,6,exact_joint_hurdle_nll,0.7018903965556372,3.2320991357167563,0.42161086201667786,0.4463566442330678,0.4463566442330678,2.8104883829752603,0.45878558454193186,0.017229160825208686
N1-E_fold2_seed20261003,N1-E,2,20261003,7,exact_joint_hurdle_nll,0.7018903965556372,3.2175614833831787,0.3970141013463338,0.4218482971191406,0.4218482971191406,2.820547421773275,0.43665386910094256,0.01699187861316362
N1-E_fold2_seed20261003,N1-E,2,20261003,8,exact_joint_hurdle_nll,0.7018903965556372,3.2031211058298745,0.3744429349899292,0.3993724187215169,0.3993724187215169,2.8286778132120767,0.4168759763152384,0.01656519202988595
N1-E_fold2_seed20261003,N1-E,2,20261003,9,exact_joint_hurdle_nll,0.7018903965556372,3.180614471435547,0.3536567986011505,0.3786817491054535,0.3786817491054535,2.826957861582438,0.39858745172899535,0.016047132930741895
N1-E_fold2_seed20261003,N1-E,2,20261003,10,exact_joint_hurdle_nll,0.7018903965556372,3.167296886444092,0.33417100707689923,0.359190970659256,0.359190970659256,2.833125670750936,0.38102353745656664,0.015485166980430065
N1-E_fold2_seed20261003,N1-E,2,20261003,11,exact_joint_hurdle_nll,0.7018903965556372,3.149667660395304,0.3152548372745514,0.34030139446258545,0.34030139446258545,2.8344129721323648,0.36368876653337595,0.015524867474441588
N1-E_fold2_seed20261003,N1-E,2,20261003,12,exact_joint_hurdle_nll,0.7018903965556372,3.130894343058268,0.2971240778764089,0.3221282958984375,0.3221282958984375,2.8337703545888266,0.3468586361656115,0.01655969790563692
N1-E_fold2_seed20261004,N1-E,2,20261004,1,exact_joint_hurdle_nll,0.7018903965556372,3.993405262629191,1.0140287280082703,1.0402668118476868,1.0402668118476868,2.9793766339619956,1.0243309236768636,0.047552343888259685
N1-E_fold2_seed20261004,N1-E,2,20261004,2,exact_joint_hurdle_nll,0.7018903965556372,3.916167974472046,0.9718528191248575,0.9978087743123373,0.9978087743123373,2.944314956665039,0.986011730590694,0.04773177265019715
N1-E_fold2_seed20261004,N1-E,2,20261004,3,exact_joint_hurdle_nll,0.7018903965556372,3.857375383377075,0.9337091644605001,0.959434986114502,0.959434986114502,2.92366631825765,0.9503558579839686,0.04911265136231032
N1-E_fold2_seed20261004,N1-E,2,20261004,4,exact_joint_hurdle_nll,0.7018903965556372,3.801502545674642,0.897098700205485,0.9226699670155843,0.9226699670155843,2.904404083887736,0.9158044263908213,0.05113238021842644
N1-E_fold2_seed20261004,N1-E,2,20261004,5,exact_joint_hurdle_nll,0.7018903965556372,3.73081644376119,0.8621666034062704,0.8874896963437399,0.8874896963437399,2.86864972114563,0.8818132729284588,0.051175135108914784
N1-E_fold2_seed20261004,N1-E,2,20261004,6,exact_joint_hurdle_nll,0.7018903965556372,3.6771002610524497,0.8279936909675598,0.8531065384546915,0.8531065384546915,2.849106709162394,0.8481258760482827,0.048500343589247215
N1-E_fold2_seed20261004,N1-E,2,20261004,7,exact_joint_hurdle_nll,0.7018903965556372,3.6241584618886313,0.7944044272104899,0.8192998369534811,0.8192998369534811,2.829754193623861,0.8146223133573943,0.04229911838646041
N1-E_fold2_seed20261004,N1-E,2,20261004,8,exact_joint_hurdle_nll,0.7018903965556372,3.573345343271891,0.7607701420783997,0.785465677579244,0.785465677579244,2.812575022379557,0.7811204601992094,0.0343927133595681
N1-E_fold2_seed20261004,N1-E,2,20261004,9,exact_joint_hurdle_nll,0.7018903965556372,3.513592084248861,0.7266357938448588,0.7511694431304932,0.7511694431304932,2.7869561513264975,0.7471626493315869,0.029048537929580797
N1-E_fold2_seed20261004,N1-E,2,20261004,10,exact_joint_hurdle_nll,0.7018903965556372,3.470876932144165,0.6913433869679769,0.7157670458157858,0.7157670458157858,2.779533863067627,0.7120067095648364,0.028593231465006943
N1-E_fold2_seed20261004,N1-E,2,20261004,11,exact_joint_hurdle_nll,0.7018903965556372,3.4075392882029214,0.6539766987164816,0.6781750718752543,0.6781750718752543,2.7535623709360757,0.6748707449903366,0.032327066414957105
N1-E_fold2_seed20261004,N1-E,2,20261004,12,exact_joint_hurdle_nll,0.7018903965556372,3.3525753815968833,0.6143573125203451,0.6384444435437521,0.6384444435437521,2.7382179896036782,0.6359447257905058,0.03838669766772742
N1-E_fold2_seed20261005,N1-E,2,20261005,1,exact_joint_hurdle_nll,0.7018903965556372,3.265017032623291,0.5083629290262858,0.532773494720459,0.532773494720459,2.7566538651784263,0.5459829730041377,0.05443304788010629
N1-E_fold2_seed20261005,N1-E,2,20261005,2,exact_joint_hurdle_nll,0.7018903965556372,3.2010942300160727,0.4788435399532318,0.5029846529165903,0.5029846529165903,2.7222503821055093,0.5190047111902112,0.06823871467591196
N1-E_fold2_seed20261005,N1-E,2,20261005,3,exact_joint_hurdle_nll,0.7018903965556372,3.1651498476664224,0.4534008800983429,0.4773723582426707,0.4773723582426707,2.7117486794789634,0.49581631225470835,0.0664885763259081
N1-E_fold2_seed20261005,N1-E,2,20261005,4,exact_joint_hurdle_nll,0.7018903965556372,3.12027907371521,0.4308575987815857,0.4546056091785431,0.4546056091785431,2.6894214153289795,0.4754208201806274,0.061929377552617834
N1-E_fold2_seed20261005,N1-E,2,20261005,5,exact_joint_hurdle_nll,0.7018903965556372,3.0788111686706543,0.40964949131011963,0.4332083563009898,0.4332083563009898,2.669161637624105,0.45658353545956054,0.06238025935821614
N1-E_fold2_seed20261005,N1-E,2,20261005,6,exact_joint_hurdle_nll,0.7018903965556372,3.0456345876057944,0.3902217149734497,0.4135555326938629,0.4135555326938629,2.6554128328959146,0.43870338055071456,0.06927833338068333
N1-E_fold2_seed20261005,N1-E,2,20261005,7,exact_joint_hurdle_nll,0.7018903965556372,3.014787038167318,0.3716683089733124,0.39488468567530316,0.39488468567530316,2.6431187788645425,0.4214238791283818,0.07760671801828063
N1-E_fold2_seed20261005,N1-E,2,20261005,8,exact_joint_hurdle_nll,0.7018903965556372,2.9668241341908774,0.35390325387318927,0.37694565455118817,0.37694565455118817,2.6129206816355386,0.40438527654224576,0.08218095363947114
N1-E_fold2_seed20261005,N1-E,2,20261005,9,exact_joint_hurdle_nll,0.7018903965556372,2.9369539419809976,0.33638080954551697,0.3592487871646881,0.3592487871646881,2.6005731423695884,0.38718960556243637,0.0810768781195682
N1-E_fold2_seed20261005,N1-E,2,20261005,10,exact_joint_hurdle_nll,0.7018903965556372,2.8931129773457847,0.3187178671360016,0.3414328396320343,0.3414328396320343,2.574395179748535,0.3696357600441262,0.0773603695556625
N1-E_fold2_seed20261005,N1-E,2,20261005,11,exact_joint_hurdle_nll,0.7018903965556372,2.8622729778289795,0.3010672926902771,0.32362375656763714,0.32362375656763714,2.561205784479777,0.35186228466164493,0.07537523686997889
N1-E_fold2_seed20261005,N1-E,2,20261005,12,exact_joint_hurdle_nll,0.7018903965556372,2.8176470597585044,0.28334587812423706,0.3056934674580892,0.3056934674580892,2.5343013604482016,0.3337950172646792,0.07588535014675515
N1-E_fold2_seed20261006,N1-E,2,20261006,1,exact_joint_hurdle_nll,0.7018903965556372,3.4141639868418374,0.48708770672480267,0.5126596689224243,0.5126596689224243,2.92707626024882,0.5201561850224925,0.010587218342152059
N1-E_fold2_seed20261006,N1-E,2,20261006,2,exact_joint_hurdle_nll,0.7018903965556372,3.3574277559916177,0.4608241816361745,0.4861234426498413,0.4861234426498413,2.8966034253438315,0.4941287932049513,0.010572523264075059
N1-E_fold2_seed20261006,N1-E,2,20261006,3,exact_joint_hurdle_nll,0.7018903965556372,3.306288798650106,0.43658597270647687,0.4616754651069641,0.4616754651069641,2.8697028954823813,0.4701639939064537,0.010674987340999463
N1-E_fold2_seed20261006,N1-E,2,20261006,4,exact_joint_hurdle_nll,0.7018903965556372,3.248915354410807,0.4129076600074768,0.43777450919151306,0.43777450919151306,2.8360074361165366,0.4473288820781884,0.010893452369115776
N1-E_fold2_seed20261006,N1-E,2,20261006,5,exact_joint_hurdle_nll,0.7018903965556372,3.2034987608591714,0.3889154891173045,0.4135531485080719,0.4135531485080719,2.8145833810170493,0.42495684285295693,0.011274818691881176
N1-E_fold2_seed20261006,N1-E,2,20261006,6,exact_joint_hurdle_nll,0.7018903965556372,3.1552871068318686,0.3646078209082286,0.3890274961789449,0.3890274961789449,2.790679613749186,0.40251790153856354,0.011974832127618806
N1-E_fold2_seed20261006,N1-E,2,20261006,7,exact_joint_hurdle_nll,0.7018903965556372,3.1091508865356445,0.34082698822021484,0.36510855952898663,0.36510855952898663,2.7683239777882895,0.3800597835269701,0.013185638888305488
N1-E_fold2_seed20261006,N1-E,2,20261006,8,exact_joint_hurdle_nll,0.7018903965556372,3.0601301987965903,0.3185832003752391,0.3426210979620616,0.3426210979620616,2.7415472666422525,0.3585022431014755,0.014489763210182065
N1-E_fold2_seed20261006,N1-E,2,20261006,9,exact_joint_hurdle_nll,0.7018903965556372,3.0215116341908774,0.2984225352605184,0.3223397632439931,0.3223397632439931,2.7230891386667886,0.3392183231903922,0.015266805486108285
N1-E_fold2_seed20261006,N1-E,2,20261006,10,exact_joint_hurdle_nll,0.7018903965556372,2.9786036809285483,0.27994322776794434,0.30375540256500244,0.30375540256500244,2.6986605326334634,0.32196196414342854,0.015361572087478452
N1-E_fold2_seed20261006,N1-E,2,20261006,11,exact_joint_hurdle_nll,0.7018903965556372,2.9494572480519614,0.2627004186312358,0.2864082952340444,0.2864082952340444,2.686756690343221,0.305768489871719,0.01497943340812632
N1-E_fold2_seed20261006,N1-E,2,20261006,12,exact_joint_hurdle_nll,0.7018903965556372,2.923577626546224,0.24597159524758658,0.269610196352005,0.269610196352005,2.6776062647501626,0.2900527976804574,0.014579381033836115
N1-E_fold3_seed20261002,N1-E,3,20261002,1,exact_joint_hurdle_nll,0.7018903965556372,4.479698538780212,1.0585855543613434,1.0967022478580475,1.0967022478580475,3.421113073825836,1.1509445706403354,0.009359291993118631
N1-E_fold3_seed20261002,N1-E,3,20261002,2,exact_joint_hurdle_nll,0.7018903965556372,4.340988397598267,0.984855592250824,1.0223242044448853,1.0223242044448853,3.3561328053474426,1.0748217424144513,0.009395138103715788
N1-E_fold3_seed20261002,N1-E,3,20261002,3,exact_joint_hurdle_nll,0.7018903965556372,4.2212302684783936,0.9175686985254288,0.9543628543615341,0.9543628543615341,3.303661584854126,1.0068783173392233,0.009418189052142822
N1-E_fold3_seed20261002,N1-E,3,20261002,4,exact_joint_hurdle_nll,0.7018903965556372,4.112571537494659,0.8585024923086166,0.8948405385017395,0.8948405385017395,3.254069149494171,0.9492812706358448,0.009399530741814445
N1-E_fold3_seed20261002,N1-E,3,20261002,5,exact_joint_hurdle_nll,0.7018903965556372,4.0169320702552795,0.8077978640794754,0.8435671329498291,0.8435671329498291,3.2091339826583862,0.8995586040904346,0.009342336262978637
N1-E_fold3_seed20261002,N1-E,3,20261002,6,exact_joint_hurdle_nll,0.7018903965556372,3.924668788909912,0.762441024184227,0.7977167367935181,0.7977167367935181,3.1622279286384583,0.8537608262311647,0.009269201710116274
N1-E_fold3_seed20261002,N1-E,3,20261002,7,exact_joint_hurdle_nll,0.7018903965556372,3.829702913761139,0.7195193916559219,0.7542066872119904,0.7542066872119904,3.110183537006378,0.809638174793635,0.009216999480699989
N1-E_fold3_seed20261002,N1-E,3,20261002,8,exact_joint_hurdle_nll,0.7018903965556372,3.741084098815918,0.6778882294893265,0.7120820581912994,0.7120820581912994,3.0631958842277527,0.765684241179318,0.009197063305322408
N1-E_fold3_seed20261002,N1-E,3,20261002,9,exact_joint_hurdle_nll,0.7018903965556372,3.6451377868652344,0.6365529894828796,0.670233279466629,0.670233279466629,3.00858473777771,0.720963768882151,0.009207575651749515
N1-E_fold3_seed20261002,N1-E,3,20261002,10,exact_joint_hurdle_nll,0.7018903965556372,3.5581365823745728,0.5956977158784866,0.6288309246301651,0.6288309246301651,2.9624387621879578,0.6750493388198228,0.009255721081766739
N1-E_fold3_seed20261002,N1-E,3,20261002,11,exact_joint_hurdle_nll,0.7018903965556372,3.4740235805511475,0.555411085486412,0.5880034267902374,0.5880034267902374,2.918612539768219,0.6295982318528732,0.009340686428108862
N1-E_fold3_seed20261002,N1-E,3,20261002,12,exact_joint_hurdle_nll,0.7018903965556372,3.3737218976020813,0.5180007144808769,0.5499295294284821,0.5499295294284821,2.855721175670624,0.5879060012074143,0.00935104357931194
N1-E_fold3_seed20261003,N1-E,3,20261003,1,exact_joint_hurdle_nll,0.7018903965556372,3.368068039417267,0.5763632506132126,0.6073696464300156,0.6073696464300156,2.7917046546936035,0.5621859110031296,0.04917498334016488
N1-E_fold3_seed20261003,N1-E,3,20261003,2,exact_joint_hurdle_nll,0.7018903965556372,3.319347083568573,0.5273538380861282,0.5583095252513885,0.5583095252513885,2.7919933795928955,0.5213047487371417,0.03718834479937108
N1-E_fold3_seed20261003,N1-E,3,20261003,3,exact_joint_hurdle_nll,0.7018903965556372,3.2716795802116394,0.4844105616211891,0.5153552144765854,0.5153552144765854,2.7872692346572876,0.48279106661460935,0.028124330277995394
N1-E_fold3_seed20261003,N1-E,3,20261003,4,exact_joint_hurdle_nll,0.7018903965556372,3.2353150248527527,0.4464614987373352,0.4774887263774872,0.4774887263774872,2.7888535261154175,0.44691932461066197,0.025810850683331867
N1-E_fold3_seed20261003,N1-E,3,20261003,5,exact_joint_hurdle_nll,0.7018903965556372,3.2060858011245728,0.41273948550224304,0.44389108568429947,0.44389108568429947,2.7933464646339417,0.4144850547422178,0.023636108475029706
N1-E_fold3_seed20261003,N1-E,3,20261003,6,exact_joint_hurdle_nll,0.7018903965556372,3.1768122911453247,0.3825080245733261,0.41374915838241577,0.41374915838241577,2.794304132461548,0.38637797798939494,0.022295680796789563
N1-E_fold3_seed20261003,N1-E,3,20261003,7,exact_joint_hurdle_nll,0.7018903965556372,3.164043962955475,0.3552948161959648,0.38664909452199936,0.38664909452199936,2.80874902009964,0.3609850543110255,0.02252149125341848
N1-E_fold3_seed20261003,N1-E,3,20261003,8,exact_joint_hurdle_nll,0.7018903965556372,3.1287503838539124,0.32998862862586975,0.3613756448030472,0.3613756448030472,2.7987619042396545,0.3371637402862976,0.02375775658548733
N1-E_fold3_seed20261003,N1-E,3,20261003,9,exact_joint_hurdle_nll,0.7018903965556372,3.1073172092437744,0.3057600408792496,0.3371591418981552,0.3371591418981552,2.8015570044517517,0.31469352073094664,0.0266683925029008
N1-E_fold3_seed20261003,N1-E,3,20261003,10,exact_joint_hurdle_nll,0.7018903965556372,3.08671635389328,0.282745324075222,0.3141513913869858,0.3141513913869858,2.803970694541931,0.2941526446629534,0.03130081940187731
N1-E_fold3_seed20261003,N1-E,3,20261003,11,exact_joint_hurdle_nll,0.7018903965556372,3.0583600401878357,0.26111187040805817,0.2923852205276489,0.2923852205276489,2.7972482442855835,0.27612339612814246,0.03427594885383029
N1-E_fold3_seed20261003,N1-E,3,20261003,12,exact_joint_hurdle_nll,0.7018903965556372,3.017908811569214,0.24143628776073456,0.2724803723394871,0.2724803723394871,2.776472330093384,0.2601401914936482,0.03420324968023707
N1-E_fold3_seed20261004,N1-E,3,20261004,1,exact_joint_hurdle_nll,0.7018903965556372,3.979905664920807,1.0034309774637222,1.0367376953363419,1.0367376953363419,2.976474642753601,0.9575924189771637,0.035295971528041654
N1-E_fold3_seed20261004,N1-E,3,20261004,2,exact_joint_hurdle_nll,0.7018903965556372,3.893489122390747,0.9500249922275543,0.9829488545656204,0.9829488545656204,2.9434641003608704,0.9089001790511415,0.03526322747653903
N1-E_fold3_seed20261004,N1-E,3,20261004,3,exact_joint_hurdle_nll,0.7018903965556372,3.8139623403549194,0.9017993211746216,0.9343070536851883,0.9343070536851883,2.9121631383895874,0.8644075209503068,0.035721097203293785
N1-E_fold3_seed20261004,N1-E,3,20261004,4,exact_joint_hurdle_nll,0.7018903965556372,3.7275862097740173,0.8563277572393417,0.8884991258382797,0.8884991258382797,2.8712584376335144,0.8216039160964973,0.03664167103469867
N1-E_fold3_seed20261004,N1-E,3,20261004,5,exact_joint_hurdle_nll,0.7018903965556372,3.6449300050735474,0.8118230849504471,0.8436130434274673,0.8436130434274673,2.833106815814972,0.7790278204608254,0.03712288157501634
N1-E_fold3_seed20261004,N1-E,3,20261004,6,exact_joint_hurdle_nll,0.7018903965556372,3.576558232307434,0.768161803483963,0.7996217459440231,0.7996217459440231,2.8083963990211487,0.7358081215897128,0.03795064877684398
N1-E_fold3_seed20261004,N1-E,3,20261004,7,exact_joint_hurdle_nll,0.7018903965556372,3.5102524757385254,0.723178967833519,0.7543545961380005,0.7543545961380005,2.7870734333992004,0.6914540353985821,0.04200376267566355
N1-E_fold3_seed20261004,N1-E,3,20261004,8,exact_joint_hurdle_nll,0.7018903965556372,3.434206247329712,0.6758214682340622,0.7066916674375534,0.7066916674375534,2.7583848237991333,0.6451393967564715,0.05326808285845032
N1-E_fold3_seed20261004,N1-E,3,20261004,9,exact_joint_hurdle_nll,0.7018903965556372,3.3691447377204895,0.6245687901973724,0.6552373915910721,0.6552373915910721,2.7445759177207947,0.5978744523279818,0.056481810503615726
N1-E_fold3_seed20261004,N1-E,3,20261004,10,exact_joint_hurdle_nll,0.7018903965556372,3.29038405418396,0.570629209280014,0.6010594367980957,0.6010594367980957,2.719754993915558,0.5537289115721443,0.04173775630717883
N1-E_fold3_seed20261004,N1-E,3,20261004,11,exact_joint_hurdle_nll,0.7018903965556372,3.237459421157837,0.5188824981451035,0.5492012649774551,0.5492012649774551,2.7185769081115723,0.5155474606193489,0.014695868271571292
N1-E_fold3_seed20261004,N1-E,3,20261004,12,exact_joint_hurdle_nll,0.7018903965556372,3.194805383682251,0.4728597030043602,0.5032259672880173,0.5032259672880173,2.7219457030296326,0.4787550041076371,0.010007576252867514
N1-E_fold3_seed20261005,N1-E,3,20261005,1,exact_joint_hurdle_nll,0.7018903965556372,3.269646167755127,0.5054445117712021,0.5365502089262009,0.5365502089262009,2.7642014622688293,0.5221799627892767,0.02386190111347094
N1-E_fold3_seed20261005,N1-E,3,20261005,2,exact_joint_hurdle_nll,0.7018903965556372,3.196524202823639,0.4687138721346855,0.49938976019620895,0.49938976019620895,2.7278104424476624,0.48848410991026253,0.02629026031617772
N1-E_fold3_seed20261005,N1-E,3,20261005,3,exact_joint_hurdle_nll,0.7018903965556372,3.1408824920654297,0.4388921484351158,0.469247505068779,0.469247505068779,2.7019903659820557,0.46012520380628114,0.02809540981362284
N1-E_fold3_seed20261005,N1-E,3,20261005,4,exact_joint_hurdle_nll,0.7018903965556372,3.0825560688972473,0.4124712273478508,0.44245437532663345,0.44245437532663345,2.670084774494171,0.43411423593074594,0.031112027994116016
N1-E_fold3_seed20261005,N1-E,3,20261005,5,exact_joint_hurdle_nll,0.7018903965556372,3.0367481112480164,0.38775455951690674,0.41742993146181107,0.41742993146181107,2.6489936113357544,0.40905492392084397,0.03625245431058047
N1-E_fold3_seed20261005,N1-E,3,20261005,6,exact_joint_hurdle_nll,0.7018903965556372,2.982094645500183,0.36423803865909576,0.39361122250556946,0.39361122250556946,2.617856442928314,0.3845001515446993,0.042214184711496766
N1-E_fold3_seed20261005,N1-E,3,20261005,7,exact_joint_hurdle_nll,0.7018903965556372,2.944726288318634,0.3412114754319191,0.3703627735376358,0.3703627735376358,2.6035147309303284,0.3601772290258555,0.04543255613809789
N1-E_fold3_seed20261005,N1-E,3,20261005,8,exact_joint_hurdle_nll,0.7018903965556372,2.8956024050712585,0.31797876954078674,0.3467956781387329,0.3467956781387329,2.577623665332794,0.3358218484563834,0.048380952228240126
N1-E_fold3_seed20261005,N1-E,3,20261005,9,exact_joint_hurdle_nll,0.7018903965556372,2.8479788303375244,0.294561967253685,0.3230775222182274,0.3230775222182274,2.5534170269966125,0.3117726946517679,0.05506993818078528
N1-E_fold3_seed20261005,N1-E,3,20261005,10,exact_joint_hurdle_nll,0.7018903965556372,2.7942190170288086,0.2711854428052902,0.2994307056069374,0.2994307056069374,2.5230334401130676,0.2886770849859622,0.06502668503881452
N1-E_fold3_seed20261005,N1-E,3,20261005,11,exact_joint_hurdle_nll,0.7018903965556372,2.746224284172058,0.24847900494933128,0.27646931260824203,0.27646931260824203,2.497745096683502,0.26691792018261573,0.07027604486418139
N1-E_fold3_seed20261005,N1-E,3,20261005,12,exact_joint_hurdle_nll,0.7018903965556372,2.710657298564911,0.22802454605698586,0.2558208741247654,0.2558208741247654,2.482632577419281,0.24661482307631502,0.07236503711400367
N1-E_fold3_seed20261006,N1-E,3,20261006,1,exact_joint_hurdle_nll,0.7018903965556372,3.405838131904602,0.4825126379728317,0.5150674134492874,0.5150674134492874,2.923325479030609,0.5051463646500476,0.010367507830069688
N1-E_fold3_seed20261006,N1-E,3,20261006,2,exact_joint_hurdle_nll,0.7018903965556372,3.3334051370620728,0.4483666718006134,0.4804629683494568,0.4804629683494568,2.885038375854492,0.4698763329901555,0.010884781598638583
N1-E_fold3_seed20261006,N1-E,3,20261006,3,exact_joint_hurdle_nll,0.7018903965556372,3.260579824447632,0.41706451773643494,0.4487622603774071,0.4487622603774071,2.843515455722809,0.43834601185663485,0.011533317699230912
N1-E_fold3_seed20261006,N1-E,3,20261006,4,exact_joint_hurdle_nll,0.7018903965556372,3.199065327644348,0.3863433748483658,0.41769684106111526,0.41769684106111526,2.8127219676971436,0.4092816951966616,0.01206516924356913
N1-E_fold3_seed20261006,N1-E,3,20261006,5,exact_joint_hurdle_nll,0.7018903965556372,3.130463480949402,0.355356365442276,0.38636501133441925,0.38636501133441925,2.775106906890869,0.38105423459810756,0.012569033918293688
N1-E_fold3_seed20261006,N1-E,3,20261006,6,exact_joint_hurdle_nll,0.7018903965556372,3.0733659267425537,0.3257070779800415,0.35641714930534363,0.35641714930534363,2.7476590275764465,0.3530666727723944,0.01280524790554147
N1-E_fold3_seed20261006,N1-E,3,20261006,7,exact_joint_hurdle_nll,0.7018903965556372,3.0132166147232056,0.29912836849689484,0.3295314460992813,0.3295314460992813,2.7140884399414062,0.3264786659586957,0.012326803873194668
N1-E_fold3_seed20261006,N1-E,3,20261006,8,exact_joint_hurdle_nll,0.7018903965556372,2.9772512316703796,0.2756047621369362,0.30584143847227097,0.30584143847227097,2.701646387577057,0.30185611112326116,0.011934458091795141
N1-E_fold3_seed20261006,N1-E,3,20261006,9,exact_joint_hurdle_nll,0.7018903965556372,2.938931405544281,0.25364093482494354,0.28380037099123,0.28380037099123,2.685290217399597,0.2790626761094793,0.011832511123936237
N1-E_fold3_seed20261006,N1-E,3,20261006,10,exact_joint_hurdle_nll,0.7018903965556372,2.9178022146224976,0.2323225773870945,0.26237083971500397,0.26237083971500397,2.6854795813560486,0.25778388267394475,0.011573766376210881
N1-E_fold3_seed20261006,N1-E,3,20261006,11,exact_joint_hurdle_nll,0.7018903965556372,2.888840436935425,0.2115444839000702,0.24153197556734085,0.24153197556734085,2.6772961020469666,0.23801086425173318,0.011127560449282233
N1-E_fold3_seed20261006,N1-E,3,20261006,12,exact_joint_hurdle_nll,0.7018903965556372,2.846510887145996,0.19195792451500893,0.22178282588720322,0.22178282588720322,2.6545528173446655,0.21969071104594426,0.011054535837274717
N1-E_fold4_seed20261002,N1-E,4,20261002,1,exact_joint_hurdle_nll,0.7018903965556372,4.111185121536255,1.0722473382949829,1.10785813331604,1.10785813331604,3.0389378547668455,1.0667846830249295,0.017911606361562925
N1-E_fold4_seed20261002,N1-E,4,20261002,2,exact_joint_hurdle_nll,0.7018903965556372,3.950177240371704,0.9815434813499451,1.0164358973503114,1.0164358973503114,2.9686338186264036,0.9747108652631882,0.018449635074427387
N1-E_fold4_seed20261002,N1-E,4,20261002,3,exact_joint_hurdle_nll,0.7018903965556372,3.821316432952881,0.9022661566734314,0.9365393400192261,0.9365393400192261,2.919050407409668,0.8983755884374597,0.018584389129993918
N1-E_fold4_seed20261002,N1-E,4,20261002,4,exact_joint_hurdle_nll,0.7018903965556372,3.7111292839050294,0.8353146910667419,0.8691049098968506,0.8691049098968506,2.8758147716522218,0.8347284511606584,0.01825675113351034
N1-E_fold4_seed20261002,N1-E,4,20261002,5,exact_joint_hurdle_nll,0.7018903965556372,3.6065507888793946,0.7762507677078248,0.8095609664916992,0.8095609664916992,2.830299997329712,0.7774253211975108,0.01763180241810892
N1-E_fold4_seed20261002,N1-E,4,20261002,6,exact_joint_hurdle_nll,0.7018903965556372,3.4963110446929933,0.7201175928115845,0.7528570055961609,0.7528570055961609,2.776193642616272,0.7234762373560393,0.01716719449460316
N1-E_fold4_seed20261002,N1-E,4,20261002,7,exact_joint_hurdle_nll,0.7018903965556372,3.3999597072601317,0.6654352426528931,0.6976444840431213,0.6976444840431213,2.7345242738723754,0.6734651417977928,0.01695648140021121
N1-E_fold4_seed20261002,N1-E,4,20261002,8,exact_joint_hurdle_nll,0.7018903965556372,3.294566249847412,0.6139894843101501,0.6456743717193604,0.6456743717193604,2.6805768251419066,0.6263109469564716,0.01724822403927601
N1-E_fold4_seed20261002,N1-E,4,20261002,9,exact_joint_hurdle_nll,0.7018903965556372,3.1935598373413088,0.5644688844680786,0.5955818176269532,0.5955818176269532,2.629090929031372,0.5800762654860155,0.018435419519899462
N1-E_fold4_seed20261002,N1-E,4,20261002,10,exact_joint_hurdle_nll,0.7018903965556372,3.0932383298873902,0.5190354883670807,0.5495131850242615,0.5495131850242615,2.574202871322632,0.5385793951946541,0.0189559445398833
N1-E_fold4_seed20261002,N1-E,4,20261002,11,exact_joint_hurdle_nll,0.7018903965556372,3.0056440353393556,0.48056680560112,0.5104817152023315,0.5104817152023315,2.525077486038208,0.5041374333173455,0.01838810606940319
N1-E_fold4_seed20261002,N1-E,4,20261002,12,exact_joint_hurdle_nll,0.7018903965556372,2.9347903728485107,0.4483160674571991,0.4778917670249939,0.4778917670249939,2.4864741563796997,0.4759698551732408,0.018085141238168845
N1-E_fold4_seed20261003,N1-E,4,20261003,1,exact_joint_hurdle_nll,0.7018903965556372,3.089061069488525,0.5688934206962586,0.5985852718353272,0.5985852718353272,2.520167517662048,0.6004138327245025,0.03087522264686193
N1-E_fold4_seed20261003,N1-E,4,20261003,2,exact_joint_hurdle_nll,0.7018903965556372,3.0314244270324706,0.5111564338207245,0.5408056497573852,0.5408056497573852,2.5202680587768556,0.548264435528534,0.023885991116816517
N1-E_fold4_seed20261003,N1-E,4,20261003,3,exact_joint_hurdle_nll,0.7018903965556372,2.9769397974014282,0.46146597266197203,0.4911791324615479,0.4911791324615479,2.5154739379882813,0.5026386470035106,0.02198998614294715
N1-E_fold4_seed20261003,N1-E,4,20261003,4,exact_joint_hurdle_nll,0.7018903965556372,2.942006325721741,0.4183075249195099,0.4481130063533783,0.4481130063533783,2.5236986875534058,0.4636747601517889,0.020643082159207148
N1-E_fold4_seed20261003,N1-E,4,20261003,5,exact_joint_hurdle_nll,0.7018903965556372,2.9079437255859375,0.3807102859020233,0.41059450507164,0.41059450507164,2.5272332668304442,0.4306186059231439,0.02015616379990293
N1-E_fold4_seed20261003,N1-E,4,20261003,6,exact_joint_hurdle_nll,0.7018903965556372,2.879007601737976,0.3471492528915405,0.37717210650444033,0.37717210650444033,2.5318583965301515,0.40010652280706016,0.02073346720668755
N1-E_fold4_seed20261003,N1-E,4,20261003,7,exact_joint_hurdle_nll,0.7018903965556372,2.8469799518585206,0.3157439351081848,0.34585562348365784,0.34585562348365784,2.531236100196838,0.3679886325873509,0.022221132203912287
N1-E_fold4_seed20261003,N1-E,4,20261003,8,exact_joint_hurdle_nll,0.7018903965556372,2.8224349498748778,0.2860636591911316,0.3161998808383942,0.3161998808383942,2.5363713264465333,0.33557724005656986,0.02546746827949737
N1-E_fold4_seed20261003,N1-E,4,20261003,9,exact_joint_hurdle_nll,0.7018903965556372,2.7912577390670776,0.25842355489730834,0.2885301411151886,0.2885301411151886,2.532834053039551,0.307881826063734,0.031700860391439586
N1-E_fold4_seed20261003,N1-E,4,20261003,10,exact_joint_hurdle_nll,0.7018903965556372,2.763658547401428,0.233939728140831,0.26388926804065704,0.26388926804065704,2.529718804359436,0.28611580631598643,0.038904157239612415
N1-E_fold4_seed20261003,N1-E,4,20261003,11,exact_joint_hurdle_nll,0.7018903965556372,2.7283222913742065,0.2135452389717102,0.2432607442140579,0.2432607442140579,2.5147770166397097,0.2693781450766259,0.04392025721602024
N1-E_fold4_seed20261003,N1-E,4,20261003,12,exact_joint_hurdle_nll,0.7018903965556372,2.695176029205322,0.19671266078948973,0.22622674703598022,0.22622674703598022,2.498463273048401,0.2561134131366631,0.04556812717493038
N1-E_fold4_seed20261004,N1-E,4,20261004,1,exact_joint_hurdle_nll,0.7018903965556372,3.657690191268921,0.9898469805717468,1.021375298500061,1.021375298500061,2.667843246459961,0.9891884386381804,0.0318977791784614
N1-E_fold4_seed20261004,N1-E,4,20261004,2,exact_joint_hurdle_nll,0.7018903965556372,3.5608773708343504,0.9254011631011962,0.956608235836029,0.956608235836029,2.6354762077331544,0.9299226144275428,0.0289398465498472
N1-E_fold4_seed20261004,N1-E,4,20261004,3,exact_joint_hurdle_nll,0.7018903965556372,3.4641061305999754,0.8678096890449524,0.8985820531845092,0.8985820531845092,2.596296548843384,0.8740840612929689,0.028093270870301744
N1-E_fold4_seed20261004,N1-E,4,20261004,4,exact_joint_hurdle_nll,0.7018903965556372,3.387835073471069,0.8125985622406006,0.8430708885192871,0.8430708885192871,2.5752365589141846,0.8186699168249061,0.029058038502267035
N1-E_fold4_seed20261004,N1-E,4,20261004,5,exact_joint_hurdle_nll,0.7018903965556372,3.3072556018829347,0.7576087832450866,0.7877339959144593,0.7877339959144593,2.549646759033203,0.762452486800226,0.03195946811938349
N1-E_fold4_seed20261004,N1-E,4,20261004,6,exact_joint_hurdle_nll,0.7018903965556372,3.211707830429077,0.7012198209762573,0.7310248255729676,0.7310248255729676,2.51048800945282,0.7051594193844015,0.03777499355213641
N1-E_fold4_seed20261004,N1-E,4,20261004,7,exact_joint_hurdle_nll,0.7018903965556372,3.133190631866455,0.6413718938827515,0.670913827419281,0.670913827419281,2.4918186902999877,0.6469062965332905,0.04688068985131932
N1-E_fold4_seed20261004,N1-E,4,20261004,8,exact_joint_hurdle_nll,0.7018903965556372,3.0477481365203856,0.578932785987854,0.6082604169845581,0.6082604169845581,2.468815326690674,0.5884808117283898,0.04811049636238143
N1-E_fold4_seed20261004,N1-E,4,20261004,9,exact_joint_hurdle_nll,0.7018903965556372,2.983982706069946,0.5196244359016419,0.5488140463829041,0.5488140463829041,2.464358162879944,0.5391856359353768,0.02868868897263258
N1-E_fold4_seed20261004,N1-E,4,20261004,10,exact_joint_hurdle_nll,0.7018903965556372,2.9300891876220705,0.4676527202129364,0.49690274000167844,0.49690274000167844,2.462436556816101,0.4960116692420693,0.01802685952533325
N1-E_fold4_seed20261004,N1-E,4,20261004,11,exact_joint_hurdle_nll,0.7018903965556372,2.891006875038147,0.4205660343170166,0.44982088804244996,0.44982088804244996,2.470440912246704,0.4522076335825095,0.016902475997965755
N1-E_fold4_seed20261004,N1-E,4,20261004,12,exact_joint_hurdle_nll,0.7018903965556372,2.820668888092041,0.37470359206199644,0.4037812054157257,0.4037812054157257,2.4459654092788696,0.4094409085436657,0.01688050320867053
N1-E_fold4_seed20261005,N1-E,4,20261005,1,exact_joint_hurdle_nll,0.7018903965556372,3.000827169418335,0.5043719291687012,0.5341179728507995,0.5341179728507995,2.49645516872406,0.5321472878641018,0.04198055141810294
N1-E_fold4_seed20261005,N1-E,4,20261005,2,exact_joint_hurdle_nll,0.7018903965556372,2.9273432970046995,0.46092739701271057,0.49028319120407104,0.49028319120407104,2.4664158821105957,0.48937521045159293,0.05611685770921994
N1-E_fold4_seed20261005,N1-E,4,20261005,3,exact_joint_hurdle_nll,0.7018903965556372,2.8672223806381227,0.4263336777687073,0.4553763628005981,0.4553763628005981,2.4408886671066283,0.4542748807044773,0.06527967543107238
N1-E_fold4_seed20261005,N1-E,4,20261005,4,exact_joint_hurdle_nll,0.7018903965556372,2.8044245719909666,0.39499462246894834,0.42370992302894595,0.42370992302894595,2.4094300270080566,0.4222372592023939,0.07284563983497451
N1-E_fold4_seed20261005,N1-E,4,20261005,5,exact_joint_hurdle_nll,0.7018903965556372,2.756648635864258,0.3653044641017914,0.39377639889717103,0.39377639889717103,2.3913442134857177,0.39263269216326696,0.07241248014391492
N1-E_fold4_seed20261005,N1-E,4,20261005,6,exact_joint_hurdle_nll,0.7018903965556372,2.712680459022522,0.33592164516448975,0.36417790651321413,0.36417790651321413,2.376758909225464,0.3653624955590116,0.07293955291878912
N1-E_fold4_seed20261005,N1-E,4,20261005,7,exact_joint_hurdle_nll,0.7018903965556372,2.6545981884002687,0.3064191102981567,0.3343946814537048,0.3343946814537048,2.348179078102112,0.34028931789362227,0.07753442976448054
N1-E_fold4_seed20261005,N1-E,4,20261005,8,exact_joint_hurdle_nll,0.7018903965556372,2.6003491640090943,0.27710752487182616,0.30480618476867677,0.30480618476867677,2.3232415437698366,0.31759395267349094,0.08578935225289233
N1-E_fold4_seed20261005,N1-E,4,20261005,9,exact_joint_hurdle_nll,0.7018903965556372,2.5531840562820434,0.24895946085453033,0.27647539377212527,0.27647539377212527,2.3042245864868165,0.2964921382744713,0.09640041599234449
N1-E_fold4_seed20261005,N1-E,4,20261005,10,exact_joint_hurdle_nll,0.7018903965556372,2.5076871871948243,0.22344914078712463,0.2507658004760742,0.2507658004760742,2.2842379093170164,0.2776414066061291,0.10510456873044961
N1-E_fold4_seed20261005,N1-E,4,20261005,11,exact_joint_hurdle_nll,0.7018903965556372,2.4808034658432008,0.20168042480945586,0.22890584468841552,0.22890584468841552,2.2791231155395506,0.2606852062816995,0.11082893570956627
N1-E_fold4_seed20261005,N1-E,4,20261005,12,exact_joint_hurdle_nll,0.7018903965556372,2.4504892826080322,0.18218437433242798,0.2093278646469116,0.2093278646469116,2.268304872512817,0.24418725455080587,0.11727746474573206
N1-E_fold4_seed20261006,N1-E,4,20261006,1,exact_joint_hurdle_nll,0.7018903965556372,3.110078001022339,0.4825521171092987,0.5135111093521119,0.5135111093521119,2.6275259017944337,0.5272241644958355,0.018479573988573493
N1-E_fold4_seed20261006,N1-E,4,20261006,2,exact_joint_hurdle_nll,0.7018903965556372,3.0332682847976686,0.4403542518615723,0.47085484862327576,0.47085484862327576,2.5929140567779543,0.48560495484808835,0.019893895960147647
N1-E_fold4_seed20261006,N1-E,4,20261006,3,exact_joint_hurdle_nll,0.7018903965556372,2.957744026184082,0.40225535035133364,0.4323910176753998,0.4323910176753998,2.555488657951355,0.4486170096749565,0.0208306681277577
N1-E_fold4_seed20261006,N1-E,4,20261006,4,exact_joint_hurdle_nll,0.7018903965556372,2.8916378736495973,0.365474009513855,0.3952848970890045,0.3952848970890045,2.5261637449264525,0.4151591898061563,0.021164878745530344
N1-E_fold4_seed20261006,N1-E,4,20261006,5,exact_joint_hurdle_nll,0.7018903965556372,2.8212805509567263,0.32953731417655946,0.35904722213745116,0.35904722213745116,2.4917431831359864,0.3834403843993938,0.020808170369355495
N1-E_fold4_seed20261006,N1-E,4,20261006,6,exact_joint_hurdle_nll,0.7018903965556372,2.760072708129883,0.2968918740749359,0.32613109350204467,0.32613109350204467,2.4631808757781983,0.35347431961133685,0.020266520812893495
N1-E_fold4_seed20261006,N1-E,4,20261006,7,exact_joint_hurdle_nll,0.7018903965556372,2.716852307319641,0.2682133376598358,0.29731695652008056,0.29731695652008056,2.448638892173767,0.32561567093443844,0.01985260618425427
N1-E_fold4_seed20261006,N1-E,4,20261006,8,exact_joint_hurdle_nll,0.7018903965556372,2.6812652111053468,0.24138417541980745,0.2704018145799637,0.2704018145799637,2.439880919456482,0.3000010269389443,0.019550823170437805
N1-E_fold4_seed20261006,N1-E,4,20261006,9,exact_joint_hurdle_nll,0.7018903965556372,2.654453444480896,0.2160214215517044,0.24500986635684968,0.24500986635684968,2.4384320735931397,0.27653695203600975,0.018613457858012064
N1-E_fold4_seed20261006,N1-E,4,20261006,10,exact_joint_hurdle_nll,0.7018903965556372,2.6253182649612428,0.1922479212284088,0.2211919218301773,0.2211919218301773,2.4330703735351564,0.255578467267797,0.0183055169271178
N1-E_fold4_seed20261006,N1-E,4,20261006,11,exact_joint_hurdle_nll,0.7018903965556372,2.586387848854065,0.17202928364276887,0.20076829195022583,0.20076829195022583,2.414358353614807,0.23863619750792034,0.01929955926122391
N1-E_fold4_seed20261006,N1-E,4,20261006,12,exact_joint_hurdle_nll,0.7018903965556372,2.559355282783508,0.15672071576118468,0.18530213236808776,0.18530213236808776,2.402634835243225,0.2261277438695795,0.020613381848998115
N2-R_fold1_seed20261002,N2-R,1,20261002,1,exact_joint_hurdle_nll,0.7018903965556372,4.53034234046936,1.0960116982460022,1.1138029098510742,1.1138029098510742,3.4343308210372925,1.0267657142828106,0.012396645933775575
N2-R_fold1_seed20261002,N2-R,1,20261002,2,exact_joint_hurdle_nll,0.7018903965556372,4.43864369392395,1.0562773048877716,1.073898196220398,1.073898196220398,3.382366180419922,0.9908575960852692,0.012818769260849832
N2-R_fold1_seed20261002,N2-R,1,20261002,3,exact_joint_hurdle_nll,0.7018903965556372,4.391991138458252,1.0181246101856232,1.0355513989925385,1.0355513989925385,3.3738659620285034,0.9559987008456167,0.013222876242934537
N2-R_fold1_seed20261002,N2-R,1,20261002,4,exact_joint_hurdle_nll,0.7018903965556372,4.312081813812256,0.9800437986850739,0.9973544478416443,0.9973544478416443,3.3320380449295044,0.9223559638160548,0.0136126878475317
N2-R_fold1_seed20261002,N2-R,1,20261002,5,exact_joint_hurdle_nll,0.7018903965556372,4.255388259887695,0.943403571844101,0.9605550467967987,0.9605550467967987,3.311984419822693,0.8908623887504143,0.013902366270327843
N2-R_fold1_seed20261002,N2-R,1,20261002,6,exact_joint_hurdle_nll,0.7018903965556372,4.1814985275268555,0.9087231755256653,0.9257439970970154,0.9257439970970154,3.2727755308151245,0.8620522969660492,0.014168907229579523
N2-R_fold1_seed20261002,N2-R,1,20261002,7,exact_joint_hurdle_nll,0.7018903965556372,4.1314966678619385,0.8767417371273041,0.8935965299606323,0.8935965299606323,3.254755139350891,0.8357526566119845,0.01444551259082974
N2-R_fold1_seed20261002,N2-R,1,20261002,8,exact_joint_hurdle_nll,0.7018903965556372,4.092342376708984,0.8476850688457489,0.8644587695598602,0.8644587695598602,3.2446573972702026,0.8113694113792884,0.014755447027020306
N2-R_fold1_seed20261002,N2-R,1,20261002,9,exact_joint_hurdle_nll,0.7018903965556372,4.04133927822113,0.8205952942371368,0.8371889293193817,0.8371889293193817,3.2207441329956055,0.7883187304865157,0.01515653907210903
N2-R_fold1_seed20261002,N2-R,1,20261002,10,exact_joint_hurdle_nll,0.7018903965556372,3.9967108964920044,0.7948342263698578,0.8113157749176025,0.8113157749176025,3.201876640319824,0.7662011469411851,0.0154362595022145
N2-R_fold1_seed20261002,N2-R,1,20261002,11,exact_joint_hurdle_nll,0.7018903965556372,3.921609401702881,0.7704466283321381,0.7867723107337952,0.7867723107337952,3.15116286277771,0.7447120145120122,0.014593215569111643
N2-R_fold1_seed20261002,N2-R,1,20261002,12,exact_joint_hurdle_nll,0.7018903965556372,3.8827487230300903,0.7464064955711365,0.7626048922538757,0.7626048922538757,3.1363422870635986,0.7235984635668845,0.014093806889393507
N2-R_fold1_seed20261003,N2-R,1,20261003,1,exact_joint_hurdle_nll,0.7018903965556372,3.415395736694336,0.5812979936599731,0.5961800813674927,0.5961800813674927,2.8340975046157837,0.6332385856419313,0.024135911037786846
N2-R_fold1_seed20261003,N2-R,1,20261003,2,exact_joint_hurdle_nll,0.7018903965556372,3.385915994644165,0.556062787771225,0.5709330141544342,0.5709330141544342,2.829852819442749,0.6051054654543727,0.018689611178051332
N2-R_fold1_seed20261003,N2-R,1,20261003,3,exact_joint_hurdle_nll,0.7018903965556372,3.361453652381897,0.5317420959472656,0.546623706817627,0.546623706817627,2.8297119140625,0.5792336335276558,0.01581332920747993
N2-R_fold1_seed20261003,N2-R,1,20261003,4,exact_joint_hurdle_nll,0.7018903965556372,3.346073627471924,0.5082530379295349,0.523158997297287,0.523158997297287,2.8378207683563232,0.555456395206716,0.014022331291310034
N2-R_fold1_seed20261003,N2-R,1,20261003,5,exact_joint_hurdle_nll,0.7018903965556372,3.3184070587158203,0.4862041473388672,0.5010862052440643,0.5010862052440643,2.8322030305862427,0.5334651341720145,0.012657773471575935
N2-R_fold1_seed20261003,N2-R,1,20261003,6,exact_joint_hurdle_nll,0.7018903965556372,3.2912241220474243,0.46596352756023407,0.4808495491743088,0.4808495491743088,2.8252604007720947,0.5128299408671463,0.011732748399817448
N2-R_fold1_seed20261003,N2-R,1,20261003,7,exact_joint_hurdle_nll,0.7018903965556372,3.2877185344696045,0.4472965896129608,0.462182953953743,0.462182953953743,2.8404219150543213,0.4931116746483487,0.011119525668723826
N2-R_fold1_seed20261003,N2-R,1,20261003,8,exact_joint_hurdle_nll,0.7018903965556372,3.262090802192688,0.42996129393577576,0.44485820829868317,0.44485820829868317,2.8321292400360107,0.47401798073319823,0.010690876585595076
N2-R_fold1_seed20261003,N2-R,1,20261003,9,exact_joint_hurdle_nll,0.7018903965556372,3.257048726081848,0.4133089482784271,0.4281589239835739,0.4281589239835739,2.843739628791809,0.45549304750339253,0.010381938318418207
N2-R_fold1_seed20261003,N2-R,1,20261003,10,exact_joint_hurdle_nll,0.7018903965556372,3.2290135622024536,0.39761048555374146,0.4124913066625595,0.4124913066625595,2.831402897834778,0.4376363228145932,0.010191052692685804
N2-R_fold1_seed20261003,N2-R,1,20261003,11,exact_joint_hurdle_nll,0.7018903965556372,3.1922675371170044,0.3825661987066269,0.3973858654499054,0.3973858654499054,2.809701681137085,0.42067030820038653,0.010129703453413578
N2-R_fold1_seed20261003,N2-R,1,20261003,12,exact_joint_hurdle_nll,0.7018903965556372,3.184697151184082,0.36819639801979065,0.38303180038928986,0.38303180038928986,2.8165009021759033,0.4047220642150668,0.01025474091814976
N2-R_fold1_seed20261004,N2-R,1,20261004,1,exact_joint_hurdle_nll,0.7018903965556372,3.979720115661621,1.0099861919879913,1.0254529118537903,1.0254529118537903,2.969733715057373,1.0675845557573866,0.0245463447067939
N2-R_fold1_seed20261004,N2-R,1,20261004,2,exact_joint_hurdle_nll,0.7018903965556372,3.9428869485855103,0.9798055291175842,0.9951429963111877,0.9951429963111877,2.963081121444702,1.0406834531263551,0.023761255388923548
N2-R_fold1_seed20261004,N2-R,1,20261004,3,exact_joint_hurdle_nll,0.7018903965556372,3.8809584379196167,0.9517292380332947,0.9669747352600098,0.9669747352600098,2.929229259490967,1.0149018876161062,0.0232125212606754
N2-R_fold1_seed20261004,N2-R,1,20261004,4,exact_joint_hurdle_nll,0.7018903965556372,3.84005868434906,0.9249564409255981,0.9401214122772217,0.9401214122772217,2.915102243423462,0.9898231899803801,0.02241471454240101
N2-R_fold1_seed20261004,N2-R,1,20261004,5,exact_joint_hurdle_nll,0.7018903965556372,3.793801426887512,0.8990473747253418,0.9141268730163574,0.9141268730163574,2.894753932952881,0.9654068849820236,0.021482381541041463
N2-R_fold1_seed20261004,N2-R,1,20261004,6,exact_joint_hurdle_nll,0.7018903965556372,3.735682249069214,0.8732370138168335,0.8881925344467163,0.8881925344467163,2.862445116043091,0.9415554130933816,0.019904631335684656
N2-R_fold1_seed20261004,N2-R,1,20261004,7,exact_joint_hurdle_nll,0.7018903965556372,3.7081700563430786,0.8486501574516296,0.8635174036026001,0.8635174036026001,2.859520196914673,0.9181198175436306,0.01780783229157909
N2-R_fold1_seed20261004,N2-R,1,20261004,8,exact_joint_hurdle_nll,0.7018903965556372,3.6691715717315674,0.8239974677562714,0.8388006389141083,0.8388006389141083,2.8451740741729736,0.8949464224755294,0.01588667478615048
N2-R_fold1_seed20261004,N2-R,1,20261004,9,exact_joint_hurdle_nll,0.7018903965556372,3.627221465110779,0.7996498048305511,0.8144132196903229,0.8144132196903229,2.827571749687195,0.8718836542405003,0.014240428632798813
N2-R_fold1_seed20261004,N2-R,1,20261004,10,exact_joint_hurdle_nll,0.7018903965556372,3.5979284048080444,0.775045782327652,0.7897450625896454,0.7897450625896454,2.8228824138641357,0.8487739747781258,0.013007434068994947
N2-R_fold1_seed20261004,N2-R,1,20261004,11,exact_joint_hurdle_nll,0.7018903965556372,3.551662802696228,0.7504829168319702,0.7650693356990814,0.7650693356990814,2.801179885864258,0.8254514165701564,0.012111173112160872
N2-R_fold1_seed20261004,N2-R,1,20261004,12,exact_joint_hurdle_nll,0.7018903965556372,3.513815760612488,0.7260333895683289,0.7405405938625336,0.7405405938625336,2.787782311439514,0.8017143651087554,0.011639873616661507
N2-R_fold1_seed20261005,N2-R,1,20261005,1,exact_joint_hurdle_nll,0.7018903965556372,3.245753526687622,0.5069041848182678,0.521278589963913,0.521278589963913,2.7388490438461304,0.55397956490345,0.027092159772246004
N2-R_fold1_seed20261005,N2-R,1,20261005,2,exact_joint_hurdle_nll,0.7018903965556372,3.2134114503860474,0.4872213155031204,0.5014944970607758,0.5014944970607758,2.7261900901794434,0.5329951423368655,0.035145337298751717
N2-R_fold1_seed20261005,N2-R,1,20261005,3,exact_joint_hurdle_nll,0.7018903965556372,3.1680279970169067,0.46853072941303253,0.4826984852552414,0.4826984852552414,2.69949734210968,0.5133060399719381,0.04598383648923773
N2-R_fold1_seed20261005,N2-R,1,20261005,4,exact_joint_hurdle_nll,0.7018903965556372,3.1526981592178345,0.4507388323545456,0.4648471474647522,0.4648471474647522,2.7019591331481934,0.49511916917455606,0.05480681907724428
N2-R_fold1_seed20261005,N2-R,1,20261005,5,exact_joint_hurdle_nll,0.7018903965556372,3.108778476715088,0.4340071827173233,0.44805140793323517,0.44805140793323517,2.6747711896896362,0.47841585762757866,0.059212255389393044
N2-R_fold1_seed20261005,N2-R,1,20261005,6,exact_joint_hurdle_nll,0.7018903965556372,3.082486152648926,0.41797587275505066,0.4319649040699005,0.4319649040699005,2.6645103693008423,0.46299366504074396,0.062504125993439
N2-R_fold1_seed20261005,N2-R,1,20261005,7,exact_joint_hurdle_nll,0.7018903965556372,3.058372378349304,0.40298260748386383,0.4168527126312256,0.4168527126312256,2.655389904975891,0.44866009651548927,0.06789293011118537
N2-R_fold1_seed20261005,N2-R,1,20261005,8,exact_joint_hurdle_nll,0.7018903965556372,3.049938440322876,0.3886859565973282,0.4025459736585617,0.4025459736585617,2.661252498626709,0.43523432285292507,0.07607032426409777
N2-R_fold1_seed20261005,N2-R,1,20261005,9,exact_joint_hurdle_nll,0.7018903965556372,3.011627435684204,0.3749367296695709,0.3887496888637543,0.3887496888637543,2.636690616607666,0.42250667155593913,0.08403406832641606
N2-R_fold1_seed20261005,N2-R,1,20261005,10,exact_joint_hurdle_nll,0.7018903965556372,2.9949311017990112,0.3618060499429703,0.37552399933338165,0.37552399933338165,2.6331249475479126,0.41025601118180827,0.09006972299908514
N2-R_fold1_seed20261005,N2-R,1,20261005,11,exact_joint_hurdle_nll,0.7018903965556372,2.950894594192505,0.3493809401988983,0.36301277577877045,0.36301277577877045,2.601513624191284,0.39826068535997505,0.09390593048521886
N2-R_fold1_seed20261005,N2-R,1,20261005,12,exact_joint_hurdle_nll,0.7018903965556372,2.932251453399658,0.33731141686439514,0.35087263584136963,0.35087263584136963,2.594939947128296,0.3863183299433333,0.09485766265032594
N2-R_fold1_seed20261006,N2-R,1,20261006,1,exact_joint_hurdle_nll,0.7018903965556372,3.444645404815674,0.5025046169757843,0.5177851319313049,0.5177851319313049,2.942140579223633,0.5002367399842517,0.010058802085835344
N2-R_fold1_seed20261006,N2-R,1,20261006,2,exact_joint_hurdle_nll,0.7018903965556372,3.4105716943740845,0.4828365594148636,0.4980546832084656,0.4980546832084656,2.927735209465027,0.485049345705708,0.009827914296190367
N2-R_fold1_seed20261006,N2-R,1,20261006,3,exact_joint_hurdle_nll,0.7018903965556372,3.384573817253113,0.4645543843507767,0.4796329289674759,0.4796329289674759,2.9200193881988525,0.4704127680156441,0.009707148449746197
N2-R_fold1_seed20261006,N2-R,1,20261006,4,exact_joint_hurdle_nll,0.7018903965556372,3.3641170263290405,0.44646288454532623,0.46148040890693665,0.46148040890693665,2.917654037475586,0.4558853358701707,0.009683466697801625
N2-R_fold1_seed20261006,N2-R,1,20261006,5,exact_joint_hurdle_nll,0.7018903965556372,3.299572706222534,0.429126039147377,0.4440139979124069,0.4440139979124069,2.870446801185608,0.4413290378791764,0.009701755473171935
N2-R_fold1_seed20261006,N2-R,1,20261006,6,exact_joint_hurdle_nll,0.7018903965556372,3.2540910243988037,0.4115001708269119,0.42628462612628937,0.42628462612628937,2.8425909280776978,0.4265300230387603,0.009802585132741555
N2-R_fold1_seed20261006,N2-R,1,20261006,7,exact_joint_hurdle_nll,0.7018903965556372,3.2194197177886963,0.3941008299589157,0.40879976749420166,0.40879976749420166,2.8253188133239746,0.41126248098970664,0.010106059463223791
N2-R_fold1_seed20261006,N2-R,1,20261006,8,exact_joint_hurdle_nll,0.7018903965556372,3.1819863319396973,0.3767580986022949,0.3913979083299637,0.3913979083299637,2.805228114128113,0.3954886133155306,0.010784177978286562
N2-R_fold1_seed20261006,N2-R,1,20261006,9,exact_joint_hurdle_nll,0.7018903965556372,3.1315654516220093,0.359327957034111,0.3738738000392914,0.3738738000392914,2.7722373008728027,0.37951432304574795,0.011928244903376161
N2-R_fold1_seed20261006,N2-R,1,20261006,10,exact_joint_hurdle_nll,0.7018903965556372,3.105058193206787,0.3426995724439621,0.3571271747350693,0.3571271747350693,2.7623586654663086,0.36421136203222737,0.013165526786439136
N2-R_fold1_seed20261006,N2-R,1,20261006,11,exact_joint_hurdle_nll,0.7018903965556372,3.050900101661682,0.3266296833753586,0.34094229340553284,0.34094229340553284,2.724269986152649,0.3503274918227737,0.013952756696636301
N2-R_fold1_seed20261006,N2-R,1,20261006,12,exact_joint_hurdle_nll,0.7018903965556372,3.038088083267212,0.31137821078300476,0.32562343776226044,0.32562343776226044,2.7267098426818848,0.3379235477502221,0.01421229449543945
N2-R_fold2_seed20261002,N2-R,2,20261002,1,exact_joint_hurdle_nll,0.7018903965556372,4.483320077260335,1.0552662213643391,1.0852608283360798,1.0852608283360798,3.4280540148417153,1.1299141663029755,0.010759661231266602
N2-R_fold2_seed20261002,N2-R,2,20261002,2,exact_joint_hurdle_nll,0.7018903965556372,4.368143399556478,0.9991986552874247,1.0287250677744548,1.0287250677744548,3.3689445654551187,1.0709336242286067,0.011064094598783583
N2-R_fold2_seed20261002,N2-R,2,20261002,3,exact_joint_hurdle_nll,0.7018903965556372,4.263559500376384,0.9468151529630026,0.9759082198143005,0.9759082198143005,3.316744248072306,1.0161391985549262,0.011371259065156215
N2-R_fold2_seed20261002,N2-R,2,20261002,4,exact_joint_hurdle_nll,0.7018903965556372,4.179715792338054,0.8972886006037394,0.9260455369949341,0.9260455369949341,3.2824270725250244,0.9665889743042422,0.011646030417612797
N2-R_fold2_seed20261002,N2-R,2,20261002,5,exact_joint_hurdle_nll,0.7018903965556372,4.099481026331584,0.8528504967689514,0.8813080986340841,0.8813080986340841,3.2466306686401367,0.9233661887011912,0.011846931727883888
N2-R_fold2_seed20261002,N2-R,2,20261002,6,exact_joint_hurdle_nll,0.7018903965556372,4.016689936319987,0.8137881557146708,0.8419215679168701,0.8419215679168701,3.202901601791382,0.8849523338156445,0.011961326225854933
N2-R_fold2_seed20261002,N2-R,2,20261002,7,exact_joint_hurdle_nll,0.7018903965556372,3.9634276231129966,0.778436541557312,0.8062970836957296,0.8062970836957296,3.1849910418192544,0.8496318630790415,0.011948862964274068
N2-R_fold2_seed20261002,N2-R,2,20261002,8,exact_joint_hurdle_nll,0.7018903965556372,3.8806300163269043,0.7449694474538168,0.7725165486335754,0.7725165486335754,3.135660250981649,0.8161598821748226,0.011862464792202931
N2-R_fold2_seed20261002,N2-R,2,20261002,9,exact_joint_hurdle_nll,0.7018903965556372,3.831667900085449,0.7130885521570841,0.7403986056645712,0.7403986056645712,3.118579308191935,0.7834765613672628,0.011790659164573022
N2-R_fold2_seed20261002,N2-R,2,20261002,10,exact_joint_hurdle_nll,0.7018903965556372,3.765025774637858,0.6816877921422323,0.7086554964383444,0.7086554964383444,3.083337942759196,0.7510841360323848,0.011789593091724086
N2-R_fold2_seed20261002,N2-R,2,20261002,11,exact_joint_hurdle_nll,0.7018903965556372,3.685905377070109,0.6512301961580912,0.6779143611590067,0.6779143611590067,3.034674962361654,0.7190124962454942,0.01184614666294741
N2-R_fold2_seed20261002,N2-R,2,20261002,12,exact_joint_hurdle_nll,0.7018903965556372,3.611498753229777,0.6215225656827291,0.6478845675786337,0.6478845675786337,2.9899760087331138,0.6871500711633572,0.011973791815700179
N2-R_fold2_seed20261003,N2-R,2,20261003,1,exact_joint_hurdle_nll,0.7018903965556372,3.3931289513905845,0.5843722820281982,0.608940601348877,0.608940601348877,2.8087565898895264,0.6014439725096085,0.0340863715255111
N2-R_fold2_seed20261003,N2-R,2,20261003,2,exact_joint_hurdle_nll,0.7018903965556372,3.3488337198893228,0.5453710158665975,0.5699173808097839,0.5699173808097839,2.8034629027048745,0.5677342225041384,0.025766394945532727
N2-R_fold2_seed20261003,N2-R,2,20261003,3,exact_joint_hurdle_nll,0.7018903965556372,3.322141170501709,0.5098881920178732,0.5344335635503134,0.5344335635503134,2.8122527599334717,0.5373446725892023,0.02125066780732078
N2-R_fold2_seed20261003,N2-R,2,20261003,4,exact_joint_hurdle_nll,0.7018903965556372,3.2814043362935386,0.47746143738428753,0.5020198225975037,0.5020198225975037,2.8039427598317466,0.5094817906911128,0.019229879254040003
N2-R_fold2_seed20261003,N2-R,2,20261003,5,exact_joint_hurdle_nll,0.7018903965556372,3.2599900563557944,0.4481630027294159,0.4727928141752879,0.4727928141752879,2.8118268648783364,0.48332113319304554,0.017887168537544663
N2-R_fold2_seed20261003,N2-R,2,20261003,6,exact_joint_hurdle_nll,0.7018903965556372,3.2320990562438965,0.4216108520825704,0.4463566442330678,0.4463566442330678,2.810488303502401,0.4587855841205756,0.017229193702031076
N2-R_fold2_seed20261003,N2-R,2,20261003,7,exact_joint_hurdle_nll,0.7018903965556372,3.2175613244374595,0.3970141013463338,0.4218482971191406,0.4218482971191406,2.820547262827555,0.43665386723413707,0.016991877753429658
N2-R_fold2_seed20261003,N2-R,2,20261003,8,exact_joint_hurdle_nll,0.7018903965556372,3.2031211058298745,0.3744429349899292,0.3993724187215169,0.3993724187215169,2.8286778132120767,0.41687597539174187,0.016565209393362947
N2-R_fold2_seed20261003,N2-R,2,20261003,9,exact_joint_hurdle_nll,0.7018903965556372,3.180614471435547,0.353656808535258,0.3786817491054535,0.3786817491054535,2.826957861582438,0.39858745124037026,0.016047136085342723
N2-R_fold2_seed20261003,N2-R,2,20261003,10,exact_joint_hurdle_nll,0.7018903965556372,3.167296886444092,0.33417100707689923,0.359190970659256,0.359190970659256,2.833125670750936,0.3810235369711917,0.01548517651272616
N2-R_fold2_seed20261003,N2-R,2,20261003,11,exact_joint_hurdle_nll,0.7018903965556372,3.149667660395304,0.3152548372745514,0.34030139446258545,0.34030139446258545,2.8344128926595054,0.3636887671519156,0.015524834285603407
N2-R_fold2_seed20261003,N2-R,2,20261003,12,exact_joint_hurdle_nll,0.7018903965556372,3.1308942635854087,0.2971240778764089,0.3221282958984375,0.3221282958984375,2.8337703545888266,0.346858636735691,0.016559688327961737
N2-R_fold2_seed20261004,N2-R,2,20261004,1,exact_joint_hurdle_nll,0.7018903965556372,3.993405262629191,1.0140287280082703,1.0402668118476868,1.0402668118476868,2.9793765544891357,1.024330920756137,0.04755228557765695
N2-R_fold2_seed20261004,N2-R,2,20261004,2,exact_joint_hurdle_nll,0.7018903965556372,3.916167974472046,0.9718528191248575,0.9978087743123373,0.9978087743123373,2.944314956665039,0.9860117294983032,0.04773175200590771
N2-R_fold2_seed20261004,N2-R,2,20261004,3,exact_joint_hurdle_nll,0.7018903965556372,3.857375462849935,0.9337091644605001,0.959434966246287,0.959434966246287,2.92366631825765,0.950355857987561,0.04911258998126376
N2-R_fold2_seed20261004,N2-R,2,20261004,4,exact_joint_hurdle_nll,0.7018903965556372,3.801502784093221,0.897098700205485,0.9226699670155843,0.9226699670155843,2.904404083887736,0.9158044272846076,0.05113238486264568
N2-R_fold2_seed20261004,N2-R,2,20261004,5,exact_joint_hurdle_nll,0.7018903965556372,3.73081644376119,0.8621666034062704,0.8874897162119547,0.8874897162119547,2.86864972114563,0.8818132783227572,0.05117515829317725
N2-R_fold2_seed20261004,N2-R,2,20261004,6,exact_joint_hurdle_nll,0.7018903965556372,3.677100340525309,0.8279936909675598,0.8531065384546915,0.8531065384546915,2.849106709162394,0.8481258821004412,0.0485003192838965
N2-R_fold2_seed20261004,N2-R,2,20261004,7,exact_joint_hurdle_nll,0.7018903965556372,3.6241585413614907,0.7944044272104899,0.8192998369534811,0.8192998369534811,2.829754114151001,0.8146223225579886,0.04229910880258433
N2-R_fold2_seed20261004,N2-R,2,20261004,8,exact_joint_hurdle_nll,0.7018903965556372,3.573345343271891,0.7607701420783997,0.785465677579244,0.785465677579244,2.812575022379557,0.7811204680634662,0.03439270774433924
N2-R_fold2_seed20261004,N2-R,2,20261004,9,exact_joint_hurdle_nll,0.7018903965556372,3.51359232266744,0.7266357938448588,0.7511694431304932,0.7511694431304932,2.7869561513264975,0.7471626579104512,0.029048544877071602
N2-R_fold2_seed20261004,N2-R,2,20261004,10,exact_joint_hurdle_nll,0.7018903965556372,3.470876932144165,0.6913433869679769,0.7157670656840006,0.7157670656840006,2.779533863067627,0.7120067219302099,0.028593222816910294
N2-R_fold2_seed20261004,N2-R,2,20261004,11,exact_joint_hurdle_nll,0.7018903965556372,3.407539447148641,0.6539767185846964,0.6781750718752543,0.6781750718752543,2.7535623709360757,0.6748707541265365,0.03232703686692143
N2-R_fold2_seed20261004,N2-R,2,20261004,12,exact_joint_hurdle_nll,0.7018903965556372,3.3525756200154624,0.6143573323885599,0.6384444634119669,0.6384444634119669,2.7382179896036782,0.6359447404955662,0.03838667922757339
N2-R_fold2_seed20261005,N2-R,2,20261005,1,exact_joint_hurdle_nll,0.7018903965556372,3.265017032623291,0.5083629290262858,0.532773494720459,0.532773494720459,2.7566538651784263,0.5459829729847757,0.05443302131369846
N2-R_fold2_seed20261005,N2-R,2,20261005,2,exact_joint_hurdle_nll,0.7018903965556372,3.201094071070353,0.4788435399532318,0.5029846330483755,0.5029846330483755,2.7222503821055093,0.519004711259666,0.06823885763514811
N2-R_fold2_seed20261005,N2-R,2,20261005,3,exact_joint_hurdle_nll,0.7018903965556372,3.165150006612142,0.4534008800983429,0.4773723582426707,0.4773723582426707,2.7117486794789634,0.49581631194090986,0.06648861237181088
N2-R_fold2_seed20261005,N2-R,2,20261005,4,exact_joint_hurdle_nll,0.7018903965556372,3.12027907371521,0.4308575987815857,0.4546056091785431,0.4546056091785431,2.6894214948018393,0.475420812603833,0.061929385511322266
N2-R_fold2_seed20261005,N2-R,2,20261005,5,exact_joint_hurdle_nll,0.7018903965556372,3.0788111686706543,0.40964949131011963,0.4332083563009898,0.4332083563009898,2.669161637624105,0.45658352854726525,0.0623803209468047
N2-R_fold2_seed20261005,N2-R,2,20261005,6,exact_joint_hurdle_nll,0.7018903965556372,3.0456345876057944,0.3902216951052348,0.4135555326938629,0.4135555326938629,2.6554128328959146,0.43870337410213034,0.06927834062443314
N2-R_fold2_seed20261005,N2-R,2,20261005,7,exact_joint_hurdle_nll,0.7018903965556372,3.014786958694458,0.3716682990392049,0.39488468567530316,0.39488468567530316,2.6431185404459634,0.42142387962939687,0.0776067487684364
N2-R_fold2_seed20261005,N2-R,2,20261005,8,exact_joint_hurdle_nll,0.7018903965556372,2.9668241341908774,0.35390325387318927,0.3769456346829732,0.3769456346829732,2.6129206816355386,0.40438526967274796,0.08218096217527983
N2-R_fold2_seed20261005,N2-R,2,20261005,9,exact_joint_hurdle_nll,0.7018903965556372,2.9369539419809976,0.3363807996114095,0.35924877723058063,0.35924877723058063,2.6005731423695884,0.3871896041801872,0.08107693719127147
N2-R_fold2_seed20261005,N2-R,2,20261005,10,exact_joint_hurdle_nll,0.7018903965556372,2.8931129773457847,0.3187178671360016,0.3414328495661418,0.3414328495661418,2.574395179748535,0.3696357622172999,0.07736034536602102
N2-R_fold2_seed20261005,N2-R,2,20261005,11,exact_joint_hurdle_nll,0.7018903965556372,2.8622729778289795,0.3010672926902771,0.32362375656763714,0.32362375656763714,2.561205784479777,0.35186228563827077,0.07537524845194547
N2-R_fold2_seed20261005,N2-R,2,20261005,12,exact_joint_hurdle_nll,0.7018903965556372,2.817647139231364,0.28334587812423706,0.3056934674580892,0.3056934674580892,2.534301519393921,0.33379501591994143,0.07588532132071862
N2-R_fold2_seed20261006,N2-R,2,20261006,1,exact_joint_hurdle_nll,0.7018903965556372,3.4141639868418374,0.48708770672480267,0.5126596689224243,0.5126596689224243,2.92707626024882,0.5201561850874779,0.010587219997350805
N2-R_fold2_seed20261006,N2-R,2,20261006,2,exact_joint_hurdle_nll,0.7018903965556372,3.3574277559916177,0.4608241717020671,0.4861234426498413,0.4861234426498413,2.896603504816691,0.49412879337603716,0.010572523166641904
N2-R_fold2_seed20261006,N2-R,2,20261006,3,exact_joint_hurdle_nll,0.7018903965556372,3.306288798650106,0.43658597270647687,0.4616754750410716,0.4616754750410716,2.8697028954823813,0.4701639937652559,0.01067498408126916
N2-R_fold2_seed20261006,N2-R,2,20261006,4,exact_joint_hurdle_nll,0.7018903965556372,3.248915354410807,0.4129076699415843,0.43777448932329815,0.43777448932329815,2.8360074361165366,0.4473288817982026,0.010893448772264058
N2-R_fold2_seed20261006,N2-R,2,20261006,5,exact_joint_hurdle_nll,0.7018903965556372,3.2034988403320312,0.3889154891173045,0.4135531485080719,0.4135531485080719,2.8145833810170493,0.42495684115618754,0.011274822628601262
N2-R_fold2_seed20261006,N2-R,2,20261006,6,exact_joint_hurdle_nll,0.7018903965556372,3.1552871068318686,0.3646078209082286,0.3890274961789449,0.3890274961789449,2.790679613749186,0.4025179000766594,0.011974824162046083
N2-R_fold2_seed20261006,N2-R,2,20261006,7,exact_joint_hurdle_nll,0.7018903965556372,3.109151045481364,0.34082697828610736,0.36510855952898663,0.36510855952898663,2.7683239777882895,0.380059781763893,0.013185634556660164
N2-R_fold2_seed20261006,N2-R,2,20261006,8,exact_joint_hurdle_nll,0.7018903965556372,3.0601304372151694,0.3185832003752391,0.3426211178302765,0.3426211178302765,2.7415472666422525,0.35850224152591803,0.01448976831796557
N2-R_fold2_seed20261006,N2-R,2,20261006,9,exact_joint_hurdle_nll,0.7018903965556372,3.0215116341908774,0.2984225352605184,0.3223397632439931,0.3223397632439931,2.7230891386667886,0.3392183227393679,0.01526682147221902
N2-R_fold2_seed20261006,N2-R,2,20261006,10,exact_joint_hurdle_nll,0.7018903965556372,2.9786036809285483,0.27994321783383685,0.30375539263089496,0.30375539263089496,2.6986605326334634,0.32196196360255663,0.015361570987858321
N2-R_fold2_seed20261006,N2-R,2,20261006,11,exact_joint_hurdle_nll,0.7018903965556372,2.9494572480519614,0.2627004186312358,0.2864082952340444,0.2864082952340444,2.6867568492889404,0.3057684895500041,0.014979433896132134
N2-R_fold2_seed20261006,N2-R,2,20261006,12,exact_joint_hurdle_nll,0.7018903965556372,2.923577626546224,0.24597159524758658,0.269610196352005,0.269610196352005,2.6776062647501626,0.2900527977291103,0.014579382582335309
N2-R_fold3_seed20261002,N2-R,3,20261002,1,exact_joint_hurdle_nll,0.7018903965556372,4.479698538780212,1.0585855841636658,1.0967022478580475,1.0967022478580475,3.421113073825836,1.1509445706394554,0.009359301540529075
N2-R_fold3_seed20261002,N2-R,3,20261002,2,exact_joint_hurdle_nll,0.7018903965556372,4.340988516807556,0.9848555624485016,1.0223242044448853,1.0223242044448853,3.3561328053474426,1.0748217445328256,0.009395138335430521
N2-R_fold3_seed20261002,N2-R,3,20261002,3,exact_joint_hurdle_nll,0.7018903965556372,4.2212302684783936,0.91756871342659,0.9543628543615341,0.9543628543615341,3.303661584854126,1.0068783195891353,0.009418189203687137
N2-R_fold3_seed20261002,N2-R,3,20261002,4,exact_joint_hurdle_nll,0.7018903965556372,4.1125717759132385,0.8585025072097778,0.8948405385017395,0.8948405385017395,3.254069149494171,0.9492812734973697,0.009399530778809237
N2-R_fold3_seed20261002,N2-R,3,20261002,5,exact_joint_hurdle_nll,0.7018903965556372,4.016932010650635,0.8077978640794754,0.8435671478509903,0.8435671478509903,3.209134042263031,0.8995586052795004,0.009342336613014137
N2-R_fold3_seed20261002,N2-R,3,20261002,6,exact_joint_hurdle_nll,0.7018903965556372,3.9246687293052673,0.7624410390853882,0.7977167367935181,0.7977167367935181,3.1622278094291687,0.853760833739354,0.009269201475006235
N2-R_fold3_seed20261002,N2-R,3,20261002,7,exact_joint_hurdle_nll,0.7018903965556372,3.8297030329704285,0.7195194065570831,0.7542066872119904,0.7542066872119904,3.1101834774017334,0.8096381833120485,0.009216999458880142
N2-R_fold3_seed20261002,N2-R,3,20261002,8,exact_joint_hurdle_nll,0.7018903965556372,3.741084098815918,0.6778882294893265,0.7120820581912994,0.7120820581912994,3.0631959438323975,0.7656842494662285,0.009197063393576876
N2-R_fold3_seed20261002,N2-R,3,20261002,9,exact_joint_hurdle_nll,0.7018903965556372,3.645137906074524,0.6365530043840408,0.670233279466629,0.670233279466629,3.00858473777771,0.7209637782042404,0.00920757519588092
N2-R_fold3_seed20261002,N2-R,3,20261002,10,exact_joint_hurdle_nll,0.7018903965556372,3.558136463165283,0.5956977158784866,0.6288309395313263,0.6288309395313263,2.962438702583313,0.6750493501036153,0.00925572114040523
N2-R_fold3_seed20261002,N2-R,3,20261002,11,exact_joint_hurdle_nll,0.7018903965556372,3.4740235805511475,0.5554111152887344,0.5880034267902374,0.5880034267902374,2.9186124205589294,0.6295982375796129,0.009340686308213164
N2-R_fold3_seed20261002,N2-R,3,20261002,12,exact_joint_hurdle_nll,0.7018903965556372,3.373721718788147,0.5180007144808769,0.5499295294284821,0.5499295294284821,2.855721175670624,0.5879060075482269,0.009351034737458148
N2-R_fold3_seed20261003,N2-R,3,20261003,1,exact_joint_hurdle_nll,0.7018903965556372,3.368068039417267,0.576363280415535,0.6073696315288544,0.6073696315288544,2.791704773902893,0.5621859120843169,0.04917493966613293
N2-R_fold3_seed20261003,N2-R,3,20261003,2,exact_joint_hurdle_nll,0.7018903965556372,3.3193471431732178,0.5273538380861282,0.5583095252513885,0.5583095252513885,2.7919933795928955,0.5213047479345632,0.037188329297658
N2-R_fold3_seed20261003,N2-R,3,20261003,3,exact_joint_hurdle_nll,0.7018903965556372,3.2716795802116394,0.4844105616211891,0.5153552144765854,0.5153552144765854,2.7872692346572876,0.48279106686426454,0.02812433755075626
N2-R_fold3_seed20261003,N2-R,3,20261003,4,exact_joint_hurdle_nll,0.7018903965556372,3.2353151440620422,0.4464614987373352,0.4774887263774872,0.4774887263774872,2.7888535261154175,0.44691932344918495,0.025810858202055073
N2-R_fold3_seed20261003,N2-R,3,20261003,5,exact_joint_hurdle_nll,0.7018903965556372,3.2060858011245728,0.41273948550224304,0.44389108568429947,0.44389108568429947,2.7933464646339417,0.41448505380105644,0.023636100811198338
N2-R_fold3_seed20261003,N2-R,3,20261003,6,exact_joint_hurdle_nll,0.7018903965556372,3.1768122911453247,0.3825080245733261,0.41374915838241577,0.41374915838241577,2.7943041920661926,0.3863779771653974,0.022295698783010475
N2-R_fold3_seed20261003,N2-R,3,20261003,7,exact_joint_hurdle_nll,0.7018903965556372,3.164043962955475,0.3552948087453842,0.38664909452199936,0.38664909452199936,2.8087490797042847,0.3609850522322909,0.022521489709711993
N2-R_fold3_seed20261003,N2-R,3,20261003,8,exact_joint_hurdle_nll,0.7018903965556372,3.128750443458557,0.32998862862586975,0.3613756522536278,0.3613756522536278,2.798762023448944,0.3371637392225418,0.023757757381393744
N2-R_fold3_seed20261003,N2-R,3,20261003,9,exact_joint_hurdle_nll,0.7018903965556372,3.1073172092437744,0.3057600408792496,0.3371591418981552,0.3371591418981552,2.8015570044517517,0.3146935194691182,0.026668370423846944
N2-R_fold3_seed20261003,N2-R,3,20261003,10,exact_joint_hurdle_nll,0.7018903965556372,3.08671635389328,0.282745324075222,0.3141513913869858,0.3141513913869858,2.803970694541931,0.29415264497461696,0.031300816186972516
N2-R_fold3_seed20261003,N2-R,3,20261003,11,exact_joint_hurdle_nll,0.7018903965556372,3.0583600997924805,0.26111187040805817,0.2923852205276489,0.2923852205276489,2.7972482442855835,0.2761233963518853,0.034275932533281935
N2-R_fold3_seed20261003,N2-R,3,20261003,12,exact_joint_hurdle_nll,0.7018903965556372,3.017908811569214,0.24143628031015396,0.2724803797900677,0.2724803797900677,2.776472270488739,0.2601401948651864,0.03420326391561912
N2-R_fold3_seed20261004,N2-R,3,20261004,1,exact_joint_hurdle_nll,0.7018903965556372,3.9799055457115173,1.0034310668706894,1.0367376953363419,1.0367376953363419,2.976474642753601,0.9575924181704352,0.035296066690832
N2-R_fold3_seed20261004,N2-R,3,20261004,2,exact_joint_hurdle_nll,0.7018903965556372,3.893489122390747,0.9500249922275543,0.9829488545656204,0.9829488545656204,2.9434641003608704,0.9089001760760094,0.035263226043186234
N2-R_fold3_seed20261004,N2-R,3,20261004,3,exact_joint_hurdle_nll,0.7018903965556372,3.8139622807502747,0.9017993211746216,0.9343070536851883,0.9343070536851883,2.9121631383895874,0.8644075181030959,0.03572119656292626
N2-R_fold3_seed20261004,N2-R,3,20261004,4,exact_joint_hurdle_nll,0.7018903965556372,3.7275861501693726,0.8563277572393417,0.8884991109371185,0.8884991109371185,2.8712584376335144,0.8216039150629254,0.0366415289597013
N2-R_fold3_seed20261004,N2-R,3,20261004,5,exact_joint_hurdle_nll,0.7018903965556372,3.6449300050735474,0.8118230849504471,0.8436130285263062,0.8436130285263062,2.833106815814972,0.7790278149537787,0.03712287369595414
N2-R_fold3_seed20261004,N2-R,3,20261004,6,exact_joint_hurdle_nll,0.7018903965556372,3.576558291912079,0.768161803483963,0.7996217459440231,0.7996217459440231,2.8083963990211487,0.7358081172938202,0.0379506547841325
N2-R_fold3_seed20261004,N2-R,3,20261004,7,exact_joint_hurdle_nll,0.7018903965556372,3.5102524161338806,0.7231789380311966,0.7543545961380005,0.7543545961380005,2.7870734333992004,0.6914540294055908,0.042003772509181
N2-R_fold3_seed20261004,N2-R,3,20261004,8,exact_joint_hurdle_nll,0.7018903965556372,3.434206247329712,0.6758214682340622,0.7066916674375534,0.7066916674375534,2.7583848237991333,0.6451393919983885,0.05326806678157881
N2-R_fold3_seed20261004,N2-R,3,20261004,9,exact_joint_hurdle_nll,0.7018903965556372,3.3691447973251343,0.6245687901973724,0.6552373915910721,0.6552373915910721,2.7445759177207947,0.5978744454053445,0.056481996042618644
N2-R_fold3_seed20261004,N2-R,3,20261004,10,exact_joint_hurdle_nll,0.7018903965556372,3.2903841137886047,0.570629209280014,0.6010594218969345,0.6010594218969345,2.719754934310913,0.5537289011566634,0.04173778633677711
N2-R_fold3_seed20261004,N2-R,3,20261004,11,exact_joint_hurdle_nll,0.7018903965556372,3.2374594807624817,0.5188824683427811,0.5492012649774551,0.5492012649774551,2.7185769081115723,0.5155474577563389,0.014695861838559067
N2-R_fold3_seed20261004,N2-R,3,20261004,12,exact_joint_hurdle_nll,0.7018903965556372,3.1948054432868958,0.4728597030043602,0.5032259672880173,0.5032259672880173,2.7219457030296326,0.4787549996214069,0.010007575568072205
N2-R_fold3_seed20261005,N2-R,3,20261005,1,exact_joint_hurdle_nll,0.7018903965556372,3.269646167755127,0.5054445117712021,0.5365502089262009,0.5365502089262009,2.7642014622688293,0.5221799625422309,0.0238619054903945
N2-R_fold3_seed20261005,N2-R,3,20261005,2,exact_joint_hurdle_nll,0.7018903965556372,3.196524202823639,0.4687138646841049,0.49938974529504776,0.49938974529504776,2.7278103828430176,0.48848410893339056,0.026290250132076472
N2-R_fold3_seed20261005,N2-R,3,20261005,3,exact_joint_hurdle_nll,0.7018903965556372,3.1408824920654297,0.4388921484351158,0.469247505068779,0.469247505068779,2.7019903659820557,0.46012520234275117,0.02809539504222571
N2-R_fold3_seed20261005,N2-R,3,20261005,4,exact_joint_hurdle_nll,0.7018903965556372,3.0825560688972473,0.4124712273478508,0.44245436787605286,0.44245436787605286,2.670084774494171,0.43411423477627203,0.031112026946791407
N2-R_fold3_seed20261005,N2-R,3,20261005,5,exact_joint_hurdle_nll,0.7018903965556372,3.0367481112480164,0.38775455951690674,0.41742994636297226,0.41742994636297226,2.6489936113357544,0.4090549212232518,0.03625245934940051
N2-R_fold3_seed20261005,N2-R,3,20261005,6,exact_joint_hurdle_nll,0.7018903965556372,2.982094645500183,0.36423803865909576,0.39361122250556946,0.39361122250556946,2.617856442928314,0.38450015074917465,0.042214188864904745
N2-R_fold3_seed20261005,N2-R,3,20261005,7,exact_joint_hurdle_nll,0.7018903965556372,2.9447264671325684,0.3412114754319191,0.3703627660870552,0.3703627660870552,2.603514850139618,0.3601772288079181,0.04543253813273237
N2-R_fold3_seed20261005,N2-R,3,20261005,8,exact_joint_hurdle_nll,0.7018903965556372,2.8956024050712585,0.31797877699136734,0.3467956781387329,0.3467956781387329,2.5776236057281494,0.3358218513690375,0.048380939025955264
N2-R_fold3_seed20261005,N2-R,3,20261005,9,exact_joint_hurdle_nll,0.7018903965556372,2.8479788303375244,0.2945619747042656,0.3230775222182274,0.3230775222182274,2.5534170269966125,0.31177269689384024,0.05506991558972904
N2-R_fold3_seed20261005,N2-R,3,20261005,10,exact_joint_hurdle_nll,0.7018903965556372,2.7942190766334534,0.2711854428052902,0.2994307205080986,0.2994307205080986,2.5230334997177124,0.28867708517809865,0.06502667924725203
N2-R_fold3_seed20261005,N2-R,3,20261005,11,exact_joint_hurdle_nll,0.7018903965556372,2.746224284172058,0.2484789974987507,0.27646931260824203,0.27646931260824203,2.497745156288147,0.26691791615821026,0.07027602823751265
N2-R_fold3_seed20261005,N2-R,3,20261005,12,exact_joint_hurdle_nll,0.7018903965556372,2.710657060146332,0.22802453860640526,0.255820881575346,0.255820881575346,2.482632577419281,0.2466148151622613,0.0723649805502609
N2-R_fold3_seed20261006,N2-R,3,20261006,1,exact_joint_hurdle_nll,0.7018903965556372,3.405838131904602,0.4825126379728317,0.5150674283504486,0.5150674283504486,2.923325479030609,0.5051463648868455,0.010367496856526345
N2-R_fold3_seed20261006,N2-R,3,20261006,2,exact_joint_hurdle_nll,0.7018903965556372,3.333405017852783,0.4483666568994522,0.4804629683494568,0.4804629683494568,2.885038375854492,0.46987633219790265,0.010884792165687
N2-R_fold3_seed20261006,N2-R,3,20261006,3,exact_joint_hurdle_nll,0.7018903965556372,3.260579824447632,0.41706449538469315,0.4487622603774071,0.4487622603774071,2.8435155153274536,0.438346007832892,0.011533317853314774
N2-R_fold3_seed20261006,N2-R,3,20261006,4,exact_joint_hurdle_nll,0.7018903965556372,3.1990652680397034,0.3863433748483658,0.41769684106111526,0.41769684106111526,2.8127219676971436,0.4092816906185471,0.012065170523985544
N2-R_fold3_seed20261006,N2-R,3,20261006,5,exact_joint_hurdle_nll,0.7018903965556372,3.1304636001586914,0.3553563505411148,0.38636501133441925,0.38636501133441925,2.775106906890869,0.3810542349268142,0.012569065818854676
N2-R_fold3_seed20261006,N2-R,3,20261006,6,exact_joint_hurdle_nll,0.7018903965556372,3.073365867137909,0.3257070779800415,0.35641714930534363,0.35641714930534363,2.7476590275764465,0.3530666731847981,0.012805250194567266
N2-R_fold3_seed20261006,N2-R,3,20261006,7,exact_joint_hurdle_nll,0.7018903965556372,3.0132166147232056,0.29912836849689484,0.3295314460992813,0.3295314460992813,2.7140883207321167,0.3264786575171559,0.012326803865789401
N2-R_fold3_seed20261006,N2-R,3,20261006,8,exact_joint_hurdle_nll,0.7018903965556372,2.9772512912750244,0.2756047546863556,0.30584143847227097,0.30584143847227097,2.701646566390991,0.3018561018953881,0.011934458811582269
N2-R_fold3_seed20261006,N2-R,3,20261006,9,exact_joint_hurdle_nll,0.7018903965556372,2.9389313459396362,0.25364092737436295,0.2838003635406494,0.2838003635406494,2.685290217399597,0.27906266953319425,0.011832511290547177
N2-R_fold3_seed20261006,N2-R,3,20261006,10,exact_joint_hurdle_nll,0.7018903965556372,2.917802155017853,0.2323225736618042,0.26237083226442337,0.26237083226442337,2.6854795813560486,0.2577838740211318,0.011573766109977476
N2-R_fold3_seed20261006,N2-R,3,20261006,11,exact_joint_hurdle_nll,0.7018903965556372,2.888840436935425,0.2115444801747799,0.24153197184205055,0.24153197184205055,2.6772963404655457,0.23801086103574046,0.011127560272554014
N2-R_fold3_seed20261006,N2-R,3,20261006,12,exact_joint_hurdle_nll,0.7018903965556372,2.846510887145996,0.19195792451500893,0.22178282588720322,0.22178282588720322,2.6545528769493103,0.21969070697535176,0.011054546112576884
N2-R_fold4_seed20261002,N2-R,4,20261002,1,exact_joint_hurdle_nll,0.7018903965556372,4.111185121536255,1.072247362136841,1.10785813331604,1.10785813331604,3.0389378547668455,1.0667846837831152,0.017911600827867854
N2-R_fold4_seed20261002,N2-R,4,20261002,2,exact_joint_hurdle_nll,0.7018903965556372,3.9501771926879883,0.9815434575080871,1.0164358973503114,1.0164358973503114,2.968633842468262,0.974710865742997,0.018449646214096716
N2-R_fold4_seed20261002,N2-R,4,20261002,3,exact_joint_hurdle_nll,0.7018903965556372,3.821316432952881,0.9022661566734314,0.9365393400192261,0.9365393400192261,2.919050431251526,0.898375592587564,0.018584388648488843
N2-R_fold4_seed20261002,N2-R,4,20261002,4,exact_joint_hurdle_nll,0.7018903965556372,3.711129331588745,0.8353146910667419,0.8691049098968506,0.8691049098968506,2.875814914703369,0.8347284538880185,0.018256751709297026
N2-R_fold4_seed20261002,N2-R,4,20261002,5,exact_joint_hurdle_nll,0.7018903965556372,3.6065507411956785,0.7762507677078248,0.8095609664916992,0.8095609664916992,2.830299997329712,0.777425324127206,0.01763180181108726
N2-R_fold4_seed20261002,N2-R,4,20261002,6,exact_joint_hurdle_nll,0.7018903965556372,3.4963110446929933,0.7201175928115845,0.7528570055961609,0.7528570055961609,2.776193618774414,0.7234762420907528,0.0171671878745106
N2-R_fold4_seed20261002,N2-R,4,20261002,7,exact_joint_hurdle_nll,0.7018903965556372,3.3999597072601317,0.6654352426528931,0.6976444959640503,0.6976444959640503,2.7345243215560915,0.6734651476912437,0.016956481406892557
N2-R_fold4_seed20261002,N2-R,4,20261002,8,exact_joint_hurdle_nll,0.7018903965556372,3.294566345214844,0.6139894843101501,0.6456743717193604,0.6456743717193604,2.6805768728256227,0.6263109517564571,0.01724822383421049
N2-R_fold4_seed20261002,N2-R,4,20261002,9,exact_joint_hurdle_nll,0.7018903965556372,3.1935598850250244,0.5644688963890075,0.5955818653106689,0.5955818653106689,2.629090929031372,0.5800762706722868,0.018435418815571192
N2-R_fold4_seed20261002,N2-R,4,20261002,10,exact_joint_hurdle_nll,0.7018903965556372,3.093238282203674,0.5190354883670807,0.5495131850242615,0.5495131850242615,2.574202871322632,0.5385793986319647,0.018955945144881147
N2-R_fold4_seed20261002,N2-R,4,20261002,11,exact_joint_hurdle_nll,0.7018903965556372,3.0056440830230713,0.48056678771972655,0.5104817271232605,0.5104817271232605,2.52507746219635,0.504137436663405,0.01838810561628669
N2-R_fold4_seed20261002,N2-R,4,20261002,12,exact_joint_hurdle_nll,0.7018903965556372,2.934790277481079,0.44831607341766355,0.4778917729854584,0.4778917729854584,2.4864741563796997,0.47596985680376935,0.01808515666556605
N2-R_fold4_seed20261003,N2-R,4,20261003,1,exact_joint_hurdle_nll,0.7018903965556372,3.089061069488525,0.5688934206962586,0.5985852479934692,0.5985852479934692,2.52016761302948,0.6004138328713703,0.03087483928549386
N2-R_fold4_seed20261003,N2-R,4,20261003,2,exact_joint_hurdle_nll,0.7018903965556372,3.0314244270324706,0.5111564338207245,0.5408056259155274,0.5408056259155274,2.5202680587768556,0.548264435190839,0.023885991212213804
N2-R_fold4_seed20261003,N2-R,4,20261003,3,exact_joint_hurdle_nll,0.7018903965556372,2.9769397974014282,0.4614659667015076,0.49117912650108336,0.49117912650108336,2.515474033355713,0.5026386465935728,0.02198998012183625
N2-R_fold4_seed20261003,N2-R,4,20261003,4,exact_joint_hurdle_nll,0.7018903965556372,2.942006325721741,0.4183075249195099,0.44811301231384276,0.44811301231384276,2.5236986875534058,0.46367476660642,0.020643085992791
N2-R_fold4_seed20261003,N2-R,4,20261003,5,exact_joint_hurdle_nll,0.7018903965556372,2.9079437017440797,0.3807102918624878,0.4105945289134979,0.4105945289134979,2.527233338356018,0.4306186101975158,0.020156161425539807
N2-R_fold4_seed20261003,N2-R,4,20261003,6,exact_joint_hurdle_nll,0.7018903965556372,2.8790075540542603,0.3471492528915405,0.37717211842536924,0.37717211842536924,2.531858491897583,0.40010652476747904,0.020733484467911054
N2-R_fold4_seed20261003,N2-R,4,20261003,7,exact_joint_hurdle_nll,0.7018903965556372,2.8469800472259523,0.3157439351081848,0.34585562348365784,0.34585562348365784,2.53123619556427,0.3679886346949547,0.022221111075416893
N2-R_fold4_seed20261003,N2-R,4,20261003,8,exact_joint_hurdle_nll,0.7018903965556372,2.8224349498748778,0.2860636591911316,0.31619988679885863,0.31619988679885863,2.5363713026046755,0.3355772419511771,0.02546742400609362
N2-R_fold4_seed20261003,N2-R,4,20261003,9,exact_joint_hurdle_nll,0.7018903965556372,2.7912575960159303,0.2584235489368439,0.28853014707565305,0.28853014707565305,2.532834053039551,0.307881825803694,0.03170087057184956
N2-R_fold4_seed20261003,N2-R,4,20261003,10,exact_joint_hurdle_nll,0.7018903965556372,2.763658547401428,0.233939728140831,0.2638892561197281,0.2638892561197281,2.529718852043152,0.28611580438322093,0.038904174415209145
N2-R_fold4_seed20261003,N2-R,4,20261003,11,exact_joint_hurdle_nll,0.7018903965556372,2.7283221960067747,0.21354524791240692,0.24326074123382568,0.24326074123382568,2.5147770166397097,0.26937814408209637,0.043920280354450385
N2-R_fold4_seed20261003,N2-R,4,20261003,12,exact_joint_hurdle_nll,0.7018903965556372,2.695176029205322,0.19671266078948973,0.22622675001621245,0.22622675001621245,2.498463273048401,0.2561134162292259,0.04556813943770516
N2-R_fold4_seed20261004,N2-R,4,20261004,1,exact_joint_hurdle_nll,0.7018903965556372,3.657690191268921,0.989846932888031,1.021375298500061,1.021375298500061,2.667843294143677,0.9891884385809017,0.031897785666926845
N2-R_fold4_seed20261004,N2-R,4,20261004,2,exact_joint_hurdle_nll,0.7018903965556372,3.5608773708343504,0.9254011511802673,0.9566082239151001,0.9566082239151001,2.6354761600494383,0.9299226089626326,0.02893986238273028
N2-R_fold4_seed20261004,N2-R,4,20261004,3,exact_joint_hurdle_nll,0.7018903965556372,3.4641061305999754,0.8678096890449524,0.8985820531845092,0.8985820531845092,2.596296548843384,0.8740840563313987,0.02809326867477089
N2-R_fold4_seed20261004,N2-R,4,20261004,4,exact_joint_hurdle_nll,0.7018903965556372,3.387835073471069,0.8125985622406006,0.8430708885192871,0.8430708885192871,2.575236511230469,0.8186699121648352,0.029058034962313392
N2-R_fold4_seed20261004,N2-R,4,20261004,5,exact_joint_hurdle_nll,0.7018903965556372,3.3072556018829347,0.7576087713241577,0.7877339959144593,0.7877339959144593,2.5496467113494874,0.7624524831828601,0.031959488425015614
N2-R_fold4_seed20261004,N2-R,4,20261004,6,exact_joint_hurdle_nll,0.7018903965556372,3.211707878112793,0.7012198209762573,0.7310248136520385,0.7310248136520385,2.510487937927246,0.7051594155125952,0.0377749984397265
N2-R_fold4_seed20261004,N2-R,4,20261004,7,exact_joint_hurdle_nll,0.7018903965556372,3.1331906795501707,0.6413718700408936,0.670913827419281,0.670913827419281,2.491818737983704,0.6469062940932971,0.04688070173499602
N2-R_fold4_seed20261004,N2-R,4,20261004,8,exact_joint_hurdle_nll,0.7018903965556372,3.0477481365203856,0.578932785987854,0.6082604050636291,0.6082604050636291,2.468815326690674,0.5884808121122483,0.04811049984636721
N2-R_fold4_seed20261004,N2-R,4,20261004,9,exact_joint_hurdle_nll,0.7018903965556372,2.9839826822280884,0.5196244359016419,0.5488140463829041,0.5488140463829041,2.464358162879944,0.539185638566777,0.028688683661762228
N2-R_fold4_seed20261004,N2-R,4,20261004,10,exact_joint_hurdle_nll,0.7018903965556372,2.9300892114639283,0.46765270829200745,0.49690276980400083,0.49690276980400083,2.462436485290527,0.4960116718646272,0.018026858026317847
N2-R_fold4_seed20261004,N2-R,4,20261004,11,exact_joint_hurdle_nll,0.7018903965556372,2.891006875038147,0.4205660462379456,0.4498208940029144,0.4498208940029144,2.470440912246704,0.4522076321174111,0.016902475399947468
N2-R_fold4_seed20261004,N2-R,4,20261004,12,exact_joint_hurdle_nll,0.7018903965556372,2.820668888092041,0.37470361590385437,0.40378122329711913,0.40378122329711913,2.4459654569625853,0.4094409174101884,0.016880489900855854
N2-R_fold4_seed20261005,N2-R,4,20261005,1,exact_joint_hurdle_nll,0.7018903965556372,3.000827264785767,0.5043719291687012,0.5341179728507995,0.5341179728507995,2.49645516872406,0.5321472874124136,0.04198054623923474
N2-R_fold4_seed20261005,N2-R,4,20261005,2,exact_joint_hurdle_nll,0.7018903965556372,2.9273432970046995,0.4609273910522461,0.49028319120407104,0.49028319120407104,2.4664158821105957,0.489375209750178,0.056116863817831576
N2-R_fold4_seed20261005,N2-R,4,20261005,3,exact_joint_hurdle_nll,0.7018903965556372,2.8672223567962645,0.4263336718082428,0.4553763628005981,0.4553763628005981,2.4408886671066283,0.4542748796891524,0.06527965074284041
N2-R_fold4_seed20261005,N2-R,4,20261005,4,exact_joint_hurdle_nll,0.7018903965556372,2.8044247388839723,0.39499461054801943,0.42370991706848143,0.42370991706848143,2.409429979324341,0.42223725855602856,0.0728455728047004
N2-R_fold4_seed20261005,N2-R,4,20261005,5,exact_joint_hurdle_nll,0.7018903965556372,2.756648635864258,0.3653044641017914,0.3937763929367065,0.3937763929367065,2.3913442134857177,0.3926326933381448,0.07241253771456897
N2-R_fold4_seed20261005,N2-R,4,20261005,6,exact_joint_hurdle_nll,0.7018903965556372,2.712680459022522,0.33592164516448975,0.36417790651321413,0.36417790651321413,2.3767587661743166,0.36536249739833476,0.07293963962453133
N2-R_fold4_seed20261005,N2-R,4,20261005,7,exact_joint_hurdle_nll,0.7018903965556372,2.6545981884002687,0.3064191162586212,0.3343946814537048,0.3343946814537048,2.348179030418396,0.34028931807202745,0.07753442387510373
N2-R_fold4_seed20261005,N2-R,4,20261005,8,exact_joint_hurdle_nll,0.7018903965556372,2.6003490686416626,0.27710752487182616,0.3048061907291412,0.3048061907291412,2.3232415437698366,0.31759395397809187,0.08578936756224415
N2-R_fold4_seed20261005,N2-R,4,20261005,9,exact_joint_hurdle_nll,0.7018903965556372,2.5531840562820434,0.24895946979522704,0.27647538781166076,0.27647538781166076,2.304224634170532,0.2964921379214484,0.09640049668912457
N2-R_fold4_seed20261005,N2-R,4,20261005,10,exact_joint_hurdle_nll,0.7018903965556372,2.5076871871948243,0.22344914078712463,0.2507658123970032,0.2507658123970032,2.284237813949585,0.27764140354069566,0.10510462569693482
N2-R_fold4_seed20261005,N2-R,4,20261005,11,exact_joint_hurdle_nll,0.7018903965556372,2.4808034658432008,0.20168042480945586,0.22890583872795106,0.22890583872795106,2.279123139381409,0.26068520086781116,0.11082893487605913
N2-R_fold4_seed20261005,N2-R,4,20261005,12,exact_joint_hurdle_nll,0.7018903965556372,2.4504892826080322,0.18218437135219573,0.20932784974575042,0.20932784974575042,2.268304872512817,0.24418724918704607,0.11727756974637703
N2-R_fold4_seed20261006,N2-R,4,20261006,1,exact_joint_hurdle_nll,0.7018903965556372,3.110078001022339,0.4825521171092987,0.5135111212730408,0.5135111212730408,2.6275258541107176,0.5272241655876523,0.018479553749575342
N2-R_fold4_seed20261006,N2-R,4,20261006,2,exact_joint_hurdle_nll,0.7018903965556372,3.033268427848816,0.4403542518615723,0.47085484862327576,0.47085484862327576,2.592914009094238,0.4856049550136636,0.019893864684431557
N2-R_fold4_seed20261006,N2-R,4,20261006,3,exact_joint_hurdle_nll,0.7018903965556372,2.95774393081665,0.40225534439086913,0.4323910176753998,0.4323910176753998,2.555488657951355,0.4486170108654204,0.020830689375887366
N2-R_fold4_seed20261006,N2-R,4,20261006,4,exact_joint_hurdle_nll,0.7018903965556372,2.8916378736495973,0.365474009513855,0.39528489112854004,0.39528489112854004,2.5261637926101685,0.4151591928266137,0.02116486984830053
N2-R_fold4_seed20261006,N2-R,4,20261006,5,exact_joint_hurdle_nll,0.7018903965556372,2.82128050327301,0.3295373201370239,0.35904722213745116,0.35904722213745116,2.491743278503418,0.38344038731863633,0.0208081592198828
N2-R_fold4_seed20261006,N2-R,4,20261006,6,exact_joint_hurdle_nll,0.7018903965556372,2.760072708129883,0.2968918800354004,0.32613109350204467,0.32613109350204467,2.463180923461914,0.35347432108050564,0.020266528069638676
N2-R_fold4_seed20261006,N2-R,4,20261006,7,exact_joint_hurdle_nll,0.7018903965556372,2.716852307319641,0.2682133436203003,0.29731696248054507,0.29731696248054507,2.448638892173767,0.3256156733299092,0.019852607031251183
N2-R_fold4_seed20261006,N2-R,4,20261006,8,exact_joint_hurdle_nll,0.7018903965556372,2.6812653064727785,0.24138419032096864,0.2704018145799637,0.2704018145799637,2.4398809671401978,0.30000102856201466,0.019550824572052844
N2-R_fold4_seed20261006,N2-R,4,20261006,9,exact_joint_hurdle_nll,0.7018903965556372,2.65445339679718,0.21602142751216888,0.24500987231731414,0.24500987231731414,2.4384320259094237,0.276536954744789,0.01861347406860709
N2-R_fold4_seed20261006,N2-R,4,20261006,10,exact_joint_hurdle_nll,0.7018903965556372,2.6253182649612428,0.1922479212284088,0.2211919218301773,0.2211919218301773,2.4330702781677247,0.25557846592675715,0.018305531352304272
N2-R_fold4_seed20261006,N2-R,4,20261006,11,exact_joint_hurdle_nll,0.7018903965556372,2.586387848854065,0.17202928066253662,0.20076829493045806,0.20076829493045806,2.414358353614807,0.23863619643723258,0.019299563687986885
N2-R_fold4_seed20261006,N2-R,4,20261006,12,exact_joint_hurdle_nll,0.7018903965556372,2.5593553304672243,0.15672071576118468,0.18530213832855225,0.18530213832855225,2.402634835243225,0.2261277433123945,0.02061337904838006
N2-G0_fold1_seed20261002,N2-G0,1,20261002,1,exact_joint_hurdle_nll,0.7018903965556372,3.5887291431427,0.6761365234851837,0.6913222372531891,0.6913222372531891,2.9125925302505493,0.7088733648125878,0.011748528069149718
N2-G0_fold1_seed20261002,N2-G0,1,20261002,2,exact_joint_hurdle_nll,0.7018903965556372,3.558828830718994,0.6421182751655579,0.6572590470314026,0.6572590470314026,2.9167102575302124,0.673635005519854,0.011837585793155393
N2-G0_fold1_seed20261002,N2-G0,1,20261002,3,exact_joint_hurdle_nll,0.7018903965556372,3.505407691001892,0.6100711524486542,0.6251169741153717,0.6251169741153717,2.8953367471694946,0.6409868280831583,0.0119012409194666
N2-G0_fold1_seed20261002,N2-G0,1,20261002,4,exact_joint_hurdle_nll,0.7018903965556372,3.472334384918213,0.5798456072807312,0.5948637127876282,0.5948637127876282,2.8924885988235474,0.6107801782105209,0.012010373221302745
N2-G0_fold1_seed20261002,N2-G0,1,20261002,5,exact_joint_hurdle_nll,0.7018903965556372,3.421329140663147,0.5508374273777008,0.5657344460487366,0.5657344460487366,2.8704917430877686,0.5829222658229053,0.012212495704654979
N2-G0_fold1_seed20261002,N2-G0,1,20261002,6,exact_joint_hurdle_nll,0.7018903965556372,3.38745653629303,0.5234144926071167,0.538232296705246,0.538232296705246,2.864041805267334,0.5572401696895676,0.012500922800523387
N2-G0_fold1_seed20261002,N2-G0,1,20261002,7,exact_joint_hurdle_nll,0.7018903965556372,3.3173805475234985,0.4977554827928543,0.5124146342277527,0.5124146342277527,2.8196250200271606,0.5335238344436728,0.012833208827876438
N2-G0_fold1_seed20261002,N2-G0,1,20261002,8,exact_joint_hurdle_nll,0.7018903965556372,3.282608389854431,0.47341690957546234,0.48805296421051025,0.48805296421051025,2.8091917037963867,0.511531524772122,0.013176386744530554
N2-G0_fold1_seed20261002,N2-G0,1,20261002,9,exact_joint_hurdle_nll,0.7018903965556372,3.2299660444259644,0.4503580331802368,0.46487854421138763,0.46487854421138763,2.7796080112457275,0.49101153277422943,0.01353378478239331
N2-G0_fold1_seed20261002,N2-G0,1,20261002,10,exact_joint_hurdle_nll,0.7018903965556372,3.2076668739318848,0.42882561683654785,0.4433208107948303,0.4433208107948303,2.7788413763046265,0.4717326971668041,0.013944125789698766
N2-G0_fold1_seed20261002,N2-G0,1,20261002,11,exact_joint_hurdle_nll,0.7018903965556372,3.180197238922119,0.40842166543006897,0.4227560758590698,0.4227560758590698,2.7717758417129517,0.4535134582553842,0.014444109445195303
N2-G0_fold1_seed20261002,N2-G0,1,20261002,12,exact_joint_hurdle_nll,0.7018903965556372,3.125892400741577,0.3893529176712036,0.40359802544116974,0.40359802544116974,2.7365394830703735,0.4362170143839552,0.015097343314037556
N2-G0_fold1_seed20261003,N2-G0,1,20261003,1,exact_joint_hurdle_nll,0.7018903965556372,3.373244285583496,0.9181587398052216,0.9310397207736969,0.9310397207736969,2.4550853967666626,0.8473841271497519,0.0118403759585861
N2-G0_fold1_seed20261003,N2-G0,1,20261003,2,exact_joint_hurdle_nll,0.7018903965556372,3.3289722204208374,0.8794195055961609,0.892307311296463,0.892307311296463,2.4495530128479004,0.8123584487513759,0.011358486131725638
N2-G0_fold1_seed20261003,N2-G0,1,20261003,3,exact_joint_hurdle_nll,0.7018903965556372,3.291885018348694,0.8425935506820679,0.8554706871509552,0.8554706871509552,2.4492918252944946,0.7795984226399912,0.01115807869577311
N2-G0_fold1_seed20261003,N2-G0,1,20261003,4,exact_joint_hurdle_nll,0.7018903965556372,3.272187352180481,0.8073915243148804,0.8202786147594452,0.8202786147594452,2.4647955894470215,0.7485549041091322,0.011207227428982515
N2-G0_fold1_seed20261003,N2-G0,1,20261003,5,exact_joint_hurdle_nll,0.7018903965556372,3.2121541500091553,0.7734981179237366,0.7863349318504333,0.7863349318504333,2.438656210899353,0.719043601227347,0.011481096691229799
N2-G0_fold1_seed20261003,N2-G0,1,20261003,6,exact_joint_hurdle_nll,0.7018903965556372,3.1672452688217163,0.7408877015113831,0.7536963820457458,0.7536963820457458,2.4263575077056885,0.6908816516561647,0.011963098113318884
N2-G0_fold1_seed20261003,N2-G0,1,20261003,7,exact_joint_hurdle_nll,0.7018903965556372,3.1562575101852417,0.7096812725067139,0.7225256860256195,0.7225256860256195,2.446575880050659,0.6638968663725147,0.01256406156128248
N2-G0_fold1_seed20261003,N2-G0,1,20261003,8,exact_joint_hurdle_nll,0.7018903965556372,3.1260337829589844,0.6795830726623535,0.6923902332782745,0.6923902332782745,2.4464504718780518,0.6379438141880749,0.013150475061586857
N2-G0_fold1_seed20261003,N2-G0,1,20261003,9,exact_joint_hurdle_nll,0.7018903965556372,3.0971544981002808,0.6507702469825745,0.663585901260376,0.663585901260376,2.446384310722351,0.6129145178204747,0.013733911429012233
N2-G0_fold1_seed20261003,N2-G0,1,20261003,10,exact_joint_hurdle_nll,0.7018903965556372,3.0672885179519653,0.6227266192436218,0.6355612277984619,0.6355612277984619,2.444561719894409,0.5887398684361939,0.014334548359293592
N2-G0_fold1_seed20261003,N2-G0,1,20261003,11,exact_joint_hurdle_nll,0.7018903965556372,3.0412877798080444,0.5960424840450287,0.6088605523109436,0.6088605523109436,2.445245146751404,0.565382112106393,0.014960291600017574
N2-G0_fold1_seed20261003,N2-G0,1,20261003,12,exact_joint_hurdle_nll,0.7018903965556372,3.009448528289795,0.5700128972530365,0.5828212797641754,0.5828212797641754,2.4394357204437256,0.5428222325350631,0.015612120105334207
N2-G0_fold1_seed20261004,N2-G0,1,20261004,1,exact_joint_hurdle_nll,0.7018903965556372,3.5787179470062256,0.4198424816131592,0.43632306158542633,0.43632306158542633,3.158874988555908,0.46525159009031747,0.013417453955768778
N2-G0_fold1_seed20261004,N2-G0,1,20261004,2,exact_joint_hurdle_nll,0.7018903965556372,3.5409024953842163,0.3954063802957535,0.4117271304130554,0.4117271304130554,3.1454960107803345,0.44189747597075946,0.014166223686384344
N2-G0_fold1_seed20261004,N2-G0,1,20261004,3,exact_joint_hurdle_nll,0.7018903965556372,3.5226471424102783,0.37328682839870453,0.3895247131586075,0.3895247131586075,3.149360179901123,0.4196370469062743,0.014645000413404247
N2-G0_fold1_seed20261004,N2-G0,1,20261004,4,exact_joint_hurdle_nll,0.7018903965556372,3.4323114156723022,0.35239386558532715,0.36843088269233704,0.36843088269233704,3.0799176692962646,0.3983251870897143,0.014851503957591099
N2-G0_fold1_seed20261004,N2-G0,1,20261004,5,exact_joint_hurdle_nll,0.7018903965556372,3.3977243900299072,0.3329837769269943,0.3488944321870804,0.3488944321870804,3.064740538597107,0.37806110478598826,0.014833013371600902
N2-G0_fold1_seed20261004,N2-G0,1,20261004,6,exact_joint_hurdle_nll,0.7018903965556372,3.3571256399154663,0.31466349959373474,0.3303937315940857,0.3303937315940857,3.0424623489379883,0.358948054217863,0.014691070367279579
N2-G0_fold1_seed20261004,N2-G0,1,20261004,7,exact_joint_hurdle_nll,0.7018903965556372,3.3248870372772217,0.2973823845386505,0.31302911043167114,0.31302911043167114,3.027504801750183,0.3410789842137707,0.014491494792347284
N2-G0_fold1_seed20261004,N2-G0,1,20261004,8,exact_joint_hurdle_nll,0.7018903965556372,3.2837133407592773,0.28114792704582214,0.2966974973678589,0.2966974973678589,3.0025655031204224,0.3245058431204213,0.014284160208491265
N2-G0_fold1_seed20261004,N2-G0,1,20261004,9,exact_joint_hurdle_nll,0.7018903965556372,3.2642786502838135,0.26601995527744293,0.28150252997875214,0.28150252997875214,2.9982588291168213,0.3092235902396077,0.014161138188576599
N2-G0_fold1_seed20261004,N2-G0,1,20261004,10,exact_joint_hurdle_nll,0.7018903965556372,3.2495362758636475,0.2519119083881378,0.26733556389808655,0.26733556389808655,2.9976245164871216,0.2951870921749847,0.014211449772859888
N2-G0_fold1_seed20261004,N2-G0,1,20261004,11,exact_joint_hurdle_nll,0.7018903965556372,3.230122923851013,0.2387414127588272,0.2541487067937851,0.2541487067937851,2.991381525993347,0.28232962428528374,0.014509437388271986
N2-G0_fold1_seed20261004,N2-G0,1,20261004,12,exact_joint_hurdle_nll,0.7018903965556372,3.187716841697693,0.22642458975315094,0.24180957674980164,0.24180957674980164,2.9612923860549927,0.27057269449651583,0.015129076402927766
N2-G0_fold1_seed20261005,N2-G0,1,20261005,1,exact_joint_hurdle_nll,0.7018903965556372,3.2001861333847046,0.5281444787979126,0.5421321988105774,0.5421321988105774,2.672041893005371,0.5794433002535517,0.011215441851705026
N2-G0_fold1_seed20261005,N2-G0,1,20261005,2,exact_joint_hurdle_nll,0.7018903965556372,3.184961438179016,0.5005746185779572,0.5145170986652374,0.5145170986652374,2.6843868494033813,0.5512768074111649,0.010361061812329913
N2-G0_fold1_seed20261005,N2-G0,1,20261005,3,exact_joint_hurdle_nll,0.7018903965556372,3.1232131719589233,0.47560760378837585,0.4894618093967438,0.4894618093967438,2.647605538368225,0.5260187865305315,0.009708906345524326
N2-G0_fold1_seed20261005,N2-G0,1,20261005,4,exact_joint_hurdle_nll,0.7018903965556372,3.099820375442505,0.45267657935619354,0.4664657562971115,0.4664657562971115,2.6471439599990845,0.503036570501037,0.009259198883973828
N2-G0_fold1_seed20261005,N2-G0,1,20261005,5,exact_joint_hurdle_nll,0.7018903965556372,3.0488685369491577,0.43135036528110504,0.44506730139255524,0.44506730139255524,2.6175180673599243,0.4818436803195807,0.009093301850797328
N2-G0_fold1_seed20261005,N2-G0,1,20261005,6,exact_joint_hurdle_nll,0.7018903965556372,3.02628755569458,0.4113785922527313,0.4250400811433792,0.4250400811433792,2.614909052848816,0.46198651285035125,0.00907169878408342
N2-G0_fold1_seed20261005,N2-G0,1,20261005,7,exact_joint_hurdle_nll,0.7018903965556372,2.9754562377929688,0.3925696760416031,0.4061819016933441,0.4061819016933441,2.5828860998153687,0.4431417391361197,0.009122422806422488
N2-G0_fold1_seed20261005,N2-G0,1,20261005,8,exact_joint_hurdle_nll,0.7018903965556372,2.9762402772903442,0.37472930550575256,0.388310045003891,0.388310045003891,2.601511001586914,0.42514025458008114,0.009222760524170556
N2-G0_fold1_seed20261005,N2-G0,1,20261005,9,exact_joint_hurdle_nll,0.7018903965556372,2.9348279237747192,0.35783399641513824,0.3714178651571274,0.3714178651571274,2.5769941806793213,0.407926223977372,0.009364145308519735
N2-G0_fold1_seed20261005,N2-G0,1,20261005,10,exact_joint_hurdle_nll,0.7018903965556372,2.9203253984451294,0.3415284603834152,0.3550771623849869,0.3550771623849869,2.5787971019744873,0.39148765016158327,0.009543340773031829
N2-G0_fold1_seed20261005,N2-G0,1,20261005,11,exact_joint_hurdle_nll,0.7018903965556372,2.9030548334121704,0.3259960561990738,0.339496448636055,0.339496448636055,2.5770586729049683,0.37580177159215516,0.009761947609737044
N2-G0_fold1_seed20261005,N2-G0,1,20261005,12,exact_joint_hurdle_nll,0.7018903965556372,2.8833422660827637,0.3110390156507492,0.32454389333724976,0.32454389333724976,2.572303533554077,0.3608196582433661,0.01003499626162741
N2-G0_fold1_seed20261006,N2-G0,1,20261006,1,exact_joint_hurdle_nll,0.7018903965556372,3.694654941558838,0.6958435475826263,0.7114214301109314,0.7114214301109314,2.9988110065460205,0.7423005418885024,0.010330008299467994
N2-G0_fold1_seed20261006,N2-G0,1,20261006,2,exact_joint_hurdle_nll,0.7018903965556372,3.65945565700531,0.6723276972770691,0.6878263652324677,0.6878263652324677,2.9871280193328857,0.7194236812935915,0.010136818437583276
N2-G0_fold1_seed20261006,N2-G0,1,20261006,3,exact_joint_hurdle_nll,0.7018903965556372,3.6288259029388428,0.6499415934085846,0.6655102670192719,0.6655102670192719,2.978883981704712,0.6972456681475676,0.009956075087657655
N2-G0_fold1_seed20261006,N2-G0,1,20261006,4,exact_joint_hurdle_nll,0.7018903965556372,3.609209895133972,0.627705991268158,0.6432167291641235,0.6432167291641235,2.98150372505188,0.6757005482168789,0.009788918680704223
N2-G0_fold1_seed20261006,N2-G0,1,20261006,5,exact_joint_hurdle_nll,0.7018903965556372,3.5670576095581055,0.6063251197338104,0.6217710673809052,0.6217710673809052,2.960732579231262,0.6547588585053153,0.009622470389378907
N2-G0_fold1_seed20261006,N2-G0,1,20261006,6,exact_joint_hurdle_nll,0.7018903965556372,3.5524697303771973,0.5854283571243286,0.6008727252483368,0.6008727252483368,2.9670411348342896,0.6343779941590229,0.00946695869075053
N2-G0_fold1_seed20261006,N2-G0,1,20261006,7,exact_joint_hurdle_nll,0.7018903965556372,3.543004274368286,0.564961701631546,0.5803948044776917,0.5803948044776917,2.978042721748352,0.614511055317486,0.009316421994925625
N2-G0_fold1_seed20261006,N2-G0,1,20261006,8,exact_joint_hurdle_nll,0.7018903965556372,3.5125542879104614,0.5446552038192749,0.5601430535316467,0.5601430535316467,2.967899203300476,0.5951114065987759,0.00920231962024043
N2-G0_fold1_seed20261006,N2-G0,1,20261006,9,exact_joint_hurdle_nll,0.7018903965556372,3.4800204038619995,0.5246207416057587,0.540058970451355,0.540058970451355,2.955399751663208,0.5761364730438465,0.009109619575772259
N2-G0_fold1_seed20261006,N2-G0,1,20261006,10,exact_joint_hurdle_nll,0.7018903965556372,3.4544745683670044,0.5049233138561249,0.5203195214271545,0.5203195214271545,2.949551582336426,0.5575454485726512,0.009012787365581936
N2-G0_fold1_seed20261006,N2-G0,1,20261006,11,exact_joint_hurdle_nll,0.7018903965556372,3.439502239227295,0.4852864593267441,0.5006597489118576,0.5006597489118576,2.9542157649993896,0.5392990957571413,0.00891960325982378
N2-G0_fold1_seed20261006,N2-G0,1,20261006,12,exact_joint_hurdle_nll,0.7018903965556372,3.4062317609786987,0.4657771587371826,0.4810703545808792,0.4810703545808792,2.940454363822937,0.5213496956575117,0.008842053763330977
N2-G0_fold2_seed20261002,N2-G0,2,20261002,1,exact_joint_hurdle_nll,0.7018903965556372,3.610017776489258,0.6719548503557841,0.6979517340660095,0.6979517340660095,2.938062826792399,0.6809333416292931,0.010703212237148917
N2-G0_fold2_seed20261002,N2-G0,2,20261002,2,exact_joint_hurdle_nll,0.7018903965556372,3.563129266103109,0.6214258074760437,0.6474396387736002,0.6474396387736002,2.94170347849528,0.6353837919959044,0.010705127516258562
N2-G0_fold2_seed20261002,N2-G0,2,20261002,3,exact_joint_hurdle_nll,0.7018903965556372,3.492157459259033,0.5762864748636881,0.6019897063573202,0.6019897063573202,2.9158708254496255,0.5939688551317265,0.011021702984872452
N2-G0_fold2_seed20261002,N2-G0,2,20261002,4,exact_joint_hurdle_nll,0.7018903965556372,3.408527215321859,0.5348218083381653,0.5602274338404337,0.5602274338404337,2.8737054665883384,0.5564165221438282,0.011767408071752122
N2-G0_fold2_seed20261002,N2-G0,2,20261002,5,exact_joint_hurdle_nll,0.7018903965556372,3.355408271153768,0.49714982509613037,0.5223444898923238,0.5223444898923238,2.8582584063212075,0.5224554842536479,0.01298669703086034
N2-G0_fold2_seed20261002,N2-G0,2,20261002,6,exact_joint_hurdle_nll,0.7018903965556372,3.2831811904907227,0.463156133890152,0.488044410943985,0.488044410943985,2.8200249671936035,0.4916642687196635,0.014549931870749657
N2-G0_fold2_seed20261002,N2-G0,2,20261002,7,exact_joint_hurdle_nll,0.7018903965556372,3.2198029359181723,0.43209320306777954,0.4567168354988098,0.4567168354988098,2.7877097924550376,0.4635923978997039,0.016379042050478874
N2-G0_fold2_seed20261002,N2-G0,2,20261002,8,exact_joint_hurdle_nll,0.7018903965556372,3.1568826039632163,0.40357503294944763,0.4279111127058665,0.4279111127058665,2.7533074220021567,0.4378506068727714,0.018802780506386833
N2-G0_fold2_seed20261002,N2-G0,2,20261002,9,exact_joint_hurdle_nll,0.7018903965556372,3.095654010772705,0.3775319556395213,0.40158240993817645,0.40158240993817645,2.7181220849355063,0.4141555108107743,0.02321438477409333
N2-G0_fold2_seed20261002,N2-G0,2,20261002,10,exact_joint_hurdle_nll,0.7018903965556372,3.056671619415283,0.353382666905721,0.37725040316581726,0.37725040316581726,2.703289270401001,0.39229696694006727,0.03296139531502518
N2-G0_fold2_seed20261002,N2-G0,2,20261002,11,exact_joint_hurdle_nll,0.7018903965556372,3.009545008341471,0.33093370993932086,0.35452056924502057,0.35452056924502057,2.6786111195882163,0.37206765566599737,0.05203005855987683
N2-G0_fold2_seed20261002,N2-G0,2,20261002,12,exact_joint_hurdle_nll,0.7018903965556372,2.971400578816732,0.30998694896698,0.3334050973256429,0.3334050973256429,2.6614137490590415,0.35320264663732687,0.08477510258343017
N2-G0_fold2_seed20261003,N2-G0,2,20261003,1,exact_joint_hurdle_nll,0.7018903965556372,3.3444031874338784,0.8819398085276285,0.9036758144696554,0.9036758144696554,2.46246329943339,0.9477169170091081,0.009977630094232625
N2-G0_fold2_seed20261003,N2-G0,2,20261003,2,exact_joint_hurdle_nll,0.7018903965556372,3.2851147651672363,0.8270144859949747,0.8487098217010498,0.8487098217010498,2.4581002394358316,0.8936899024932579,0.009830818341785228
N2-G0_fold2_seed20261003,N2-G0,2,20261003,3,exact_joint_hurdle_nll,0.7018903965556372,3.238973697026571,0.7768525083859762,0.7985164324442545,0.7985164324442545,2.46212108929952,0.8434903819765236,0.00978870828956519
N2-G0_fold2_seed20261003,N2-G0,2,20261003,4,exact_joint_hurdle_nll,0.7018903965556372,3.1727585792541504,0.7295584678649902,0.7512027422587076,0.7512027422587076,2.44320011138916,0.7959775726353007,0.009806048884043034
N2-G0_fold2_seed20261003,N2-G0,2,20261003,5,exact_joint_hurdle_nll,0.7018903965556372,3.1352548599243164,0.6851505041122437,0.7067432006200155,0.7067432006200155,2.450104316075643,0.7508192771735155,0.00985580594348449
N2-G0_fold2_seed20261003,N2-G0,2,20261003,6,exact_joint_hurdle_nll,0.7018903965556372,3.083167314529419,0.6433058579762777,0.664863646030426,0.664863646030426,2.4398616949717202,0.7077445595535868,0.009911682998489109
N2-G0_fold2_seed20261003,N2-G0,2,20261003,7,exact_joint_hurdle_nll,0.7018903965556372,3.0481218496958413,0.6036158998807272,0.6251686811447144,0.6251686811447144,2.44450577100118,0.6665979005532919,0.009974439400243718
N2-G0_fold2_seed20261003,N2-G0,2,20261003,8,exact_joint_hurdle_nll,0.7018903965556372,3.001014232635498,0.5662324825922648,0.5877526005109152,0.5877526005109152,2.4347817103068032,0.6273584127092148,0.010040844514993952
N2-G0_fold2_seed20261003,N2-G0,2,20261003,9,exact_joint_hurdle_nll,0.7018903965556372,2.9635299841562905,0.5304247438907623,0.551917294661204,0.551917294661204,2.433105230331421,0.5900995186079291,0.010120056976066837
N2-G0_fold2_seed20261003,N2-G0,2,20261003,10,exact_joint_hurdle_nll,0.7018903965556372,2.9276512463887534,0.49661343296368915,0.5180826187133789,0.5180826187133789,2.4310375849405923,0.5549251314608671,0.010244583840133825
N2-G0_fold2_seed20261003,N2-G0,2,20261003,11,exact_joint_hurdle_nll,0.7018903965556372,2.8980157375335693,0.46436413129170734,0.48579542835553485,0.48579542835553485,2.433651606241862,0.5219071621098714,0.010437234872560751
N2-G0_fold2_seed20261003,N2-G0,2,20261003,12,exact_joint_hurdle_nll,0.7018903965556372,2.8554603258768716,0.4335648715496063,0.4549966553846995,0.4549966553846995,2.421895424524943,0.4910446452464151,0.01070094925189794
N2-G0_fold2_seed20261004,N2-G0,2,20261004,1,exact_joint_hurdle_nll,0.7018903965556372,3.5950424671173096,0.418546587228775,0.44659172495206195,0.44659172495206195,3.1764955520629883,0.46987597366136136,0.012023135106701981
N2-G0_fold2_seed20261004,N2-G0,2,20261004,2,exact_joint_hurdle_nll,0.7018903965556372,3.5372656186421714,0.3839206298192342,0.4116627077261607,0.4116627077261607,3.1533449490865073,0.4376666062442346,0.01181368257325011
N2-G0_fold2_seed20261004,N2-G0,2,20261004,3,exact_joint_hurdle_nll,0.7018903965556372,3.4659237066904702,0.35323087374369305,0.38056280215581256,0.38056280215581256,3.1126927534739175,0.40853950320263516,0.011386945800533375
N2-G0_fold2_seed20261004,N2-G0,2,20261004,4,exact_joint_hurdle_nll,0.7018903965556372,3.4104300340016684,0.32499584555625916,0.3519459366798401,0.3519459366798401,3.0854338804880777,0.3820370556463018,0.010951171725458852
N2-G0_fold2_seed20261004,N2-G0,2,20261004,5,exact_joint_hurdle_nll,0.7018903965556372,3.3505422274271646,0.29934149980545044,0.325999120871226,0.325999120871226,3.0512007077534995,0.3580408225481051,0.010637959498729619
N2-G0_fold2_seed20261004,N2-G0,2,20261004,6,exact_joint_hurdle_nll,0.7018903965556372,3.3112552165985107,0.275901198387146,0.30243141452471417,0.30243141452471417,3.035354216893514,0.33631077951064065,0.010523453382192235
N2-G0_fold2_seed20261004,N2-G0,2,20261004,7,exact_joint_hurdle_nll,0.7018903965556372,3.254936854044596,0.25468196471532184,0.28106693426767987,0.28106693426767987,3.0002547105153403,0.31656705014816516,0.010646689186556226
N2-G0_fold2_seed20261004,N2-G0,2,20261004,8,exact_joint_hurdle_nll,0.7018903965556372,3.236414988835653,0.23550180594126383,0.2617616554101308,0.2617616554101308,3.000913222630819,0.2985983629945188,0.01103621652775137
N2-G0_fold2_seed20261004,N2-G0,2,20261004,9,exact_joint_hurdle_nll,0.7018903965556372,3.1986849308013916,0.2183000644048055,0.2444984863201777,0.2444984863201777,2.9803848266601562,0.28230495264982947,0.011642886533218719
N2-G0_fold2_seed20261004,N2-G0,2,20261004,10,exact_joint_hurdle_nll,0.7018903965556372,3.165826161702474,0.20302835603555044,0.2290467768907547,0.2290467768907547,2.9627979596455893,0.26762763835901876,0.012418156084890782
N2-G0_fold2_seed20261004,N2-G0,2,20261004,11,exact_joint_hurdle_nll,0.7018903965556372,3.1396330197652182,0.18945745627085367,0.21530536313851675,0.21530536313851675,2.9501752853393555,0.2544811492400617,0.013408685479882991
N2-G0_fold2_seed20261004,N2-G0,2,20261004,12,exact_joint_hurdle_nll,0.7018903965556372,3.0906995932261148,0.17743327220280966,0.2030659019947052,0.2030659019947052,2.9132660230000815,0.24278398542186383,0.014678210308417075
N2-G0_fold2_seed20261005,N2-G0,2,20261005,1,exact_joint_hurdle_nll,0.7018903965556372,3.2052642504374185,0.5318189462025961,0.5553529858589172,0.5553529858589172,2.673445463180542,0.553932268853279,0.010776684479399458
N2-G0_fold2_seed20261005,N2-G0,2,20261005,2,exact_joint_hurdle_nll,0.7018903965556372,3.150482495625814,0.49161245425542194,0.5150164067745209,0.5150164067745209,2.658869902292887,0.5175950833444332,0.010207021285064927
N2-G0_fold2_seed20261005,N2-G0,2,20261005,3,exact_joint_hurdle_nll,0.7018903965556372,3.0990805625915527,0.457014262676239,0.48029986023902893,0.48029986023902893,2.642066160837809,0.4858252980152252,0.010092850948354297
N2-G0_fold2_seed20261005,N2-G0,2,20261005,4,exact_joint_hurdle_nll,0.7018903965556372,3.053155501683553,0.4262218276659648,0.4494029680887858,0.4494029680887858,2.6269333362579346,0.4576832226036179,0.010192810974271785
N2-G0_fold2_seed20261005,N2-G0,2,20261005,5,exact_joint_hurdle_nll,0.7018903965556372,3.00078813234965,0.398046334584554,0.42108885447184247,0.42108885447184247,2.602741559346517,0.4325101631381892,0.010423743266177269
N2-G0_fold2_seed20261005,N2-G0,2,20261005,6,exact_joint_hurdle_nll,0.7018903965556372,2.969029188156128,0.3719913065433502,0.3949359754721324,0.3949359754721324,2.5970381100972495,0.4097352847606947,0.010701592300705899
N2-G0_fold2_seed20261005,N2-G0,2,20261005,7,exact_joint_hurdle_nll,0.7018903965556372,2.947911341985067,0.3477403422196706,0.37065179149309796,0.37065179149309796,2.600170930226644,0.3888304057309381,0.010930826612691399
N2-G0_fold2_seed20261005,N2-G0,2,20261005,8,exact_joint_hurdle_nll,0.7018903965556372,2.9221156438191733,0.3250005543231964,0.34794963399569195,0.34794963399569195,2.5971151192982993,0.36930473740330316,0.011089235190761233
N2-G0_fold2_seed20261005,N2-G0,2,20261005,9,exact_joint_hurdle_nll,0.7018903965556372,2.9047749042510986,0.3036716381708781,0.326673557360967,0.326673557360967,2.601103146870931,0.35076207055448794,0.011217065980453383
N2-G0_fold2_seed20261005,N2-G0,2,20261005,10,exact_joint_hurdle_nll,0.7018903965556372,2.878943999608358,0.28331103920936584,0.3062969446182251,0.3062969446182251,2.5956331888834634,0.3329340894879619,0.01137286612426132
N2-G0_fold2_seed20261005,N2-G0,2,20261005,11,exact_joint_hurdle_nll,0.7018903965556372,2.867313861846924,0.2641390860080719,0.2872148851553599,0.2872148851553599,2.6031746864318848,0.31567378622507075,0.011612177425943108
N2-G0_fold2_seed20261005,N2-G0,2,20261005,12,exact_joint_hurdle_nll,0.7018903965556372,2.851672967274984,0.24585536619027457,0.26891084015369415,0.26891084015369415,2.6058174769083657,0.29894097253833785,0.01195789533085765
N2-G0_fold2_seed20261006,N2-G0,2,20261006,1,exact_joint_hurdle_nll,0.7018903965556372,3.7001856168111167,0.6960380673408508,0.7224305073420206,0.7224305073420206,3.004147211710612,0.7217140530500277,0.014313060705019493
N2-G0_fold2_seed20261006,N2-G0,2,20261006,2,exact_joint_hurdle_nll,0.7018903965556372,3.6642377376556396,0.6618746320406595,0.6880778868993124,0.6880778868993124,3.0023630460103354,0.6893758504963808,0.014239405559537868
N2-G0_fold2_seed20261006,N2-G0,2,20261006,3,exact_joint_hurdle_nll,0.7018903965556372,3.6006815433502197,0.6295031309127808,0.655660072962443,0.655660072962443,2.9711782932281494,0.6585199319084726,0.014205435121229168
N2-G0_fold2_seed20261006,N2-G0,2,20261006,4,exact_joint_hurdle_nll,0.7018903965556372,3.57551900545756,0.5985529621442159,0.6246708631515503,0.6246708631515503,2.9769659837086997,0.6288950547815668,0.014137821799781318
N2-G0_fold2_seed20261006,N2-G0,2,20261006,5,exact_joint_hurdle_nll,0.7018903965556372,3.545705000559489,0.568537970383962,0.5945697824160258,0.5945697824160258,2.9771672089894614,0.6003764762416977,0.01400335884812119
N2-G0_fold2_seed20261006,N2-G0,2,20261006,6,exact_joint_hurdle_nll,0.7018903965556372,3.493347962697347,0.5397674242655436,0.565732995669047,0.565732995669047,2.953580617904663,0.572793551069844,0.013889767303660178
N2-G0_fold2_seed20261006,N2-G0,2,20261006,7,exact_joint_hurdle_nll,0.7018903965556372,3.4574641386667886,0.5114004214604696,0.5372879306475321,0.5372879306475321,2.946063756942749,0.5459499737658892,0.013945450266148686
N2-G0_fold2_seed20261006,N2-G0,2,20261006,8,exact_joint_hurdle_nll,0.7018903965556372,3.4011252721150718,0.4837304850419362,0.5094850460688273,0.5094850460688273,2.9173949559529624,0.5196487853744427,0.01423001846873405
N2-G0_fold2_seed20261006,N2-G0,2,20261006,9,exact_joint_hurdle_nll,0.7018903965556372,3.3906380335489907,0.4565457304318746,0.4822900394598643,0.4822900394598643,2.9340926011403403,0.493720715644285,0.014613432332540413
N2-G0_fold2_seed20261006,N2-G0,2,20261006,10,exact_joint_hurdle_nll,0.7018903965556372,3.3517488638559976,0.4297669728597005,0.4554322163263957,0.4554322163263957,2.9219818909962973,0.4680536012682489,0.014758360861970046
N2-G0_fold2_seed20261006,N2-G0,2,20261006,11,exact_joint_hurdle_nll,0.7018903965556372,3.31561009089152,0.40333329637845355,0.4289921124776204,0.4289921124776204,2.9122766653696694,0.4426100364171935,0.014305027268055291
N2-G0_fold2_seed20261006,N2-G0,2,20261006,12,exact_joint_hurdle_nll,0.7018903965556372,3.286250034968058,0.3771621783574422,0.4028040369351705,0.4028040369351705,2.909088134765625,0.4174196469514459,0.013339645987076112
N2-G0_fold3_seed20261002,N2-G0,3,20261002,1,exact_joint_hurdle_nll,0.7018903965556372,3.612916648387909,0.6611030399799347,0.6943493485450745,0.6943493485450745,2.951813578605652,0.6341200666459761,0.025152161123175844
N2-G0_fold3_seed20261002,N2-G0,3,20261002,2,exact_joint_hurdle_nll,0.7018903965556372,3.5278635025024414,0.596707284450531,0.6296126991510391,0.6296126991510391,2.9311563372612,0.5794200996142784,0.023070351222684058
N2-G0_fold3_seed20261002,N2-G0,3,20261002,3,exact_joint_hurdle_nll,0.7018903965556372,3.420584976673126,0.540530189871788,0.5729742795228958,0.5729742795228958,2.8800548315048218,0.5297440158186435,0.022311464445043266
N2-G0_fold3_seed20261002,N2-G0,3,20261002,4,exact_joint_hurdle_nll,0.7018903965556372,3.338858187198639,0.4911569133400917,0.5231111943721771,0.5231111943721771,2.84770131111145,0.48513334759499677,0.023393549864840903
N2-G0_fold3_seed20261002,N2-G0,3,20261002,5,exact_joint_hurdle_nll,0.7018903965556372,3.2496842741966248,0.44752374291419983,0.4789745807647705,0.4789745807647705,2.802160382270813,0.4455036787546357,0.025041052500585213
N2-G0_fold3_seed20261002,N2-G0,3,20261002,6,exact_joint_hurdle_nll,0.7018903965556372,3.171887516975403,0.4091782942414284,0.44007911533117294,0.44007911533117294,2.7627092003822327,0.41042990098504306,0.027025339288322646
N2-G0_fold3_seed20261002,N2-G0,3,20261002,7,exact_joint_hurdle_nll,0.7018903965556372,3.0790880918502808,0.37459201365709305,0.40496985614299774,0.40496985614299774,2.7044960260391235,0.37929809330189457,0.02995818595167975
N2-G0_fold3_seed20261002,N2-G0,3,20261002,8,exact_joint_hurdle_nll,0.7018903965556372,3.0053385496139526,0.34358954429626465,0.37346383184194565,0.37346383184194565,2.661748766899109,0.35136691997314384,0.0369648465020701
N2-G0_fold3_seed20261002,N2-G0,3,20261002,9,exact_joint_hurdle_nll,0.7018903965556372,2.94942706823349,0.3153543546795845,0.3448643609881401,0.3448643609881401,2.634072721004486,0.3258302161606946,0.0536633326036007
N2-G0_fold3_seed20261002,N2-G0,3,20261002,10,exact_joint_hurdle_nll,0.7018903965556372,2.899562954902649,0.28933876752853394,0.318478599190712,0.318478599190712,2.6102242469787598,0.30195361159409717,0.09729495125323076
N2-G0_fold3_seed20261002,N2-G0,3,20261002,11,exact_joint_hurdle_nll,0.7018903965556372,2.8342469930648804,0.2648708447813988,0.2936607450246811,0.2936607450246811,2.5693761706352234,0.2792743324586196,0.16823316745397165
N2-G0_fold3_seed20261002,N2-G0,3,20261002,12,exact_joint_hurdle_nll,0.7018903965556372,2.778127610683441,0.24151677638292313,0.2699230946600437,0.2699230946600437,2.5366110801696777,0.25773632952057735,0.1874276310601341
N2-G0_fold3_seed20261003,N2-G0,3,20261003,1,exact_joint_hurdle_nll,0.7018903965556372,3.35167133808136,0.887468695640564,0.915101170539856,0.915101170539856,2.4642025232315063,0.9598952234639032,0.009214232188434838
N2-G0_fold3_seed20261003,N2-G0,3,20261003,2,exact_joint_hurdle_nll,0.7018903965556372,3.2715357542037964,0.8158918023109436,0.84339639544487,0.84339639544487,2.455643951892853,0.8890816889533619,0.009091571442938217
N2-G0_fold3_seed20261003,N2-G0,3,20261003,3,exact_joint_hurdle_nll,0.7018903965556372,3.2102295756340027,0.7512264102697372,0.778697744011879,0.778697744011879,2.459003210067749,0.8229652078963139,0.009048250100553771
N2-G0_fold3_seed20261003,N2-G0,3,20261003,4,exact_joint_hurdle_nll,0.7018903965556372,3.1342897415161133,0.691505029797554,0.7189295291900635,0.7189295291900635,2.44278484582901,0.760431316768528,0.00904299961296624
N2-G0_fold3_seed20261003,N2-G0,3,20261003,5,exact_joint_hurdle_nll,0.7018903965556372,3.077964127063751,0.6360728889703751,0.6634527742862701,0.6634527742862701,2.441891074180603,0.7011431776883404,0.009051871070659074
N2-G0_fold3_seed20261003,N2-G0,3,20261003,6,exact_joint_hurdle_nll,0.7018903965556372,3.018278479576111,0.5843240469694138,0.6116710007190704,0.6116710007190704,2.4339544773101807,0.6450410960745709,0.009083065465020768
N2-G0_fold3_seed20261003,N2-G0,3,20261003,7,exact_joint_hurdle_nll,0.7018903965556372,2.9703238010406494,0.5361689329147339,0.5634418278932571,0.5634418278932571,2.4341549277305603,0.5924198637466749,0.009143396705899543
N2-G0_fold3_seed20261003,N2-G0,3,20261003,8,exact_joint_hurdle_nll,0.7018903965556372,2.9151787161827087,0.49115322530269623,0.5183468908071518,0.5183468908071518,2.4240256547927856,0.5437240562125011,0.009239064751046223
N2-G0_fold3_seed20261003,N2-G0,3,20261003,9,exact_joint_hurdle_nll,0.7018903965556372,2.8655887246131897,0.4494454488158226,0.47654764354228973,0.47654764354228973,2.4161431193351746,0.49926995940839414,0.009365334775065959
N2-G0_fold3_seed20261003,N2-G0,3,20261003,10,exact_joint_hurdle_nll,0.7018903965556372,2.8289639353752136,0.4107785299420357,0.4378550723195076,0.4378550723195076,2.4181853532791138,0.45910763210392597,0.009483146499315519
N2-G0_fold3_seed20261003,N2-G0,3,20261003,11,exact_joint_hurdle_nll,0.7018903965556372,2.7878463864326477,0.374606229364872,0.4016122668981552,0.4016122668981552,2.413240134716034,0.423004086616149,0.00955802259577795
N2-G0_fold3_seed20261003,N2-G0,3,20261003,12,exact_joint_hurdle_nll,0.7018903965556372,2.7505435943603516,0.3410220816731453,0.3680299147963524,0.3680299147963524,2.409521520137787,0.39042468256717505,0.009612486536809179
N2-G0_fold3_seed20261004,N2-G0,3,20261004,1,exact_joint_hurdle_nll,0.7018903965556372,3.5980077981948853,0.4172130823135376,0.4529167339205742,0.4529167339205742,3.1807944774627686,0.41408322143070797,0.01884717242161219
N2-G0_fold3_seed20261004,N2-G0,3,20261004,2,exact_joint_hurdle_nll,0.7018903965556372,3.50843745470047,0.3730824887752533,0.40818487107753754,0.40818487107753754,3.13535475730896,0.3764623869277016,0.018497918316660627
N2-G0_fold3_seed20261004,N2-G0,3,20261004,3,exact_joint_hurdle_nll,0.7018903965556372,3.4148117303848267,0.3343539163470268,0.3688623756170273,0.3688623756170273,3.080458104610443,0.3438520290335812,0.016942810207561776
N2-G0_fold3_seed20261004,N2-G0,3,20261004,4,exact_joint_hurdle_nll,0.7018903965556372,3.336704194545746,0.30006104707717896,0.33407583087682724,0.33407583087682724,3.036643147468567,0.3153067478050669,0.014375542187109215
N2-G0_fold3_seed20261004,N2-G0,3,20261004,5,exact_joint_hurdle_nll,0.7018903965556372,3.2816467881202698,0.2700325921177864,0.30371277034282684,0.30371277034282684,3.0116140246391296,0.2903618186428923,0.011836343804737647
N2-G0_fold3_seed20261004,N2-G0,3,20261004,6,exact_joint_hurdle_nll,0.7018903965556372,3.237492620944977,0.24380547180771828,0.2772120460867882,0.2772120460867882,2.9936872720718384,0.26857271656758785,0.010501138606951883
N2-G0_fold3_seed20261004,N2-G0,3,20261004,7,exact_joint_hurdle_nll,0.7018903965556372,3.1847270131111145,0.22112667560577393,0.25431087985634804,0.25431087985634804,2.9636003971099854,0.24955005383721063,0.010198308707576624
N2-G0_fold3_seed20261004,N2-G0,3,20261004,8,exact_joint_hurdle_nll,0.7018903965556372,3.1447346210479736,0.20146256685256958,0.23442721366882324,0.23442721366882324,2.943272292613983,0.23289182336626618,0.010416863569640776
N2-G0_fold3_seed20261004,N2-G0,3,20261004,9,exact_joint_hurdle_nll,0.7018903965556372,3.098205089569092,0.1845008097589016,0.2171114906668663,0.2171114906668663,2.913704037666321,0.21820967524950516,0.010942182100574948
N2-G0_fold3_seed20261004,N2-G0,3,20261004,10,exact_joint_hurdle_nll,0.7018903965556372,3.0479313135147095,0.16997048631310463,0.2022203430533409,0.2022203430533409,2.877960741519928,0.20528795291263616,0.0116493306213188
N2-G0_fold3_seed20261004,N2-G0,3,20261004,11,exact_joint_hurdle_nll,0.7018903965556372,3.008702337741852,0.15750452503561974,0.1893974393606186,0.1893974393606186,2.8511977791786194,0.1938870388481955,0.012591053282305377
N2-G0_fold3_seed20261004,N2-G0,3,20261004,12,exact_joint_hurdle_nll,0.7018903965556372,2.954946458339691,0.14685244485735893,0.1783244125545025,0.1783244125545025,2.808094084262848,0.18376421755302583,0.013859216725724832
N2-G0_fold3_seed20261005,N2-G0,3,20261005,1,exact_joint_hurdle_nll,0.7018903965556372,3.195611596107483,0.5257263630628586,0.5555854141712189,0.5555854141712189,2.6698853969573975,0.5039245438198799,0.02358065723612332
N2-G0_fold3_seed20261005,N2-G0,3,20261005,2,exact_joint_hurdle_nll,0.7018903965556372,3.123532235622406,0.47508593648672104,0.5046937614679337,0.5046937614679337,2.648446202278137,0.4594084298955256,0.02196617871140688
N2-G0_fold3_seed20261005,N2-G0,3,20261005,3,exact_joint_hurdle_nll,0.7018903965556372,3.0574162006378174,0.43291300535202026,0.46229731291532516,0.46229731291532516,2.624503433704376,0.4209310670945693,0.020361155187384253
N2-G0_fold3_seed20261005,N2-G0,3,20261005,4,exact_joint_hurdle_nll,0.7018903965556372,3.0022688508033752,0.39610646665096283,0.42532919347286224,0.42532919347286224,2.606162667274475,0.387198602304655,0.019739528310896697
N2-G0_fold3_seed20261005,N2-G0,3,20261005,5,exact_joint_hurdle_nll,0.7018903965556372,2.96236515045166,0.36294954270124435,0.3920801281929016,0.3920801281929016,2.599415361881256,0.3570972553855533,0.02009796767247158
N2-G0_fold3_seed20261005,N2-G0,3,20261005,6,exact_joint_hurdle_nll,0.7018903965556372,2.9221783876419067,0.3327523395419121,0.36184750497341156,0.36184750497341156,2.5894259810447693,0.3296963768514557,0.02190463151235673
N2-G0_fold3_seed20261005,N2-G0,3,20261005,7,exact_joint_hurdle_nll,0.7018903965556372,2.8978235721588135,0.30488549172878265,0.33409151434898376,0.33409151434898376,2.592938005924225,0.30440291967550326,0.024498825753704594
N2-G0_fold3_seed20261005,N2-G0,3,20261005,8,exact_joint_hurdle_nll,0.7018903965556372,2.8852400183677673,0.2787011116743088,0.307989239692688,0.307989239692688,2.6065388917922974,0.28086947194141393,0.02755173132522172
N2-G0_fold3_seed20261005,N2-G0,3,20261005,9,exact_joint_hurdle_nll,0.7018903965556372,2.8655181527137756,0.25390686839818954,0.2832016572356224,0.2832016572356224,2.6116113662719727,0.25893718189952625,0.0314416951300543
N2-G0_fold3_seed20261005,N2-G0,3,20261005,10,exact_joint_hurdle_nll,0.7018903965556372,2.8354273438453674,0.23090169206261635,0.26010094210505486,0.26010094210505486,2.604525566101074,0.23867210980004344,0.03645314586820487
N2-G0_fold3_seed20261005,N2-G0,3,20261005,11,exact_joint_hurdle_nll,0.7018903965556372,2.787542462348938,0.20951560139656067,0.2384599968791008,0.2384599968791008,2.57802677154541,0.22031716855594477,0.04209063244077337
N2-G0_fold3_seed20261005,N2-G0,3,20261005,12,exact_joint_hurdle_nll,0.7018903965556372,2.759463608264923,0.18993107602000237,0.21858344227075577,0.21858344227075577,2.5695324540138245,0.20412927878543807,0.04858003993250521
N2-G0_fold3_seed20261006,N2-G0,3,20261006,1,exact_joint_hurdle_nll,0.7018903965556372,3.68892502784729,0.6892899870872498,0.7227983623743057,0.7227983623743057,2.999634802341461,0.6750625084360614,0.05672953200148945
N2-G0_fold3_seed20261006,N2-G0,3,20261006,2,exact_joint_hurdle_nll,0.7018903965556372,3.620636463165283,0.6449261158704758,0.6782145947217941,0.6782145947217941,2.975710391998291,0.6327528442543874,0.05454201416621577
N2-G0_fold3_seed20261006,N2-G0,3,20261006,3,exact_joint_hurdle_nll,0.7018903965556372,3.5699814558029175,0.6033091396093369,0.6364476978778839,0.6364476978778839,2.9666723012924194,0.5927062765166659,0.04810293303948585
N2-G0_fold3_seed20261006,N2-G0,3,20261006,4,exact_joint_hurdle_nll,0.7018903965556372,3.5076851844787598,0.5638942122459412,0.5968381613492966,0.5968381613492966,2.943790853023529,0.5545090518965283,0.034994373115799934
N2-G0_fold3_seed20261006,N2-G0,3,20261006,5,exact_joint_hurdle_nll,0.7018903965556372,3.4673898816108704,0.526084378361702,0.5589081346988678,0.5589081346988678,2.9413055181503296,0.5178986153318151,0.02461657915096855
N2-G0_fold3_seed20261006,N2-G0,3,20261006,6,exact_joint_hurdle_nll,0.7018903965556372,3.412870407104492,0.4890718087553978,0.5217509493231773,0.5217509493231773,2.923798441886902,0.4826121895285893,0.02005628158276255
N2-G0_fold3_seed20261006,N2-G0,3,20261006,7,exact_joint_hurdle_nll,0.7018903965556372,3.361068904399872,0.45309674739837646,0.4856390580534935,0.4856390580534935,2.907972037792206,0.44845287015227075,0.017417011343756044
N2-G0_fold3_seed20261006,N2-G0,3,20261006,8,exact_joint_hurdle_nll,0.7018903965556372,3.3193969130516052,0.41779881715774536,0.45021340996026993,0.45021340996026993,2.9015979170799255,0.4153248841127368,0.015286402513958134
N2-G0_fold3_seed20261006,N2-G0,3,20261006,9,exact_joint_hurdle_nll,0.7018903965556372,3.266562581062317,0.3829154595732689,0.4152694270014763,0.4152694270014763,2.8836470246315002,0.38324393785593847,0.012758053395584083
N2-G0_fold3_seed20261006,N2-G0,3,20261006,10,exact_joint_hurdle_nll,0.7018903965556372,3.216503083705902,0.3483802229166031,0.38059259206056595,0.38059259206056595,2.8681228160858154,0.3522824497371366,0.010975184396666452
N2-G0_fold3_seed20261006,N2-G0,3,20261006,11,exact_joint_hurdle_nll,0.7018903965556372,3.1694679260253906,0.31413377821445465,0.34618860483169556,0.34618860483169556,2.8553340435028076,0.32249005462256936,0.010249886865969242
N2-G0_fold3_seed20261006,N2-G0,3,20261006,12,exact_joint_hurdle_nll,0.7018903965556372,3.092348277568817,0.28136466443538666,0.313001312315464,0.313001312315464,2.8109834790229797,0.29400033570294587,0.010080693843206553
N2-G0_fold4_seed20261002,N2-G0,4,20261002,1,exact_joint_hurdle_nll,0.7018903965556372,3.2989471435546873,0.6513583898544312,0.6828287601470947,0.6828287601470947,2.6475887298583984,0.6686193845940612,0.031231828236253978
N2-G0_fold4_seed20261002,N2-G0,4,20261002,2,exact_joint_hurdle_nll,0.7018903965556372,3.1967759132385254,0.5748103499412537,0.6059261441230774,0.6059261441230774,2.6219653844833375,0.6015659511394952,0.02812542643669219
N2-G0_fold4_seed20261002,N2-G0,4,20261002,3,exact_joint_hurdle_nll,0.7018903965556372,3.0949286937713625,0.5097592234611511,0.5404384016990662,0.5404384016990662,2.5851694107055665,0.5430022827463474,0.02738544221483813
N2-G0_fold4_seed20261002,N2-G0,4,20261002,4,exact_joint_hurdle_nll,0.7018903965556372,2.9997811317443848,0.45422659516334535,0.48445348143577577,0.48445348143577577,2.54555459022522,0.49167223764924595,0.029495350459675957
N2-G0_fold4_seed20261002,N2-G0,4,20261002,5,exact_joint_hurdle_nll,0.7018903965556372,2.9025985956192017,0.4063198983669281,0.4360373318195343,0.4360373318195343,2.496278738975525,0.44678005507152346,0.03444774549774361
N2-G0_fold4_seed20261002,N2-G0,4,20261002,6,exact_joint_hurdle_nll,0.7018903965556372,2.8304581880569457,0.36446550488471985,0.39373615980148313,0.39373615980148313,2.465992736816406,0.4074952718415187,0.045790132623315244
N2-G0_fold4_seed20261002,N2-G0,4,20261002,7,exact_joint_hurdle_nll,0.7018903965556372,2.7433804512023925,0.32752844095230105,0.35638784170150756,0.35638784170150756,2.415851902961731,0.37287312169453873,0.07572089543550908
N2-G0_fold4_seed20261002,N2-G0,4,20261002,8,exact_joint_hurdle_nll,0.7018903965556372,2.684448766708374,0.294111305475235,0.32255294919013977,0.32255294919013977,2.390337610244751,0.3414145813891874,0.15576948546491942
N2-G0_fold4_seed20261002,N2-G0,4,20261002,9,exact_joint_hurdle_nll,0.7018903965556372,2.6255618810653685,0.2631243050098419,0.29125442504882815,0.29125442504882815,2.3624376535415648,0.3120526260132122,0.21844928620957368
N2-G0_fold4_seed20261002,N2-G0,4,20261002,10,exact_joint_hurdle_nll,0.7018903965556372,2.5624650716781616,0.23432937562465667,0.26211566030979155,0.26211566030979155,2.328135681152344,0.28512328904794393,0.2246382650961995
N2-G0_fold4_seed20261002,N2-G0,4,20261002,11,exact_joint_hurdle_nll,0.7018903965556372,2.5216610193252564,0.20725500881671904,0.23482122421264648,0.23482122421264648,2.31440589427948,0.2612792987788436,0.23614586520446088
N2-G0_fold4_seed20261002,N2-G0,4,20261002,12,exact_joint_hurdle_nll,0.7018903965556372,2.470180082321167,0.18249292373657228,0.20986073911190034,0.20986073911190034,2.2876870155334474,0.24068894576463304,0.23277181446108794
N2-G0_fold4_seed20261003,N2-G0,4,20261003,1,exact_joint_hurdle_nll,0.7018903965556372,3.1593008995056153,0.8973349690437317,0.9244179964065552,0.9244179964065552,2.261965847015381,0.9007890677543389,0.01557673691373228
N2-G0_fold4_seed20261003,N2-G0,4,20261003,2,exact_joint_hurdle_nll,0.7018903965556372,3.0678447246551515,0.8099098086357117,0.8369233250617981,0.8369233250617981,2.2579349756240843,0.8246943729229546,0.015421139442928613
N2-G0_fold4_seed20261003,N2-G0,4,20261003,3,exact_joint_hurdle_nll,0.7018903965556372,2.983759546279907,0.7323681950569153,0.7593630433082581,0.7593630433082581,2.251391553878784,0.7557908842050092,0.015372173735790163
N2-G0_fold4_seed20261003,N2-G0,4,20261003,4,exact_joint_hurdle_nll,0.7018903965556372,2.9169261932373045,0.6614320039749145,0.688418173789978,0.688418173789978,2.255493927001953,0.6914109662586796,0.01533131439203782
N2-G0_fold4_seed20261003,N2-G0,4,20261003,5,exact_joint_hurdle_nll,0.7018903965556372,2.8464050769805906,0.5961021304130554,0.6230764508247375,0.6230764508247375,2.2503030061721803,0.6306243150964324,0.015339079488773147
N2-G0_fold4_seed20261003,N2-G0,4,20261003,6,exact_joint_hurdle_nll,0.7018903965556372,2.780750036239624,0.535886538028717,0.562814724445343,0.562814724445343,2.2448634624481203,0.5734478899766958,0.015450406796391581
N2-G0_fold4_seed20261003,N2-G0,4,20261003,7,exact_joint_hurdle_nll,0.7018903965556372,2.7231251001358032,0.48075721859931947,0.5076527774333954,0.5076527774333954,2.242367887496948,0.5205789689710714,0.0156777509134149
N2-G0_fold4_seed20261003,N2-G0,4,20261003,8,exact_joint_hurdle_nll,0.7018903965556372,2.6628379583358766,0.4305936872959137,0.4574172914028168,0.4574172914028168,2.232244110107422,0.4728391969350426,0.015990968828721724
N2-G0_fold4_seed20261003,N2-G0,4,20261003,9,exact_joint_hurdle_nll,0.7018903965556372,2.6205801248550413,0.3851482033729553,0.411950945854187,0.411950945854187,2.2354319095611572,0.4306133824888119,0.016319624635857257
N2-G0_fold4_seed20261003,N2-G0,4,20261003,10,exact_joint_hurdle_nll,0.7018903965556372,2.5763130664825438,0.34388265013694763,0.3706844449043274,0.3706844449043274,2.232430410385132,0.3933153448822827,0.0167002621419108
N2-G0_fold4_seed20261003,N2-G0,4,20261003,11,exact_joint_hurdle_nll,0.7018903965556372,2.5428937435150147,0.30668249130249026,0.3335380554199219,0.3335380554199219,2.2362112283706663,0.35937909172025806,0.017082916929279417
N2-G0_fold4_seed20261003,N2-G0,4,20261003,12,exact_joint_hurdle_nll,0.7018903965556372,2.5172903299331666,0.2733518183231354,0.3003047823905945,0.3003047823905945,2.2439385652542114,0.32828660066005855,0.017018664645238445
N2-G0_fold4_seed20261004,N2-G0,4,20261004,1,exact_joint_hurdle_nll,0.7018903965556372,3.246516728401184,0.41206700801849366,0.445555979013443,0.445555979013443,2.834449553489685,0.43518703737698133,0.025434357085194738
N2-G0_fold4_seed20261004,N2-G0,4,20261004,2,exact_joint_hurdle_nll,0.7018903965556372,3.1525147914886475,0.35954169631004335,0.39241042137146,0.39241042137146,2.792973351478577,0.3916461968929536,0.02506284451804574
N2-G0_fold4_seed20261004,N2-G0,4,20261004,3,exact_joint_hurdle_nll,0.7018903965556372,3.0599239349365233,0.3148829996585846,0.3472026526927948,0.3472026526927948,2.745040941238403,0.3546338675341546,0.023546814811003944
N2-G0_fold4_seed20261004,N2-G0,4,20261004,4,exact_joint_hurdle_nll,0.7018903965556372,2.9731563568115233,0.27685953974723815,0.308792906999588,0.308792906999588,2.6962969303131104,0.3231898182462149,0.021800101939893936
N2-G0_fold4_seed20261004,N2-G0,4,20261004,5,exact_joint_hurdle_nll,0.7018903965556372,2.920642280578613,0.24485833048820496,0.27656683325767517,0.27656683325767517,2.6757838487625123,0.2966106113188026,0.021081465497062385
N2-G0_fold4_seed20261004,N2-G0,4,20261004,6,exact_joint_hurdle_nll,0.7018903965556372,2.8882904052734375,0.2178317904472351,0.24930205643177034,0.24930205643177034,2.6704586267471315,0.2741923001768898,0.02137910011424773
N2-G0_fold4_seed20261004,N2-G0,4,20261004,7,exact_joint_hurdle_nll,0.7018903965556372,2.829618144035339,0.19530310928821565,0.2265082985162735,0.2265082985162735,2.634315013885498,0.2553484282708561,0.022337039599020125
N2-G0_fold4_seed20261004,N2-G0,4,20261004,8,exact_joint_hurdle_nll,0.7018903965556372,2.7905397176742555,0.17643535435199736,0.2073815017938614,0.2073815017938614,2.614104223251343,0.23976089720113883,0.02369836821256437
N2-G0_fold4_seed20261004,N2-G0,4,20261004,9,exact_joint_hurdle_nll,0.7018903965556372,2.7509044408798218,0.16085929572582244,0.19143932461738586,0.19143932461738586,2.5900449991226195,0.22704541655823215,0.025505789846314963
N2-G0_fold4_seed20261004,N2-G0,4,20261004,10,exact_joint_hurdle_nll,0.7018903965556372,2.7009440660476685,0.1479166865348816,0.17811743915081024,0.17811743915081024,2.5530272483825684,0.2166927181550456,0.028422726237850443
N2-G0_fold4_seed20261004,N2-G0,4,20261004,11,exact_joint_hurdle_nll,0.7018903965556372,2.646744704246521,0.13694100081920624,0.16673450469970702,0.16673450469970702,2.509803628921509,0.20816139079853288,0.03401816249862136
N2-G0_fold4_seed20261004,N2-G0,4,20261004,12,exact_joint_hurdle_nll,0.7018903965556372,2.609093427658081,0.12755292952060698,0.1570137321949005,0.1570137321949005,2.481540393829346,0.2009201267226631,0.04604312879705688
N2-G0_fold4_seed20261005,N2-G0,4,20261005,1,exact_joint_hurdle_nll,0.7018903965556372,2.939015769958496,0.5169338464736939,0.5457087635993958,0.5457087635993958,2.422082042694092,0.5338404846766543,0.03657255267331763
N2-G0_fold4_seed20261005,N2-G0,4,20261005,2,exact_joint_hurdle_nll,0.7018903965556372,2.8542216777801515,0.45675877928733827,0.4852707028388977,0.4852707028388977,2.397463011741638,0.4835940370593832,0.030050854410994053
N2-G0_fold4_seed20261005,N2-G0,4,20261005,3,exact_joint_hurdle_nll,0.7018903965556372,2.787844443321228,0.407795250415802,0.4361800491809845,0.4361800491809845,2.3800493240356446,0.4415779202572839,0.027487895034055836
N2-G0_fold4_seed20261005,N2-G0,4,20261005,4,exact_joint_hurdle_nll,0.7018903965556372,2.7336987257003784,0.3656167507171631,0.3938961386680603,0.3938961386680603,2.368081974983215,0.40498213271693084,0.026572277845114317
N2-G0_fold4_seed20261005,N2-G0,4,20261005,5,exact_joint_hurdle_nll,0.7018903965556372,2.6929315328598022,0.32828445434570314,0.3565349280834198,0.3565349280834198,2.3646472454071046,0.37186040421989824,0.026702117331275487
N2-G0_fold4_seed20261005,N2-G0,4,20261005,6,exact_joint_hurdle_nll,0.7018903965556372,2.666248822212219,0.2945112884044647,0.3228282630443573,0.3228282630443573,2.371737504005432,0.3409678687824428,0.028651725680747753
N2-G0_fold4_seed20261005,N2-G0,4,20261005,7,exact_joint_hurdle_nll,0.7018903965556372,2.636679458618164,0.26319077610969543,0.29157534837722776,0.29157534837722776,2.373488712310791,0.31201788833151306,0.032096120998962786
N2-G0_fold4_seed20261005,N2-G0,4,20261005,8,exact_joint_hurdle_nll,0.7018903965556372,2.614890480041504,0.23438592851161957,0.26278365552425387,0.26278365552425387,2.380504608154297,0.2853809182751474,0.03657397971070709
N2-G0_fold4_seed20261005,N2-G0,4,20261005,9,exact_joint_hurdle_nll,0.7018903965556372,2.579871726036072,0.20820056200027465,0.23647659718990327,0.23647659718990327,2.37167112827301,0.2617557870914597,0.04170957121257804
N2-G0_fold4_seed20261005,N2-G0,4,20261005,10,exact_joint_hurdle_nll,0.7018903965556372,2.5412936925888063,0.18467700779438018,0.21270526945590973,0.21270526945590973,2.3566164493560793,0.24195404323608544,0.04336273114388981
N2-G0_fold4_seed20261005,N2-G0,4,20261005,11,exact_joint_hurdle_nll,0.7018903965556372,2.4986372709274294,0.1641320765018463,0.19188375174999237,0.19188375174999237,2.334505081176758,0.22607144887460884,0.03872440014745922
N2-G0_fold4_seed20261005,N2-G0,4,20261005,12,exact_joint_hurdle_nll,0.7018903965556372,2.453444266319275,0.14594557583332063,0.17342659831047058,0.17342659831047058,2.3074986696243287,0.2129265259256737,0.033395220548554774
N2-G0_fold4_seed20261006,N2-G0,4,20261006,1,exact_joint_hurdle_nll,0.7018903965556372,3.3700671195983887,0.6820041537284851,0.7137129783630372,0.7137129783630372,2.6880627632141114,0.6995975700027129,0.0598440538216551
N2-G0_fold4_seed20261006,N2-G0,4,20261006,2,exact_joint_hurdle_nll,0.7018903965556372,3.292372465133667,0.6279199004173279,0.6594666600227356,0.6594666600227356,2.6644526720046997,0.6479424833566618,0.05694436116035324
N2-G0_fold4_seed20261006,N2-G0,4,20261006,3,exact_joint_hurdle_nll,0.7018903965556372,3.2370582103729246,0.5780923008918762,0.6095088720321655,0.6095088720321655,2.6589658737182615,0.5996674443090562,0.051869398579424436
N2-G0_fold4_seed20261006,N2-G0,4,20261006,4,exact_joint_hurdle_nll,0.7018903965556372,3.1793952226638793,0.5307445526123047,0.5619971513748169,0.5619971513748169,2.648650598526001,0.5539396708338016,0.035014131895289076
N2-G0_fold4_seed20261006,N2-G0,4,20261006,5,exact_joint_hurdle_nll,0.7018903965556372,3.1164690017700196,0.48564563393592836,0.5167432963848114,0.5167432963848114,2.6308232069015505,0.5101790919141541,0.023093742779973635
N2-G0_fold4_seed20261006,N2-G0,4,20261006,6,exact_joint_hurdle_nll,0.7018903965556372,3.067787790298462,0.44154863953590395,0.4725695788860321,0.4725695788860321,2.6262391567230225,0.4679572054519365,0.021759732923787353
N2-G0_fold4_seed20261006,N2-G0,4,20261006,7,exact_joint_hurdle_nll,0.7018903965556372,3.004593515396118,0.39857383370399474,0.4294440507888794,0.4294440507888794,2.6060197353363037,0.4274682233958241,0.019668976189143986
N2-G0_fold4_seed20261006,N2-G0,4,20261006,8,exact_joint_hurdle_nll,0.7018903965556372,2.944219374656677,0.35638628602027894,0.387148255109787,0.387148255109787,2.587833213806152,0.38947170828396105,0.017716166972276525
N2-G0_fold4_seed20261006,N2-G0,4,20261006,9,exact_joint_hurdle_nll,0.7018903965556372,2.8894521474838255,0.3149785816669464,0.34556626677513125,0.34556626677513125,2.5744735956192017,0.35422680945540963,0.017213831858225608
N2-G0_fold4_seed20261006,N2-G0,4,20261006,10,exact_joint_hurdle_nll,0.7018903965556372,2.8221205472946167,0.27548879384994507,0.3057764768600464,0.3057764768600464,2.546631669998169,0.32102688805579427,0.01799299751013875
N2-G0_fold4_seed20261006,N2-G0,4,20261006,11,exact_joint_hurdle_nll,0.7018903965556372,2.7529647827148436,0.23932586312294007,0.26918046176433563,0.26918046176433563,2.513638710975647,0.2902256786535531,0.01868160992763307
N2-G0_fold4_seed20261006,N2-G0,4,20261006,12,exact_joint_hurdle_nll,0.7018903965556372,2.669291114807129,0.20778016448020936,0.2370757430791855,0.2370757430791855,2.4615108966827393,0.26512302557052336,0.017304109661055243
N3-K1_fold1_seed20261002,N3-K1,1,20261002,1,exact_joint_hurdle_nll,0.7018903965556372,3.378827214241028,0.7101092040538788,0.7241267561912537,0.7241267561912537,2.6687182188034058,0.7850171695488155,0.008123523064740316
N3-K1_fold1_seed20261002,N3-K1,1,20261002,2,exact_joint_hurdle_nll,0.7018903965556372,3.3493458032608032,0.6868190467357635,0.7007957398891449,0.7007957398891449,2.662526845932007,0.7642486227815579,0.00813486229878683
N3-K1_fold1_seed20261002,N3-K1,1,20261002,3,exact_joint_hurdle_nll,0.7018903965556372,3.3233689069747925,0.6646525859832764,0.6786328554153442,0.6786328554153442,2.658716320991516,0.7433464318058894,0.008147416605058376
N3-K1_fold1_seed20261002,N3-K1,1,20261002,4,exact_joint_hurdle_nll,0.7018903965556372,3.2923816442489624,0.6429752707481384,0.6568898856639862,0.6568898856639862,2.6494065523147583,0.7222209018494987,0.008161346663499333
N3-K1_fold1_seed20261002,N3-K1,1,20261002,5,exact_joint_hurdle_nll,0.7018903965556372,3.2647197246551514,0.6222855746746063,0.6361547708511353,0.6361547708511353,2.6424341201782227,0.7009037973267425,0.008176722454167035
N3-K1_fold1_seed20261002,N3-K1,1,20261002,6,exact_joint_hurdle_nll,0.7018903965556372,3.2376468181610107,0.6017867624759674,0.6156256198883057,0.6156256198883057,2.635859966278076,0.6794870215248864,0.008193148274942988
N3-K1_fold1_seed20261002,N3-K1,1,20261002,7,exact_joint_hurdle_nll,0.7018903965556372,3.237809658050537,0.5822536647319794,0.5961117446422577,0.5961117446422577,2.6555559635162354,0.6580908855891986,0.008209522854392528
N3-K1_fold1_seed20261002,N3-K1,1,20261002,8,exact_joint_hurdle_nll,0.7018903965556372,3.204355478286743,0.5637215375900269,0.5774911940097809,0.5774911940097809,2.6406339406967163,0.6368347039210134,0.008225642886874013
N3-K1_fold1_seed20261002,N3-K1,1,20261002,9,exact_joint_hurdle_nll,0.7018903965556372,3.1469945907592773,0.5454415678977966,0.55915167927742,0.55915167927742,2.6015528440475464,0.6158148558967387,0.008241647189439724
N3-K1_fold1_seed20261002,N3-K1,1,20261002,10,exact_joint_hurdle_nll,0.7018903965556372,3.130916714668274,0.5282227694988251,0.5419048368930817,0.5419048368930817,2.602693796157837,0.5950985750535398,0.008257601181170363
N3-K1_fold1_seed20261002,N3-K1,1,20261002,11,exact_joint_hurdle_nll,0.7018903965556372,3.109786033630371,0.5112932324409485,0.5249647200107574,0.5249647200107574,2.5984930992126465,0.5747415663285939,0.00827309857448865
N3-K1_fold1_seed20261002,N3-K1,1,20261002,12,exact_joint_hurdle_nll,0.7018903965556372,3.077873468399048,0.49545012414455414,0.5090601146221161,0.5090601146221161,2.582423448562622,0.5548087844269142,0.008287419532067746
N3-K1_fold1_seed20261003,N3-K1,1,20261003,1,exact_joint_hurdle_nll,0.7018903965556372,3.5458885431289673,0.7129311859607697,0.7277841567993164,0.7277841567993164,2.8329575061798096,0.7104149265633002,0.011971210457911895
N3-K1_fold1_seed20261003,N3-K1,1,20261003,2,exact_joint_hurdle_nll,0.7018903965556372,3.523590326309204,0.6937101483345032,0.7085711658000946,0.7085711658000946,2.829880475997925,0.6932244628421979,0.011831480790109272
N3-K1_fold1_seed20261003,N3-K1,1,20261003,3,exact_joint_hurdle_nll,0.7018903965556372,3.4835129976272583,0.6750275790691376,0.6897984743118286,0.6897984743118286,2.808485746383667,0.6766277211172799,0.0116267415265702
N3-K1_fold1_seed20261003,N3-K1,1,20261003,4,exact_joint_hurdle_nll,0.7018903965556372,3.4773051738739014,0.6572649776935577,0.6720265746116638,0.6720265746116638,2.820039987564087,0.6603405824798124,0.01138414761808933
N3-K1_fold1_seed20261003,N3-K1,1,20261003,5,exact_joint_hurdle_nll,0.7018903965556372,3.4375133514404297,0.6397554874420166,0.654450923204422,0.654450923204422,2.797757625579834,0.6443346621805391,0.011116522822989148
N3-K1_fold1_seed20261003,N3-K1,1,20261003,6,exact_joint_hurdle_nll,0.7018903965556372,3.420425295829773,0.6229046285152435,0.6375560462474823,0.6375560462474823,2.797520637512207,0.6285782437828923,0.010836929733583986
N3-K1_fold1_seed20261003,N3-K1,1,20261003,7,exact_joint_hurdle_nll,0.7018903965556372,3.401865243911743,0.6062487065792084,0.6208862662315369,0.6208862662315369,2.7956165075302124,0.6130309664814687,0.01055261442857586
N3-K1_fold1_seed20261003,N3-K1,1,20261003,8,exact_joint_hurdle_nll,0.7018903965556372,3.3781254291534424,0.589930534362793,0.6044932007789612,0.6044932007789612,2.7881948947906494,0.5976443418109851,0.010271935089425472
N3-K1_fold1_seed20261003,N3-K1,1,20261003,9,exact_joint_hurdle_nll,0.7018903965556372,3.3373284339904785,0.5738396048545837,0.5883512496948242,0.5883512496948242,2.7634886503219604,0.5823616130479036,0.009982917393577803
N3-K1_fold1_seed20261003,N3-K1,1,20261003,10,exact_joint_hurdle_nll,0.7018903965556372,3.3279601335525513,0.5582391917705536,0.572725385427475,0.572725385427475,2.7697209119796753,0.5671197368731381,0.00966279552871502
N3-K1_fold1_seed20261003,N3-K1,1,20261003,11,exact_joint_hurdle_nll,0.7018903965556372,3.2984896898269653,0.5425273180007935,0.5569739639759064,0.5569739639759064,2.7559622526168823,0.551858788930477,0.009330581170056713
N3-K1_fold1_seed20261003,N3-K1,1,20261003,12,exact_joint_hurdle_nll,0.7018903965556372,3.2748401165008545,0.5272147357463837,0.5416052937507629,0.5416052937507629,2.747625231742859,0.5365291480918789,0.009071652437857512
N3-K1_fold1_seed20261004,N3-K1,1,20261004,1,exact_joint_hurdle_nll,0.7018903965556372,3.16791307926178,0.6486975252628326,0.6619119942188263,0.6619119942188263,2.519215703010559,0.6922440085468792,0.11239016514552805
N3-K1_fold1_seed20261004,N3-K1,1,20261004,2,exact_joint_hurdle_nll,0.7018903965556372,3.142260789871216,0.6324248909950256,0.6455643177032471,0.6455643177032471,2.5098356008529663,0.6757810037770663,0.1155741262373687
N3-K1_fold1_seed20261004,N3-K1,1,20261004,3,exact_joint_hurdle_nll,0.7018903965556372,3.113494396209717,0.6162196695804596,0.6293072402477264,0.6293072402477264,2.4972747564315796,0.6597988834180926,0.11660082340179387
N3-K1_fold1_seed20261004,N3-K1,1,20261004,4,exact_joint_hurdle_nll,0.7018903965556372,3.0791850090026855,0.6007649898529053,0.6137893497943878,0.6137893497943878,2.4784200191497803,0.6441470602333867,0.11309387015207532
N3-K1_fold1_seed20261004,N3-K1,1,20261004,5,exact_joint_hurdle_nll,0.7018903965556372,3.0570459365844727,0.5853692591190338,0.5983635485172272,0.5983635485172272,2.4716765880584717,0.6288088748940645,0.10386310467924074
N3-K1_fold1_seed20261004,N3-K1,1,20261004,6,exact_joint_hurdle_nll,0.7018903965556372,3.0273324251174927,0.5702074468135834,0.583154022693634,0.583154022693634,2.4571250677108765,0.6137485456842823,0.09349267398841052
N3-K1_fold1_seed20261004,N3-K1,1,20261004,7,exact_joint_hurdle_nll,0.7018903965556372,3.0236483812332153,0.5551353693008423,0.5680391192436218,0.5680391192436218,2.468513250350952,0.5989305415963103,0.08702337581816513
N3-K1_fold1_seed20261004,N3-K1,1,20261004,8,exact_joint_hurdle_nll,0.7018903965556372,2.989699959754944,0.5403505563735962,0.5531917214393616,0.5531917214393616,2.4493494033813477,0.5843218164926897,0.08107795704121783
N3-K1_fold1_seed20261004,N3-K1,1,20261004,9,exact_joint_hurdle_nll,0.7018903965556372,2.9762215614318848,0.525506466627121,0.5383185744285583,0.5383185744285583,2.4507153034210205,0.5698993916230404,0.07424896736698386
N3-K1_fold1_seed20261004,N3-K1,1,20261004,10,exact_joint_hurdle_nll,0.7018903965556372,2.950188994407654,0.5106621384620667,0.5234624445438385,0.5234624445438385,2.4395264387130737,0.555655514607361,0.06645361127400047
N3-K1_fold1_seed20261004,N3-K1,1,20261004,11,exact_joint_hurdle_nll,0.7018903965556372,2.93502676486969,0.49596792459487915,0.5087651014328003,0.5087651014328003,2.439059019088745,0.5415999795798586,0.0581954191457908
N3-K1_fold1_seed20261004,N3-K1,1,20261004,12,exact_joint_hurdle_nll,0.7018903965556372,2.9140725135803223,0.48163852095603943,0.49440404772758484,0.49440404772758484,2.4324342012405396,0.5277603318423181,0.049819293719331866
N3-K1_fold1_seed20261005,N3-K1,1,20261005,1,exact_joint_hurdle_nll,0.7018903965556372,3.6253148317337036,0.5578785836696625,0.574007123708725,0.574007123708725,3.0674362182617188,0.5694130885322234,0.011221751298789447
N3-K1_fold1_seed20261005,N3-K1,1,20261005,2,exact_joint_hurdle_nll,0.7018903965556372,3.575833559036255,0.5425329506397247,0.5585138201713562,0.5585138201713562,3.0333006381988525,0.5543013297091917,0.011545360620653188
N3-K1_fold1_seed20261005,N3-K1,1,20261005,3,exact_joint_hurdle_nll,0.7018903965556372,3.545468330383301,0.5277001857757568,0.5435697436332703,0.5435697436332703,3.0177685022354126,0.5397027232062458,0.011852038741752158
N3-K1_fold1_seed20261005,N3-K1,1,20261005,4,exact_joint_hurdle_nll,0.7018903965556372,3.535553812980652,0.5130576491355896,0.528816282749176,0.528816282749176,3.0224965810775757,0.5254109853365537,0.012145049523323584
N3-K1_fold1_seed20261005,N3-K1,1,20261005,5,exact_joint_hurdle_nll,0.7018903965556372,3.4940578937530518,0.4990030527114868,0.5146520137786865,0.5146520137786865,2.995054602622986,0.5114188289813167,0.012415910101847307
N3-K1_fold1_seed20261005,N3-K1,1,20261005,6,exact_joint_hurdle_nll,0.7018903965556372,3.469370484352112,0.4852166473865509,0.500768318772316,0.500768318772316,2.9841535091400146,0.49771753949023156,0.012673580763510998
N3-K1_fold1_seed20261005,N3-K1,1,20261005,7,exact_joint_hurdle_nll,0.7018903965556372,3.410183906555176,0.47157029807567596,0.48697805404663086,0.48697805404663086,2.938613772392273,0.4843021415694823,0.012922446478459252
N3-K1_fold1_seed20261005,N3-K1,1,20261005,8,exact_joint_hurdle_nll,0.7018903965556372,3.38651704788208,0.45875565707683563,0.47403451800346375,0.47403451800346375,2.927761197090149,0.4711722175425701,0.013158545411804752
N3-K1_fold1_seed20261005,N3-K1,1,20261005,9,exact_joint_hurdle_nll,0.7018903965556372,3.34317684173584,0.4457179456949234,0.46085594594478607,0.46085594594478607,2.8974591493606567,0.4583300749325675,0.01338163056318965
N3-K1_fold1_seed20261005,N3-K1,1,20261005,10,exact_joint_hurdle_nll,0.7018903965556372,3.3123364448547363,0.4332183450460434,0.4482192248106003,0.4482192248106003,2.879117965698242,0.4457798115803908,0.013595753987466902
N3-K1_fold1_seed20261005,N3-K1,1,20261005,11,exact_joint_hurdle_nll,0.7018903965556372,3.2685084342956543,0.4210137128829956,0.43587103486061096,0.43587103486061096,2.8474944829940796,0.4335252639870595,0.013812055163298578
N3-K1_fold1_seed20261005,N3-K1,1,20261005,12,exact_joint_hurdle_nll,0.7018903965556372,3.2294654846191406,0.4093938320875168,0.42417067289352417,0.42417067289352417,2.820071578025818,0.4215700021506121,0.014049348853167947
N3-K1_fold1_seed20261006,N3-K1,1,20261006,1,exact_joint_hurdle_nll,0.7018903965556372,3.540692448616028,0.5991455018520355,0.6145363748073578,0.6145363748073578,2.94154691696167,0.5641729757109109,0.015064213864733882
N3-K1_fold1_seed20261006,N3-K1,1,20261006,2,exact_joint_hurdle_nll,0.7018903965556372,3.495078921318054,0.5785481333732605,0.593806117773056,0.593806117773056,2.9165306091308594,0.5465521174559387,0.01694028446098713
N3-K1_fold1_seed20261006,N3-K1,1,20261006,3,exact_joint_hurdle_nll,0.7018903965556372,3.4575936794281006,0.5588556528091431,0.5740484297275543,0.5740484297275543,2.898737907409668,0.529788970876533,0.0194666722644384
N3-K1_fold1_seed20261006,N3-K1,1,20261006,4,exact_joint_hurdle_nll,0.7018903965556372,3.418869733810425,0.53984135389328,0.5549644827842712,0.5549644827842712,2.879028081893921,0.5138238820242672,0.02270165842859838
N3-K1_fold1_seed20261006,N3-K1,1,20261006,5,exact_joint_hurdle_nll,0.7018903965556372,3.3844614028930664,0.5218302756547928,0.5368803143501282,0.5368803143501282,2.862630605697632,0.49864635242084165,0.026705962058417708
N3-K1_fold1_seed20261006,N3-K1,1,20261006,6,exact_joint_hurdle_nll,0.7018903965556372,3.349955201148987,0.5040559619665146,0.5190091282129288,0.5190091282129288,2.84589946269989,0.48423052264497995,0.031537595886427905
N3-K1_fold1_seed20261006,N3-K1,1,20261006,7,exact_joint_hurdle_nll,0.7018903965556372,3.3463709354400635,0.4871313124895096,0.5020265430212021,0.5020265430212021,2.8592395782470703,0.47053693622752435,0.03717585121280565
N3-K1_fold1_seed20261006,N3-K1,1,20261006,8,exact_joint_hurdle_nll,0.7018903965556372,3.301589012145996,0.47096841037273407,0.4857524037361145,0.4857524037361145,2.830620765686035,0.457518041132618,0.04322338813106772
N3-K1_fold1_seed20261006,N3-K1,1,20261006,9,exact_joint_hurdle_nll,0.7018903965556372,3.276514768600464,0.4551885426044464,0.46989861130714417,0.46989861130714417,2.8213260173797607,0.44512009293937765,0.04930930884847939
N3-K1_fold1_seed20261006,N3-K1,1,20261006,10,exact_joint_hurdle_nll,0.7018903965556372,3.2414826154708862,0.44015733897686005,0.4548366665840149,0.4548366665840149,2.80132520198822,0.43328519303434265,0.05518338983520895
N3-K1_fold1_seed20261006,N3-K1,1,20261006,11,exact_joint_hurdle_nll,0.7018903965556372,3.200097680091858,0.4256276488304138,0.44017480313777924,0.44017480313777924,2.774470090866089,0.4219554050946971,0.060388441626575806
N3-K1_fold1_seed20261006,N3-K1,1,20261006,12,exact_joint_hurdle_nll,0.7018903965556372,3.171156644821167,0.41164542734622955,0.42613647878170013,0.42613647878170013,2.7595109939575195,0.4110756698418277,0.06387480986513862
N3-K1_fold2_seed20261002,N3-K1,2,20261002,1,exact_joint_hurdle_nll,0.7018903965556372,3.402928670247396,0.7215296228726705,0.7452457149823507,0.7452457149823507,2.68139910697937,0.7161497393029722,0.010740258788602757
N3-K1_fold2_seed20261002,N3-K1,2,20261002,2,exact_joint_hurdle_nll,0.7018903965556372,3.3630295594533286,0.6884050567944845,0.7120018204053243,0.7120018204053243,2.674624522527059,0.6846616043106869,0.010658697064101327
N3-K1_fold2_seed20261002,N3-K1,2,20261002,3,exact_joint_hurdle_nll,0.7018903965556372,3.329839547475179,0.6564735372861227,0.6800376176834106,0.6800376176834106,2.6733659903208413,0.655468250107296,0.010536017334812095
N3-K1_fold2_seed20261002,N3-K1,2,20261002,4,exact_joint_hurdle_nll,0.7018903965556372,3.2901042302449546,0.6261036396026611,0.6495957374572754,0.6495957374572754,2.6640005906422934,0.6282592376881672,0.010405872267097188
N3-K1_fold2_seed20261002,N3-K1,2,20261002,5,exact_joint_hurdle_nll,0.7018903965556372,3.2454887231191,0.5962648987770081,0.6197138428688049,0.6197138428688049,2.649223883946737,0.6027572054844427,0.010289514617701282
N3-K1_fold2_seed20261002,N3-K1,2,20261002,6,exact_joint_hurdle_nll,0.7018903965556372,3.216725746790568,0.567696213722229,0.5910516579945883,0.5910516579945883,2.6490296522776284,0.5786788114032674,0.010186675161968785
N3-K1_fold2_seed20261002,N3-K1,2,20261002,7,exact_joint_hurdle_nll,0.7018903965556372,3.1775477727254233,0.5404633283615112,0.5636706749598185,0.5636706749598185,2.637084722518921,0.5558297656710885,0.01009622301183088
N3-K1_fold2_seed20261002,N3-K1,2,20261002,8,exact_joint_hurdle_nll,0.7018903965556372,3.1307288805643716,0.5143277446428934,0.5374942223230997,0.5374942223230997,2.616401195526123,0.5341058743159905,0.010016683165879302
N3-K1_fold2_seed20261002,N3-K1,2,20261002,9,exact_joint_hurdle_nll,0.7018903965556372,3.0854369004567466,0.4893605609734853,0.5124246875445048,0.5124246875445048,2.596076488494873,0.5134362466925817,0.009942848885971751
N3-K1_fold2_seed20261002,N3-K1,2,20261002,10,exact_joint_hurdle_nll,0.7018903965556372,3.0605934460957847,0.4655602276325226,0.488533357779185,0.488533357779185,2.5950332482655845,0.49373421397739764,0.009874594353647308
N3-K1_fold2_seed20261002,N3-K1,2,20261002,11,exact_joint_hurdle_nll,0.7018903965556372,3.027164936065674,0.4428882996241252,0.46572460730870563,0.46572460730870563,2.5842765967051187,0.4748871713338944,0.009812716802062478
N3-K1_fold2_seed20261002,N3-K1,2,20261002,12,exact_joint_hurdle_nll,0.7018903965556372,3.000633637110392,0.42148175835609436,0.4442228575547536,0.4442228575547536,2.5791517893473306,0.45677218587490614,0.00975928744835547
N3-K1_fold2_seed20261003,N3-K1,2,20261003,1,exact_joint_hurdle_nll,0.7018903965556372,3.531320015589396,0.6977733969688416,0.7227269212404887,0.7227269212404887,2.833546797434489,0.7427782848079909,0.012886054421537738
N3-K1_fold2_seed20261003,N3-K1,2,20261003,2,exact_joint_hurdle_nll,0.7018903965556372,3.49153200785319,0.6705160538355509,0.6953294078509012,0.6953294078509012,2.821015993754069,0.7156335074940778,0.012948274781371701
N3-K1_fold2_seed20261003,N3-K1,2,20261003,3,exact_joint_hurdle_nll,0.7018903965556372,3.4505042235056558,0.6457266012827555,0.6703644593556722,0.6703644593556722,2.8047777016957602,0.6900814443008071,0.012875128815559142
N3-K1_fold2_seed20261003,N3-K1,2,20261003,4,exact_joint_hurdle_nll,0.7018903965556372,3.4214794635772705,0.6214725971221924,0.6460373799006144,0.6460373799006144,2.8000070254007974,0.6654434602766329,0.01264128559719894
N3-K1_fold2_seed20261003,N3-K1,2,20261003,5,exact_joint_hurdle_nll,0.7018903965556372,3.37103271484375,0.5981485247612,0.6225493351618449,0.6225493351618449,2.7728841304779053,0.6416058205764843,0.012255808484245274
N3-K1_fold2_seed20261003,N3-K1,2,20261003,6,exact_joint_hurdle_nll,0.7018903965556372,3.337449789047241,0.5754167636235555,0.5997469027837118,0.5997469027837118,2.762032906214396,0.6184678823128082,0.011752780913600993
N3-K1_fold2_seed20261003,N3-K1,2,20261003,7,exact_joint_hurdle_nll,0.7018903965556372,3.311769962310791,0.5529923041661581,0.5771862864494324,0.5771862864494324,2.7587775389353433,0.5959300331590199,0.011185455522617432
N3-K1_fold2_seed20261003,N3-K1,2,20261003,8,exact_joint_hurdle_nll,0.7018903965556372,3.2667836348215737,0.5310928821563721,0.555145780245463,0.555145780245463,2.7356905937194824,0.5739017891775602,0.01062762021138544
N3-K1_fold2_seed20261003,N3-K1,2,20261003,9,exact_joint_hurdle_nll,0.7018903965556372,3.235243082046509,0.5093114773432413,0.533246119817098,0.533246119817098,2.7259315649668374,0.5523121524509487,0.010179027031346261
N3-K1_fold2_seed20261003,N3-K1,2,20261003,10,exact_joint_hurdle_nll,0.7018903965556372,3.1898887157440186,0.4876733024915059,0.5114596684773763,0.5114596684773763,2.7022154331207275,0.5311231453805864,0.009910186315558388
N3-K1_fold2_seed20261003,N3-K1,2,20261003,11,exact_joint_hurdle_nll,0.7018903965556372,3.157620429992676,0.4657121499379476,0.4893462459246318,0.4893462459246318,2.691908359527588,0.5103311776612567,0.009806084327618515
N3-K1_fold2_seed20261003,N3-K1,2,20261003,12,exact_joint_hurdle_nll,0.7018903965556372,3.1230479876200357,0.44413166244824726,0.4676659603913625,0.4676659603913625,2.6789159774780273,0.4899549408582596,0.009794393578035942
N3-K1_fold2_seed20261004,N3-K1,2,20261004,1,exact_joint_hurdle_nll,0.7018903965556372,3.180697043736776,0.6504853963851929,0.6728420456250509,0.6728420456250509,2.5302117665608725,0.6858089317817805,0.13878837932243543
N3-K1_fold2_seed20261004,N3-K1,2,20261004,2,exact_joint_hurdle_nll,0.7018903965556372,3.134096542994181,0.6258117159207662,0.6480320493380228,0.6480320493380228,2.50828488667806,0.6621954047128209,0.1434160059130931
N3-K1_fold2_seed20261004,N3-K1,2,20261004,3,exact_joint_hurdle_nll,0.7018903965556372,3.0983687241872153,0.6021280487378439,0.6241962313652039,0.6241962313652039,2.4962403774261475,0.6396571575940445,0.14594602175159527
N3-K1_fold2_seed20261004,N3-K1,2,20261004,4,exact_joint_hurdle_nll,0.7018903965556372,3.06188956896464,0.5794300436973572,0.6013866662979126,0.6013866662979126,2.482459624608358,0.6178502006161745,0.1471536022657488
N3-K1_fold2_seed20261004,N3-K1,2,20261004,5,exact_joint_hurdle_nll,0.7018903965556372,3.031667709350586,0.5572513739267985,0.5791159669558207,0.5791159669558207,2.4744160175323486,0.5966874953498538,0.14624040405643443
N3-K1_fold2_seed20261004,N3-K1,2,20261004,6,exact_joint_hurdle_nll,0.7018903965556372,3.000886917114258,0.5357228716214498,0.5574926535288492,0.5574926535288492,2.4651641845703125,0.5760843625459424,0.13991606112748683
N3-K1_fold2_seed20261004,N3-K1,2,20261004,7,exact_joint_hurdle_nll,0.7018903965556372,2.969128131866455,0.5148117939631144,0.5364969968795776,0.5364969968795776,2.4543161392211914,0.5559723214941027,0.12459517353166337
N3-K1_fold2_seed20261004,N3-K1,2,20261004,8,exact_joint_hurdle_nll,0.7018903965556372,2.9411638577779136,0.49426280458768207,0.515903651714325,0.515903651714325,2.4469008445739746,0.5362979803964489,0.10028326002068061
N3-K1_fold2_seed20261004,N3-K1,2,20261004,9,exact_joint_hurdle_nll,0.7018903965556372,2.9184388319651284,0.4743003447850545,0.4959147274494171,0.4959147274494171,2.444138447443644,0.5170302105901109,0.07405979915872887
N3-K1_fold2_seed20261004,N3-K1,2,20261004,10,exact_joint_hurdle_nll,0.7018903965556372,2.895720640818278,0.45488690336545307,0.4764806628227234,0.4764806628227234,2.440833806991577,0.4981671362337498,0.05412395215072217
N3-K1_fold2_seed20261004,N3-K1,2,20261004,11,exact_joint_hurdle_nll,0.7018903965556372,2.8799992402394614,0.4358450472354889,0.4574392040570577,0.4574392040570577,2.4441541830698648,0.4797438601736822,0.04043311358229526
N3-K1_fold2_seed20261004,N3-K1,2,20261004,12,exact_joint_hurdle_nll,0.7018903965556372,2.857515573501587,0.41719623406728107,0.43879807988802594,0.43879807988802594,2.440319617589315,0.46182941755653856,0.03210875160773087
N3-K1_fold2_seed20261005,N3-K1,2,20261005,1,exact_joint_hurdle_nll,0.7018903965556372,3.620671192804972,0.5458828409512838,0.57303253809611,0.57303253809611,3.0747884114583335,0.6044680767709849,0.010702704591618706
N3-K1_fold2_seed20261005,N3-K1,2,20261005,2,exact_joint_hurdle_nll,0.7018903965556372,3.5767571926116943,0.5234154065450033,0.5502647161483765,0.5502647161483765,3.0533417065938315,0.5833978700544797,0.010823802881608387
N3-K1_fold2_seed20261005,N3-K1,2,20261005,3,exact_joint_hurdle_nll,0.7018903965556372,3.515553871790568,0.5023905138174692,0.5289011398951212,0.5289011398951212,3.013163407643636,0.5631321866416997,0.010919199714213478
N3-K1_fold2_seed20261005,N3-K1,2,20261005,4,exact_joint_hurdle_nll,0.7018903965556372,3.4636470476786294,0.4816441436608632,0.507802406946818,0.507802406946818,2.9820032119750977,0.5432426030302645,0.01102056288889296
N3-K1_fold2_seed20261005,N3-K1,2,20261005,5,exact_joint_hurdle_nll,0.7018903965556372,3.4065736134847007,0.4617069562276204,0.48755290110905963,0.48755290110905963,2.94486665725708,0.523762190308595,0.011134837268636772
N3-K1_fold2_seed20261005,N3-K1,2,20261005,6,exact_joint_hurdle_nll,0.7018903965556372,3.3452572027842202,0.4423154294490814,0.4678087731202443,0.4678087731202443,2.9029417037963867,0.504742859172558,0.011264343992439621
N3-K1_fold2_seed20261005,N3-K1,2,20261005,7,exact_joint_hurdle_nll,0.7018903965556372,3.3013363679250083,0.42386653025945026,0.44903860489527386,0.44903860489527386,2.877469857533773,0.4862436455152771,0.011413961043446523
N3-K1_fold2_seed20261005,N3-K1,2,20261005,8,exact_joint_hurdle_nll,0.7018903965556372,3.260039806365967,0.405675748984019,0.43054503202438354,0.43054503202438354,2.8543638388315835,0.4683235312833527,0.011586207856730063
N3-K1_fold2_seed20261005,N3-K1,2,20261005,9,exact_joint_hurdle_nll,0.7018903965556372,3.1868788401285806,0.3883991440137227,0.41290008028348285,0.41290008028348285,2.798479954401652,0.451032566544446,0.011777143413076313
N3-K1_fold2_seed20261005,N3-K1,2,20261005,10,exact_joint_hurdle_nll,0.7018903965556372,3.142355759938558,0.3716018597284953,0.3958452641963959,0.3958452641963959,2.770753781000773,0.434400431156755,0.011957061291675508
N3-K1_fold2_seed20261005,N3-K1,2,20261005,11,exact_joint_hurdle_nll,0.7018903965556372,3.0958383878072104,0.3555979331334432,0.37957314650217694,0.37957314650217694,2.7402403354644775,0.4184312927373322,0.0120884083905754
N3-K1_fold2_seed20261005,N3-K1,2,20261005,12,exact_joint_hurdle_nll,0.7018903965556372,3.047607898712158,0.3402244448661804,0.36394314964612323,0.36394314964612323,2.707383632659912,0.40311158036651257,0.012121241373411001
N3-K1_fold2_seed20261006,N3-K1,2,20261006,1,exact_joint_hurdle_nll,0.7018903965556372,3.512430111567179,0.5724669694900513,0.5983214775721232,0.5983214775721232,2.9399631023406982,0.6244998061307937,0.010216124424236818
N3-K1_fold2_seed20261006,N3-K1,2,20261006,2,exact_joint_hurdle_nll,0.7018903965556372,3.4632158279418945,0.5435330967108408,0.5692317883173624,0.5692317883173624,2.919682741165161,0.5970298824437029,0.01049280273698383
N3-K1_fold2_seed20261006,N3-K1,2,20261006,3,exact_joint_hurdle_nll,0.7018903965556372,3.4223121802012124,0.5167394777139028,0.5421673655509949,0.5421673655509949,2.9055728117624917,0.571349600941136,0.010828855199203905
N3-K1_fold2_seed20261006,N3-K1,2,20261006,4,exact_joint_hurdle_nll,0.7018903965556372,3.352084000905355,0.4918489456176758,0.517072836558024,0.517072836558024,2.8602349758148193,0.5471969818618255,0.011241986802985734
N3-K1_fold2_seed20261006,N3-K1,2,20261006,5,exact_joint_hurdle_nll,0.7018903965556372,3.3215277194976807,0.4681670069694519,0.493222971757253,0.493222971757253,2.8533608118693032,0.5244624592024523,0.011773249978435912
N3-K1_fold2_seed20261006,N3-K1,2,20261006,6,exact_joint_hurdle_nll,0.7018903965556372,3.259506861368815,0.4460948010285695,0.4709342320760091,0.4709342320760091,2.813412348429362,0.5030127278342191,0.012458918625611765
N3-K1_fold2_seed20261006,N3-K1,2,20261006,7,exact_joint_hurdle_nll,0.7018903965556372,3.2261171340942383,0.42532532413800556,0.4499781330426534,0.4499781330426534,2.800791581471761,0.4827032119274527,0.013233131357891822
N3-K1_fold2_seed20261006,N3-K1,2,20261006,8,exact_joint_hurdle_nll,0.7018903965556372,3.186790704727173,0.4055189291636149,0.43002037207285565,0.43002037207285565,2.7812716960906982,0.4633913408348966,0.014016725156467211
N3-K1_fold2_seed20261006,N3-K1,2,20261006,9,exact_joint_hurdle_nll,0.7018903965556372,3.158740997314453,0.3870684901873271,0.4114138384660085,0.4114138384660085,2.771672487258911,0.4449464748610485,0.014740531527868637
N3-K1_fold2_seed20261006,N3-K1,2,20261006,10,exact_joint_hurdle_nll,0.7018903965556372,3.1092514991760254,0.36920372645060223,0.3933760424455007,0.3933760424455007,2.7400476137797036,0.4272578008081041,0.015415511445751963
N3-K1_fold2_seed20261006,N3-K1,2,20261006,11,exact_joint_hurdle_nll,0.7018903965556372,3.071125030517578,0.35241755843162537,0.3764490485191345,0.3764490485191345,2.71870748202006,0.41023358807833915,0.016108497033343966
N3-K1_fold2_seed20261006,N3-K1,2,20261006,12,exact_joint_hurdle_nll,0.7018903965556372,3.0372416973114014,0.3361132740974426,0.35999460021654767,0.35999460021654767,2.7011283238728843,0.39380201922826114,0.01692126300684378
N3-K1_fold3_seed20261002,N3-K1,3,20261002,1,exact_joint_hurdle_nll,0.7018903965556372,3.390366017818451,0.7085265964269638,0.7386331707239151,0.7386331707239151,2.681839346885681,0.6603642089529639,0.014073413246331783
N3-K1_fold3_seed20261002,N3-K1,3,20261002,2,exact_joint_hurdle_nll,0.7018903965556372,3.3304688930511475,0.6654093861579895,0.695275753736496,0.695275753736496,2.6650595664978027,0.6231508903084066,0.014205955523690226
N3-K1_fold3_seed20261002,N3-K1,3,20261002,3,exact_joint_hurdle_nll,0.7018903965556372,3.2861486077308655,0.6248229593038559,0.6545373201370239,0.6545373201370239,2.661325514316559,0.589717040720293,0.013880791296490082
N3-K1_fold3_seed20261002,N3-K1,3,20261002,4,exact_joint_hurdle_nll,0.7018903965556372,3.222427487373352,0.5867194533348083,0.6162593513727188,0.6162593513727188,2.6357083320617676,0.5592220089589344,0.013196503024829508
N3-K1_fold3_seed20261002,N3-K1,3,20261002,5,exact_joint_hurdle_nll,0.7018903965556372,3.173537492752075,0.5507072061300278,0.5801141262054443,0.5801141262054443,2.622830390930176,0.5310520204174853,0.012430651322431464
N3-K1_fold3_seed20261002,N3-K1,3,20261002,6,exact_joint_hurdle_nll,0.7018903965556372,3.126109004020691,0.516867145895958,0.546103835105896,0.546103835105896,2.6092416048049927,0.504717193337252,0.011901346057836586
N3-K1_fold3_seed20261002,N3-K1,3,20261002,7,exact_joint_hurdle_nll,0.7018903965556372,3.0708047747612,0.48488927632570267,0.5139468386769295,0.5139468386769295,2.5859153866767883,0.4798212879751575,0.011672164476863407
N3-K1_fold3_seed20261002,N3-K1,3,20261002,8,exact_joint_hurdle_nll,0.7018903965556372,3.024313509464264,0.45509951561689377,0.4839879423379898,0.4839879423379898,2.5692137479782104,0.4560565142748585,0.011603864428722166
N3-K1_fold3_seed20261002,N3-K1,3,20261002,9,exact_joint_hurdle_nll,0.7018903965556372,2.989072263240814,0.42711926996707916,0.4558524116873741,0.4558524116873741,2.5619528889656067,0.4331998143170656,0.011582073606155025
N3-K1_fold3_seed20261002,N3-K1,3,20261002,10,exact_joint_hurdle_nll,0.7018903965556372,2.9433483481407166,0.4010375216603279,0.42953236401081085,0.42953236401081085,2.542310893535614,0.41112089863498125,0.01154914761942739
N3-K1_fold3_seed20261002,N3-K1,3,20261002,11,exact_joint_hurdle_nll,0.7018903965556372,2.903353452682495,0.376726858317852,0.4050780087709427,0.4050780087709427,2.526626467704773,0.389791714964471,0.011481727288305954
N3-K1_fold3_seed20261002,N3-K1,3,20261002,12,exact_joint_hurdle_nll,0.7018903965556372,2.8703502416610718,0.35384777933359146,0.38201671093702316,0.38201671093702316,2.5165024399757385,0.36926067109893207,0.011344179161847066
N3-K1_fold3_seed20261003,N3-K1,3,20261003,1,exact_joint_hurdle_nll,0.7018903965556372,3.5283748507499695,0.6965634524822235,0.728257492184639,0.728257492184639,2.8318116068840027,0.7413246309324658,0.010013642811393947
N3-K1_fold3_seed20261003,N3-K1,3,20261003,2,exact_joint_hurdle_nll,0.7018903965556372,3.477425694465637,0.6610885709524155,0.6925402581691742,0.6925402581691742,2.8163370490074158,0.7054781351124119,0.010097525555022925
N3-K1_fold3_seed20261003,N3-K1,3,20261003,3,exact_joint_hurdle_nll,0.7018903965556372,3.4272390604019165,0.6283854991197586,0.6596231609582901,0.6596231609582901,2.7988533973693848,0.6716332210973739,0.01015957639137317
N3-K1_fold3_seed20261003,N3-K1,3,20261003,4,exact_joint_hurdle_nll,0.7018903965556372,3.365015745162964,0.5969079285860062,0.6278791725635529,0.6278791725635529,2.768107771873474,0.639142192627552,0.010170491887373106
N3-K1_fold3_seed20261003,N3-K1,3,20261003,5,exact_joint_hurdle_nll,0.7018903965556372,3.3142820596694946,0.566669225692749,0.5973803550004959,0.5973803550004959,2.747612714767456,0.6079225754300283,0.010103386775389306
N3-K1_fold3_seed20261003,N3-K1,3,20261003,6,exact_joint_hurdle_nll,0.7018903965556372,3.2687186002731323,0.5373333245515823,0.5678298026323318,0.5678298026323318,2.7313854098320007,0.5778421002545151,0.009949828275926427
N3-K1_fold3_seed20261003,N3-K1,3,20261003,7,exact_joint_hurdle_nll,0.7018903965556372,3.20900696516037,0.5083161666989326,0.5384866744279861,0.5384866744279861,2.7006905674934387,0.5487299477268506,0.009719094194317043
N3-K1_fold3_seed20261003,N3-K1,3,20261003,8,exact_joint_hurdle_nll,0.7018903965556372,3.1654674410820007,0.47964758425951004,0.5096155256032944,0.5096155256032944,2.6858198642730713,0.5204488222594875,0.009470098947445925
N3-K1_fold3_seed20261003,N3-K1,3,20261003,9,exact_joint_hurdle_nll,0.7018903965556372,3.107954680919647,0.4511285573244095,0.48082804679870605,0.48082804679870605,2.6568259596824646,0.4929625139281655,0.009290466040472971
N3-K1_fold3_seed20261003,N3-K1,3,20261003,10,exact_joint_hurdle_nll,0.7018903965556372,3.0694373846054077,0.42334970086812973,0.4528735503554344,0.4528735503554344,2.6460875868797302,0.46630838249485507,0.009199956772329154
N3-K1_fold3_seed20261003,N3-K1,3,20261003,11,exact_joint_hurdle_nll,0.7018903965556372,3.024603843688965,0.39672068506479263,0.42611122876405716,0.42611122876405716,2.6278830766677856,0.4405564544512459,0.009172571359244921
N3-K1_fold3_seed20261003,N3-K1,3,20261003,12,exact_joint_hurdle_nll,0.7018903965556372,2.9830586910247803,0.3713611140847206,0.4006078317761421,0.4006078317761421,2.6116976737976074,0.4157301959745481,0.00917554151329479
N3-K1_fold3_seed20261004,N3-K1,3,20261004,1,exact_joint_hurdle_nll,0.7018903965556372,3.181275427341461,0.6482210904359818,0.676654189825058,0.676654189825058,2.5330544114112854,0.6546424563880671,0.1541177989599395
N3-K1_fold3_seed20261004,N3-K1,3,20261004,2,exact_joint_hurdle_nll,0.7018903965556372,3.122054696083069,0.616045668721199,0.6442175656557083,0.6442175656557083,2.5060089826583862,0.6236285794511998,0.15825997317314577
N3-K1_fold3_seed20261004,N3-K1,3,20261004,3,exact_joint_hurdle_nll,0.7018903965556372,3.074974000453949,0.5857893377542496,0.6137386858463287,0.6137386858463287,2.489184617996216,0.5941507278502988,0.16129499299951336
N3-K1_fold3_seed20261004,N3-K1,3,20261004,4,exact_joint_hurdle_nll,0.7018903965556372,3.0316324830055237,0.5565964728593826,0.5844095945358276,0.5844095945358276,2.4750359654426575,0.5655857048053495,0.16122284204284032
N3-K1_fold3_seed20261004,N3-K1,3,20261004,5,exact_joint_hurdle_nll,0.7018903965556372,2.9917486906051636,0.5283933579921722,0.5560355186462402,0.5560355186462402,2.4633554220199585,0.5377422439819123,0.1505895275579655
N3-K1_fold3_seed20261004,N3-K1,3,20261004,6,exact_joint_hurdle_nll,0.7018903965556372,2.9564568996429443,0.5006022825837135,0.528167799115181,0.528167799115181,2.4558547139167786,0.5105223538990225,0.13160137205283665
N3-K1_fold3_seed20261004,N3-K1,3,20261004,7,exact_joint_hurdle_nll,0.7018903965556372,2.9260143041610718,0.4735521078109741,0.5010468512773514,0.5010468512773514,2.4524622559547424,0.48399250754320744,0.11849392263298991
N3-K1_fold3_seed20261004,N3-K1,3,20261004,8,exact_joint_hurdle_nll,0.7018903965556372,2.892099976539612,0.4472188577055931,0.4746931493282318,0.4746931493282318,2.444881319999695,0.4584415226983508,0.10676480668593587
N3-K1_fold3_seed20261004,N3-K1,3,20261004,9,exact_joint_hurdle_nll,0.7018903965556372,2.869255304336548,0.4221002459526062,0.4495696946978569,0.4495696946978569,2.447154998779297,0.43433224311358876,0.09367057569236718
N3-K1_fold3_seed20261004,N3-K1,3,20261004,10,exact_joint_hurdle_nll,0.7018903965556372,2.848006248474121,0.3982805162668228,0.4257957264780998,0.4257957264780998,2.4497256875038147,0.412080504923364,0.07761365450627657
N3-K1_fold3_seed20261004,N3-K1,3,20261004,11,exact_joint_hurdle_nll,0.7018903965556372,2.824621081352234,0.37610604614019394,0.4036344662308693,0.4036344662308693,2.4485150575637817,0.3917752675343162,0.06398310045848503
N3-K1_fold3_seed20261004,N3-K1,3,20261004,12,exact_joint_hurdle_nll,0.7018903965556372,2.80871719121933,0.35559094697237015,0.38312292098999023,0.38312292098999023,2.453126072883606,0.3731340164803546,0.05634056252419614
N3-K1_fold3_seed20261005,N3-K1,3,20261005,1,exact_joint_hurdle_nll,0.7018903965556372,3.6198134422302246,0.5468464940786362,0.5812995433807373,0.5812995433807373,3.072966992855072,0.5841962686060622,0.01071188351196074
N3-K1_fold3_seed20261005,N3-K1,3,20261005,2,exact_joint_hurdle_nll,0.7018903965556372,3.5483617782592773,0.5181431472301483,0.5520444065332413,0.5520444065332413,3.030218541622162,0.5568273385761044,0.011127830018894936
N3-K1_fold3_seed20261005,N3-K1,3,20261005,3,exact_joint_hurdle_nll,0.7018903965556372,3.4709391593933105,0.49119723588228226,0.5245580524206161,0.5245580524206161,2.9797419905662537,0.5307333032315761,0.011586503735636787
N3-K1_fold3_seed20261005,N3-K1,3,20261005,4,exact_joint_hurdle_nll,0.7018903965556372,3.403062880039215,0.4654075726866722,0.4981653094291687,0.4981653094291687,2.937655508518219,0.5055204898071025,0.012121748180002317
N3-K1_fold3_seed20261005,N3-K1,3,20261005,5,exact_joint_hurdle_nll,0.7018903965556372,3.329192638397217,0.4404403120279312,0.4726678431034088,0.4726678431034088,2.8887521624565125,0.48124026604763914,0.012797489977376467
N3-K1_fold3_seed20261005,N3-K1,3,20261005,6,exact_joint_hurdle_nll,0.7018903965556372,3.2575629353523254,0.4167103245854378,0.44838303327560425,0.44838303327560425,2.8408526182174683,0.4579447796067623,0.013705700576389576
N3-K1_fold3_seed20261005,N3-K1,3,20261005,7,exact_joint_hurdle_nll,0.7018903965556372,3.18679940700531,0.3939484432339668,0.4250929430127144,0.4250929430127144,2.7928510904312134,0.43569228593173154,0.014759361774676329
N3-K1_fold3_seed20261005,N3-K1,3,20261005,8,exact_joint_hurdle_nll,0.7018903965556372,3.1163409948349,0.37236468493938446,0.4029884338378906,0.4029884338378906,2.7439762949943542,0.4145417584256367,0.015695705588578183
N3-K1_fold3_seed20261005,N3-K1,3,20261005,9,exact_joint_hurdle_nll,0.7018903965556372,3.0609469413757324,0.35186513513326645,0.3820592015981674,0.3820592015981674,2.7090815901756287,0.3945366580780293,0.01596535654358637
N3-K1_fold3_seed20261005,N3-K1,3,20261005,10,exact_joint_hurdle_nll,0.7018903965556372,3.003683090209961,0.3323124796152115,0.3621223568916321,0.3621223568916321,2.6713704466819763,0.37568040599678154,0.01504955266059975
N3-K1_fold3_seed20261005,N3-K1,3,20261005,11,exact_joint_hurdle_nll,0.7018903965556372,2.9522717595100403,0.31379370391368866,0.34323736280202866,0.34323736280202866,2.6384780406951904,0.35792925015925803,0.013227299294686773
N3-K1_fold3_seed20261005,N3-K1,3,20261005,12,exact_joint_hurdle_nll,0.7018903965556372,2.9181094765663147,0.2960709109902382,0.32520364969968796,0.32520364969968796,2.622038424015045,0.3411928345158692,0.011620198857639978
N3-K1_fold3_seed20261006,N3-K1,3,20261006,1,exact_joint_hurdle_nll,0.7018903965556372,3.5114896297454834,0.5724772661924362,0.6053541749715805,0.6053541749715805,2.939012348651886,0.6320584635060297,0.009350979824424569
N3-K1_fold3_seed20261006,N3-K1,3,20261006,2,exact_joint_hurdle_nll,0.7018903965556372,3.4387929439544678,0.5350650399923325,0.5676045268774033,0.5676045268774033,2.9037278294563293,0.59465003822655,0.009304931506395494
N3-K1_fold3_seed20261006,N3-K1,3,20261006,3,exact_joint_hurdle_nll,0.7018903965556372,3.360728621482849,0.5009898468852043,0.5330980867147446,0.5330980867147446,2.859738826751709,0.560061310622598,0.009300448143481833
N3-K1_fold3_seed20261006,N3-K1,3,20261006,4,exact_joint_hurdle_nll,0.7018903965556372,3.3040782809257507,0.4699270576238632,0.5017094537615776,0.5017094537615776,2.834151327610016,0.5279309802125529,0.009369053582096377
N3-K1_fold3_seed20261006,N3-K1,3,20261006,5,exact_joint_hurdle_nll,0.7018903965556372,3.2461999654769897,0.44080305844545364,0.47221512347459793,0.47221512347459793,2.8053969144821167,0.49795482323233353,0.009528231911109726
N3-K1_fold3_seed20261006,N3-K1,3,20261006,6,exact_joint_hurdle_nll,0.7018903965556372,3.191411018371582,0.4142468571662903,0.44539228081703186,0.44539228081703186,2.777164101600647,0.4697906768540303,0.009794274432879077
N3-K1_fold3_seed20261006,N3-K1,3,20261006,7,exact_joint_hurdle_nll,0.7018903965556372,3.1497833132743835,0.38945184648036957,0.42033451795578003,0.42033451795578003,2.760331153869629,0.4431573778428771,0.010176090797169444
N3-K1_fold3_seed20261006,N3-K1,3,20261006,8,exact_joint_hurdle_nll,0.7018903965556372,3.1065421104431152,0.3663344085216522,0.3969615325331688,0.3969615325331688,2.740207850933075,0.41787906514453754,0.010667764791830797
N3-K1_fold3_seed20261006,N3-K1,3,20261006,9,exact_joint_hurdle_nll,0.7018903965556372,3.0535466074943542,0.3444669470191002,0.3748050555586815,0.3748050555586815,2.7090795040130615,0.39386726592029137,0.011268638859533319
N3-K1_fold3_seed20261006,N3-K1,3,20261006,10,exact_joint_hurdle_nll,0.7018903965556372,3.007499635219574,0.3236904740333557,0.3538040369749069,0.3538040369749069,2.6838091015815735,0.37106968297049514,0.011935925368466214
N3-K1_fold3_seed20261006,N3-K1,3,20261006,11,exact_joint_hurdle_nll,0.7018903965556372,2.969555675983429,0.30398984998464584,0.33388815075159073,0.33388815075159073,2.66556578874588,0.3494481962697447,0.01267096010145662
N3-K1_fold3_seed20261006,N3-K1,3,20261006,12,exact_joint_hurdle_nll,0.7018903965556372,2.934302806854248,0.2852543443441391,0.3149659112095833,0.3149659112095833,2.6490484476089478,0.3289918684356947,0.013634111656607875
N3-K1_fold4_seed20261002,N3-K1,4,20261002,1,exact_joint_hurdle_nll,0.7018903965556372,3.1249815940856935,0.6944515824317932,0.7234048485755921,0.7234048485755921,2.4305299282073975,0.6976897953213618,0.019224760427531223
N3-K1_fold4_seed20261002,N3-K1,4,20261002,2,exact_joint_hurdle_nll,0.7018903965556372,3.058215618133545,0.6428090453147888,0.6715670466423035,0.6715670466423035,2.415406346321106,0.6503098116530952,0.02031805894282828
N3-K1_fold4_seed20261002,N3-K1,4,20261002,3,exact_joint_hurdle_nll,0.7018903965556372,3.001613426208496,0.5954407811164856,0.6240822196006774,0.6240822196006774,2.4061726093292237,0.6076809251917611,0.020758861979802107
N3-K1_fold4_seed20261002,N3-K1,4,20261002,4,exact_joint_hurdle_nll,0.7018903965556372,2.9425535678863524,0.5514350295066833,0.5799396634101868,0.5799396634101868,2.39111864566803,0.5693418505259408,0.020171186238364672
N3-K1_fold4_seed20261002,N3-K1,4,20261002,5,exact_joint_hurdle_nll,0.7018903965556372,2.889246439933777,0.510675448179245,0.5390206336975097,0.5390206336975097,2.3785708427429197,0.5350798610619025,0.018961288585237986
N3-K1_fold4_seed20261002,N3-K1,4,20261002,6,exact_joint_hurdle_nll,0.7018903965556372,2.836372470855713,0.4727956473827362,0.501008802652359,0.501008802652359,2.363576793670654,0.5042700383574901,0.018006680047748008
N3-K1_fold4_seed20261002,N3-K1,4,20261002,7,exact_joint_hurdle_nll,0.7018903965556372,2.788105773925781,0.43786641359329226,0.46595211029052735,0.46595211029052735,2.3502394199371337,0.4760420981597321,0.017482839166457598
N3-K1_fold4_seed20261002,N3-K1,4,20261002,8,exact_joint_hurdle_nll,0.7018903965556372,2.749642324447632,0.40547394156455996,0.4334340035915375,0.4334340035915375,2.3441684246063232,0.44975809653253895,0.01721296320109558
N3-K1_fold4_seed20261002,N3-K1,4,20261002,9,exact_joint_hurdle_nll,0.7018903965556372,2.7018275022506715,0.3756847381591797,0.40349540710449217,0.40349540710449217,2.326142978668213,0.42511856664259756,0.01701727811328766
N3-K1_fold4_seed20261002,N3-K1,4,20261002,10,exact_joint_hurdle_nll,0.7018903965556372,2.6622299671173097,0.34812999963760377,0.37579625844955444,0.37579625844955444,2.3141000032424928,0.40183936265976683,0.016874702918481095
N3-K1_fold4_seed20261002,N3-K1,4,20261002,11,exact_joint_hurdle_nll,0.7018903965556372,2.620423364639282,0.32220917344093325,0.3496935546398163,0.3496935546398163,2.2982141971588135,0.3795895090965922,0.016723423858535865
N3-K1_fold4_seed20261002,N3-K1,4,20261002,12,exact_joint_hurdle_nll,0.7018903965556372,2.5897809267044067,0.29803776144981386,0.3254052400588989,0.3254052400588989,2.291743040084839,0.358099697099737,0.016604305253038975
N3-K1_fold4_seed20261003,N3-K1,4,20261003,1,exact_joint_hurdle_nll,0.7018903965556372,3.2536722660064696,0.7011252641677856,0.7313747525215148,0.7313747525215148,2.5525471210479735,0.7184398824362819,0.01984996626549054
N3-K1_fold4_seed20261003,N3-K1,4,20261003,2,exact_joint_hurdle_nll,0.7018903965556372,3.188866138458252,0.6572048902511597,0.6872287631034851,0.6872287631034851,2.5316612005233763,0.6751883625957541,0.020367123637356127
N3-K1_fold4_seed20261003,N3-K1,4,20261003,3,exact_joint_hurdle_nll,0.7018903965556372,3.1334588527679443,0.6172582149505615,0.6470655918121337,0.6470655918121337,2.516200590133667,0.6354405682214973,0.02052787068557902
N3-K1_fold4_seed20261003,N3-K1,4,20261003,4,exact_joint_hurdle_nll,0.7018903965556372,3.0768261432647703,0.5791222810745239,0.6087338209152222,0.6087338209152222,2.4977038383483885,0.5983281473416022,0.01997731593839712
N3-K1_fold4_seed20261003,N3-K1,4,20261003,5,exact_joint_hurdle_nll,0.7018903965556372,3.022202157974243,0.5424070119857788,0.5717599987983704,0.5717599987983704,2.47979531288147,0.563651891387634,0.018850270395402824
N3-K1_fold4_seed20261003,N3-K1,4,20261003,6,exact_joint_hurdle_nll,0.7018903965556372,2.9651601314544678,0.5066528379917145,0.5357384324073792,0.5357384324073792,2.4585073471069334,0.5311935639835131,0.01741386968539779
N3-K1_fold4_seed20261003,N3-K1,4,20261003,7,exact_joint_hurdle_nll,0.7018903965556372,2.908386731147766,0.4714752912521362,0.500313913822174,0.500313913822174,2.436911368370056,0.5007274112921984,0.01612550421541587
N3-K1_fold4_seed20261003,N3-K1,4,20261003,8,exact_joint_hurdle_nll,0.7018903965556372,2.8462175846099855,0.4372161328792572,0.4658374607563019,0.4658374607563019,2.409001326560974,0.47199104023322586,0.015520521957473917
N3-K1_fold4_seed20261003,N3-K1,4,20261003,9,exact_joint_hurdle_nll,0.7018903965556372,2.795333743095398,0.40455043911933897,0.4330371618270874,0.4330371618270874,2.390783405303955,0.44456481178030244,0.01535094551181206
N3-K1_fold4_seed20261003,N3-K1,4,20261003,10,exact_joint_hurdle_nll,0.7018903965556372,2.7599041223526,0.37418302297592165,0.4025794923305511,0.4025794923305511,2.3857210636138917,0.4181150749929808,0.015363020844140459
N3-K1_fold4_seed20261003,N3-K1,4,20261003,11,exact_joint_hurdle_nll,0.7018903965556372,2.7234084606170654,0.34566190242767336,0.3739876687526703,0.3739876687526703,2.377746605873108,0.3926337694517236,0.01542910348200581
N3-K1_fold4_seed20261003,N3-K1,4,20261003,12,exact_joint_hurdle_nll,0.7018903965556372,2.6977982044219972,0.3189549744129181,0.34728803634643557,0.34728803634643557,2.3788432121276855,0.36802377487504695,0.015546248194041117
N3-K1_fold4_seed20261004,N3-K1,4,20261004,1,exact_joint_hurdle_nll,0.7018903965556372,2.959515905380249,0.64499831199646,0.6726753950119019,0.6726753950119019,2.314517641067505,0.6618308348343803,0.1879616974579824
N3-K1_fold4_seed20261004,N3-K1,4,20261004,2,exact_joint_hurdle_nll,0.7018903965556372,2.901002836227417,0.6056780815124512,0.6331363558769226,0.6331363558769226,2.2953246355056764,0.6251720206580765,0.19596215937097802
N3-K1_fold4_seed20261004,N3-K1,4,20261004,3,exact_joint_hurdle_nll,0.7018903965556372,2.847856140136719,0.5690260410308838,0.5963252782821655,0.5963252782821655,2.2788301944732665,0.5909418372035631,0.19861170266443237
N3-K1_fold4_seed20261004,N3-K1,4,20261004,4,exact_joint_hurdle_nll,0.7018903965556372,2.8054474353790284,0.5335517525672913,0.5607385873794556,0.5607385873794556,2.271895670890808,0.5581524566553658,0.1878678876697104
N3-K1_fold4_seed20261004,N3-K1,4,20261004,5,exact_joint_hurdle_nll,0.7018903965556372,2.763639712333679,0.49935582280158997,0.5264700651168823,0.5264700651168823,2.2642839431762694,0.5265555399389322,0.1644632638894857
N3-K1_fold4_seed20261004,N3-K1,4,20261004,6,exact_joint_hurdle_nll,0.7018903965556372,2.720710110664368,0.4661240875720978,0.49318085312843324,0.49318085312843324,2.25458619594574,0.4963252680765805,0.12965241829002622
N3-K1_fold4_seed20261004,N3-K1,4,20261004,7,exact_joint_hurdle_nll,0.7018903965556372,2.692920207977295,0.43424413800239564,0.46135957837104796,0.46135957837104796,2.258675980567932,0.4680380272722424,0.09823546057901082
N3-K1_fold4_seed20261004,N3-K1,4,20261004,8,exact_joint_hurdle_nll,0.7018903965556372,2.66735782623291,0.40471616983413694,0.4318212687969208,0.4318212687969208,2.262641716003418,0.4421793685218322,0.07571353528117672
N3-K1_fold4_seed20261004,N3-K1,4,20261004,9,exact_joint_hurdle_nll,0.7018903965556372,2.6424704790115356,0.3776581883430481,0.40481550097465513,0.40481550097465513,2.264812183380127,0.41873495668485217,0.0630835332275323
N3-K1_fold4_seed20261004,N3-K1,4,20261004,10,exact_joint_hurdle_nll,0.7018903965556372,2.6171929359436037,0.3527167797088623,0.3798866868019104,0.3798866868019104,2.2644761323928835,0.3973092512703008,0.056703612336964436
N3-K1_fold4_seed20261004,N3-K1,4,20261004,11,exact_joint_hurdle_nll,0.7018903965556372,2.596184825897217,0.3298219799995422,0.35700170397758485,0.35700170397758485,2.266362690925598,0.37739898786207077,0.054694403444023605
N3-K1_fold4_seed20261004,N3-K1,4,20261004,12,exact_joint_hurdle_nll,0.7018903965556372,2.5783645629882814,0.30859745144844053,0.33574686050415037,0.33574686050415037,2.269766926765442,0.35864610438351086,0.054084661811604186
N3-K1_fold4_seed20261005,N3-K1,4,20261005,1,exact_joint_hurdle_nll,0.7018903965556372,3.30133376121521,0.5496961593627929,0.5822409987449646,0.5822409987449646,2.751637649536133,0.5964584182720222,0.01891273957544207
N3-K1_fold4_seed20261005,N3-K1,4,20261005,2,exact_joint_hurdle_nll,0.7018903965556372,3.2300517559051514,0.5147139430046082,0.5467326402664184,0.5467326402664184,2.7153376817703245,0.5629977928681997,0.019984483237889424
N3-K1_fold4_seed20261005,N3-K1,4,20261005,3,exact_joint_hurdle_nll,0.7018903965556372,3.147207570075989,0.48198952078819274,0.5134769082069397,0.5134769082069397,2.6652178525924684,0.5316031603151435,0.021093105295893817
N3-K1_fold4_seed20261005,N3-K1,4,20261005,4,exact_joint_hurdle_nll,0.7018903965556372,3.064787197113037,0.451173335313797,0.48206995129585267,0.48206995129585267,2.6136139631271362,0.5018491941319584,0.02206254138900439
N3-K1_fold4_seed20261005,N3-K1,4,20261005,5,exact_joint_hurdle_nll,0.7018903965556372,2.993756079673767,0.42165797352790835,0.451987624168396,0.451987624168396,2.572098207473755,0.4737681630089474,0.022844066773277112
N3-K1_fold4_seed20261005,N3-K1,4,20261005,6,exact_joint_hurdle_nll,0.7018903965556372,2.920057249069214,0.39388605356216433,0.4236958622932434,0.4236958622932434,2.526171255111694,0.4473924731534915,0.02343492520852443
N3-K1_fold4_seed20261005,N3-K1,4,20261005,7,exact_joint_hurdle_nll,0.7018903965556372,2.8511618614196776,0.3675470471382141,0.3969248175621033,0.3969248175621033,2.483614706993103,0.4227116022261852,0.0237601932374087
N3-K1_fold4_seed20261005,N3-K1,4,20261005,8,exact_joint_hurdle_nll,0.7018903965556372,2.7860058069229128,0.34298389554023745,0.3719125330448151,0.3719125330448151,2.443022036552429,0.39964714656170247,0.023533968067136445
N3-K1_fold4_seed20261005,N3-K1,4,20261005,9,exact_joint_hurdle_nll,0.7018903965556372,2.7275399684906008,0.31991705298423767,0.34852575063705443,0.34852575063705443,2.4076228618621824,0.37802922920196624,0.02237742207510319
N3-K1_fold4_seed20261005,N3-K1,4,20261005,10,exact_joint_hurdle_nll,0.7018903965556372,2.6806129217147827,0.29825869798660276,0.32656111717224123,0.32656111717224123,2.3823543071746824,0.3576789361526768,0.019981853223249944
N3-K1_fold4_seed20261005,N3-K1,4,20261005,11,exact_joint_hurdle_nll,0.7018903965556372,2.637126851081848,0.2778298079967499,0.3058443307876587,0.3058443307876587,2.359296989440918,0.3384485027490851,0.018596122448112474
N3-K1_fold4_seed20261005,N3-K1,4,20261005,12,exact_joint_hurdle_nll,0.7018903965556372,2.591404914855957,0.2585715979337692,0.28633199334144593,0.28633199334144593,2.33283326625824,0.3202376858213789,0.019088082582177895
N3-K1_fold4_seed20261006,N3-K1,4,20261006,1,exact_joint_hurdle_nll,0.7018903965556372,3.2193925380706787,0.5798084139823914,0.6110166072845459,0.6110166072845459,2.639584112167358,0.6151143385612792,0.016907002180926726
N3-K1_fold4_seed20261006,N3-K1,4,20261006,2,exact_joint_hurdle_nll,0.7018903965556372,3.136854410171509,0.5339199602603912,0.5647868752479553,0.5647868752479553,2.602934455871582,0.5702749822106319,0.017049402023737212
N3-K1_fold4_seed20261006,N3-K1,4,20261006,3,exact_joint_hurdle_nll,0.7018903965556372,3.0703428268432615,0.49295149445533754,0.5234711050987244,0.5234711050987244,2.5773913145065306,0.5296723794108473,0.017681055711121805
N3-K1_fold4_seed20261006,N3-K1,4,20261006,4,exact_joint_hurdle_nll,0.7018903965556372,3.000861167907715,0.45589510798454286,0.4860970973968506,0.4860970973968506,2.5449658393859864,0.49269507733986034,0.01894436973498147
N3-K1_fold4_seed20261006,N3-K1,4,20261006,5,exact_joint_hurdle_nll,0.7018903965556372,2.9445225477218626,0.4219395101070404,0.45187572836875917,0.45187572836875917,2.5225829601287844,0.4589926824160763,0.02083002420610794
N3-K1_fold4_seed20261006,N3-K1,4,20261006,6,exact_joint_hurdle_nll,0.7018903965556372,2.8867541313171388,0.3909330368041992,0.4205821633338928,0.4205821633338928,2.495821142196655,0.4281735684273269,0.02305228416162462
N3-K1_fold4_seed20261006,N3-K1,4,20261006,7,exact_joint_hurdle_nll,0.7018903965556372,2.838750624656677,0.36230504512786865,0.39174858927726747,0.39174858927726747,2.4764456272125246,0.39984047536221695,0.02539349061534884
N3-K1_fold4_seed20261006,N3-K1,4,20261006,8,exact_joint_hurdle_nll,0.7018903965556372,2.790857219696045,0.3355370283126831,0.36471143960952757,0.36471143960952757,2.4553200006484985,0.3737315350504245,0.028258446711884596
N3-K1_fold4_seed20261006,N3-K1,4,20261006,9,exact_joint_hurdle_nll,0.7018903965556372,2.745659065246582,0.31055229902267456,0.3395343005657196,0.3395343005657196,2.4351067781448363,0.34977900905238035,0.03248969901975733
N3-K1_fold4_seed20261006,N3-K1,4,20261006,10,exact_joint_hurdle_nll,0.7018903965556372,2.708404803276062,0.28709940910339354,0.3158929288387299,0.3158929288387299,2.4213054180145264,0.3279673056969633,0.03980170881046154
N3-K1_fold4_seed20261006,N3-K1,4,20261006,11,exact_joint_hurdle_nll,0.7018903965556372,2.672269105911255,0.265191650390625,0.2938148260116577,0.2938148260116577,2.4070772886276246,0.30819973174642257,0.05169713324535659
N3-K1_fold4_seed20261006,N3-K1,4,20261006,12,exact_joint_hurdle_nll,0.7018903965556372,2.6334598302841186,0.24462989568710328,0.27309640049934386,0.27309640049934386,2.3888298749923704,0.2904415099812036,0.0703397386241212
N3-K3_fold1_seed20261002,N3-K3,1,20261002,1,exact_joint_hurdle_nll,0.7018903965556372,4.53034234046936,1.0960116982460022,1.1138029098510742,1.1138029098510742,3.4343305826187134,1.0267657141125617,0.012396646059520662
N3-K3_fold1_seed20261002,N3-K3,1,20261002,2,exact_joint_hurdle_nll,0.7018903965556372,4.43864369392395,1.0562773048877716,1.0738981366157532,1.0738981366157532,3.382366180419922,0.9908575882189662,0.01281877884758234
N3-K3_fold1_seed20261002,N3-K3,1,20261002,3,exact_joint_hurdle_nll,0.7018903965556372,4.3919901847839355,1.0181246101856232,1.0355513989925385,1.0355513989925385,3.373865842819214,0.9559987017917051,0.013222875896357783
N3-K3_fold1_seed20261002,N3-K3,1,20261002,4,exact_joint_hurdle_nll,0.7018903965556372,4.312081813812256,0.9800437390804291,0.9973544478416443,0.9973544478416443,3.3320380449295044,0.922355964840858,0.013612699426515086
N3-K3_fold1_seed20261002,N3-K3,1,20261002,5,exact_joint_hurdle_nll,0.7018903965556372,4.255388259887695,0.943403571844101,0.9605550467967987,0.9605550467967987,3.3119841814041138,0.8908623898992041,0.013902366365443312
N3-K3_fold1_seed20261002,N3-K3,1,20261002,6,exact_joint_hurdle_nll,0.7018903965556372,4.181498765945435,0.9087231755256653,0.9257439970970154,0.9257439970970154,3.272775650024414,0.8620522980973938,0.014168906380519982
N3-K3_fold1_seed20261002,N3-K3,1,20261002,7,exact_joint_hurdle_nll,0.7018903965556372,4.131496787071228,0.8767417371273041,0.8935965299606323,0.8935965299606323,3.254755139350891,0.8357526568019443,0.014445460284912575
N3-K3_fold1_seed20261002,N3-K3,1,20261002,8,exact_joint_hurdle_nll,0.7018903965556372,4.092342376708984,0.8476850986480713,0.8644587397575378,0.8644587397575378,3.244657278060913,0.8113694125271614,0.014755478143871213
N3-K3_fold1_seed20261002,N3-K3,1,20261002,9,exact_joint_hurdle_nll,0.7018903965556372,4.041339635848999,0.8205952942371368,0.8371889293193817,0.8371889293193817,3.220744252204895,0.788318731280755,0.015156537747988183
N3-K3_fold1_seed20261002,N3-K3,1,20261002,10,exact_joint_hurdle_nll,0.7018903965556372,3.9967108964920044,0.7948342263698578,0.8113157451152802,0.8113157451152802,3.201876640319824,0.7662011476745317,0.01543625958556814
N3-K3_fold1_seed20261002,N3-K3,1,20261002,11,exact_joint_hurdle_nll,0.7018903965556372,3.921609401702881,0.7704466283321381,0.7867722809314728,0.7867722809314728,3.15116286277771,0.74471201387756,0.014593214932488042
N3-K3_fold1_seed20261002,N3-K3,1,20261002,12,exact_joint_hurdle_nll,0.7018903965556372,3.8827484846115112,0.7464064955711365,0.7626049518585205,0.7626049518585205,3.1363422870635986,0.7235984655674101,0.014093808495642566
N3-K3_fold1_seed20261003,N3-K3,1,20261003,1,exact_joint_hurdle_nll,0.7018903965556372,3.415395736694336,0.5812980234622955,0.5961800813674927,0.5961800813674927,2.8340975046157837,0.6332385871291099,0.024135891786474774
N3-K3_fold1_seed20261003,N3-K3,1,20261003,2,exact_joint_hurdle_nll,0.7018903965556372,3.385915994644165,0.556062787771225,0.5709330141544342,0.5709330141544342,2.829852819442749,0.6051054677800294,0.01868960970468675
N3-K3_fold1_seed20261003,N3-K3,1,20261003,3,exact_joint_hurdle_nll,0.7018903965556372,3.361453652381897,0.5317420959472656,0.546623706817627,0.546623706817627,2.8297119140625,0.579233635366137,0.015813326005684726
N3-K3_fold1_seed20261003,N3-K3,1,20261003,4,exact_joint_hurdle_nll,0.7018903965556372,3.346073627471924,0.5082530379295349,0.523158997297287,0.523158997297287,2.8378207683563232,0.5554563968916162,0.014022329732045879
N3-K3_fold1_seed20261003,N3-K3,1,20261003,5,exact_joint_hurdle_nll,0.7018903965556372,3.3184070587158203,0.4862041473388672,0.5010862052440643,0.5010862052440643,2.8322030305862427,0.5334651366886428,0.012657772791478856
N3-K3_fold1_seed20261003,N3-K3,1,20261003,6,exact_joint_hurdle_nll,0.7018903965556372,3.2912241220474243,0.46596352756023407,0.4808495491743088,0.4808495491743088,2.8252605199813843,0.5128299427028141,0.011732755037632277
N3-K3_fold1_seed20261003,N3-K3,1,20261003,7,exact_joint_hurdle_nll,0.7018903965556372,3.2877187728881836,0.4472965598106384,0.462182953953743,0.462182953953743,2.8404219150543213,0.4931116779906644,0.011119524988030849
N3-K3_fold1_seed20261003,N3-K3,1,20261003,8,exact_joint_hurdle_nll,0.7018903965556372,3.262090802192688,0.42996129393577576,0.44485820829868317,0.44485820829868317,2.8321293592453003,0.47401798492981095,0.010690880966092105
N3-K3_fold1_seed20261003,N3-K3,1,20261003,9,exact_joint_hurdle_nll,0.7018903965556372,3.257048726081848,0.4133089631795883,0.4281589239835739,0.4281589239835739,2.843739628791809,0.4554930498606927,0.010381940682818194
N3-K3_fold1_seed20261003,N3-K3,1,20261003,10,exact_joint_hurdle_nll,0.7018903965556372,3.2290135622024536,0.39761048555374146,0.4124913066625595,0.4124913066625595,2.831402897834778,0.4376363255705476,0.010191058499241887
N3-K3_fold1_seed20261003,N3-K3,1,20261003,11,exact_joint_hurdle_nll,0.7018903965556372,3.1922675371170044,0.3825661987066269,0.3973858654499054,0.3973858654499054,2.809701442718506,0.42067031355992507,0.010129708226989406
N3-K3_fold1_seed20261003,N3-K3,1,20261003,12,exact_joint_hurdle_nll,0.7018903965556372,3.184697151184082,0.36819639801979065,0.38303180038928986,0.38303180038928986,2.8165009021759033,0.4047220695996073,0.010254734627811301
N3-K3_fold1_seed20261004,N3-K3,1,20261004,1,exact_joint_hurdle_nll,0.7018903965556372,3.979720115661621,1.0099861919879913,1.025452882051468,1.025452882051468,2.9697335958480835,1.0675845560657884,0.02454634400847351
N3-K3_fold1_seed20261004,N3-K3,1,20261004,2,exact_joint_hurdle_nll,0.7018903965556372,3.9428869485855103,0.9798054993152618,0.9951429963111877,0.9951429963111877,2.963081121444702,1.0406834530866913,0.023761256489978663
N3-K3_fold1_seed20261004,N3-K3,1,20261004,3,exact_joint_hurdle_nll,0.7018903965556372,3.8809584379196167,0.9517292678356171,0.9669747352600098,0.9669747352600098,2.929229497909546,1.014901887544065,0.02321252024553467
N3-K3_fold1_seed20261004,N3-K3,1,20261004,4,exact_joint_hurdle_nll,0.7018903965556372,3.84005868434906,0.9249564409255981,0.9401213526725769,0.9401213526725769,2.915102005004883,0.9898231902880217,0.022414701666340863
N3-K3_fold1_seed20261004,N3-K3,1,20261004,5,exact_joint_hurdle_nll,0.7018903965556372,3.793801426887512,0.8990473747253418,0.9141268730163574,0.9141268730163574,2.894753932952881,0.9654068862155447,0.0214824140637839
N3-K3_fold1_seed20261004,N3-K3,1,20261004,6,exact_joint_hurdle_nll,0.7018903965556372,3.735682249069214,0.8732370138168335,0.8881925344467163,0.8881925344467163,2.862445116043091,0.9415554144272769,0.019904544531453343
N3-K3_fold1_seed20261004,N3-K3,1,20261004,7,exact_joint_hurdle_nll,0.7018903965556372,3.7081700563430786,0.8486501574516296,0.8635174036026001,0.8635174036026001,2.859520196914673,0.9181198186273399,0.017807831241568907
N3-K3_fold1_seed20261004,N3-K3,1,20261004,8,exact_joint_hurdle_nll,0.7018903965556372,3.669171452522278,0.8239974677562714,0.8388006091117859,0.8388006091117859,2.845173954963684,0.8949464242553393,0.015886725465586244
N3-K3_fold1_seed20261004,N3-K3,1,20261004,9,exact_joint_hurdle_nll,0.7018903965556372,3.6272215843200684,0.7996498048305511,0.8144132494926453,0.8144132494926453,2.827571749687195,0.871883656781755,0.014240429971057816
N3-K3_fold1_seed20261004,N3-K3,1,20261004,10,exact_joint_hurdle_nll,0.7018903965556372,3.5979284048080444,0.7750458419322968,0.7897450625896454,0.7897450625896454,2.8228824138641357,0.8487739772001207,0.013007431261695502
N3-K3_fold1_seed20261004,N3-K3,1,20261004,11,exact_joint_hurdle_nll,0.7018903965556372,3.551662802696228,0.7504829168319702,0.7650693356990814,0.7650693356990814,2.801179885864258,0.8254514191411811,0.01211116581946792
N3-K3_fold1_seed20261004,N3-K3,1,20261004,12,exact_joint_hurdle_nll,0.7018903965556372,3.5138156414031982,0.7260333895683289,0.740540623664856,0.740540623664856,2.787782311439514,0.801714366788535,0.011639870569962511
N3-K3_fold1_seed20261005,N3-K3,1,20261005,1,exact_joint_hurdle_nll,0.7018903965556372,3.245753526687622,0.5069041848182678,0.521278589963913,0.521278589963913,2.7388490438461304,0.5539795647953767,0.027092153710971463
N3-K3_fold1_seed20261005,N3-K3,1,20261005,2,exact_joint_hurdle_nll,0.7018903965556372,3.2134114503860474,0.4872213155031204,0.5014944970607758,0.5014944970607758,2.7261900901794434,0.5329951423184165,0.03514533841290487
N3-K3_fold1_seed20261005,N3-K3,1,20261005,3,exact_joint_hurdle_nll,0.7018903965556372,3.168027877807617,0.46853072941303253,0.482698455452919,0.482698455452919,2.6994972229003906,0.513306040647846,0.04598379696378615
N3-K3_fold1_seed20261005,N3-K3,1,20261005,4,exact_joint_hurdle_nll,0.7018903965556372,3.1526981592178345,0.4507388323545456,0.4648471474647522,0.4648471474647522,2.7019591331481934,0.4951191674437077,0.054806815367357785
N3-K3_fold1_seed20261005,N3-K3,1,20261005,5,exact_joint_hurdle_nll,0.7018903965556372,3.108778476715088,0.4340072125196457,0.448051393032074,0.448051393032074,2.6747711896896362,0.4784158551560015,0.05921219069348681
N3-K3_fold1_seed20261005,N3-K3,1,20261005,6,exact_joint_hurdle_nll,0.7018903965556372,3.082486152648926,0.41797585785388947,0.4319649040699005,0.4319649040699005,2.6645103693008423,0.4629936621503295,0.06250414080328917
N3-K3_fold1_seed20261005,N3-K3,1,20261005,7,exact_joint_hurdle_nll,0.7018903965556372,3.0583726167678833,0.40298260748386383,0.4168527126312256,0.4168527126312256,2.65539014339447,0.44866009379004695,0.06789291625899162
N3-K3_fold1_seed20261005,N3-K3,1,20261005,8,exact_joint_hurdle_nll,0.7018903965556372,3.049938440322876,0.3886859267950058,0.4025459736585617,0.4025459736585617,2.661252498626709,0.435234319840772,0.07607031691647634
N3-K3_fold1_seed20261005,N3-K3,1,20261005,9,exact_joint_hurdle_nll,0.7018903965556372,3.011627435684204,0.3749367296695709,0.3887496888637543,0.3887496888637543,2.636690616607666,0.4225066683887097,0.08403408364061363
N3-K3_fold1_seed20261005,N3-K3,1,20261005,10,exact_joint_hurdle_nll,0.7018903965556372,2.994931221008301,0.3618060201406479,0.37552399933338165,0.37552399933338165,2.6331249475479126,0.4102560082886127,0.09006976101682487
N3-K3_fold1_seed20261005,N3-K3,1,20261005,11,exact_joint_hurdle_nll,0.7018903965556372,2.9508944749832153,0.3493809401988983,0.36301277577877045,0.36301277577877045,2.6015135049819946,0.398260683325179,0.09390587036424702
N3-K3_fold1_seed20261005,N3-K3,1,20261005,12,exact_joint_hurdle_nll,0.7018903965556372,2.932251453399658,0.33731141686439514,0.35087263584136963,0.35087263584136963,2.594939947128296,0.3863183281061308,0.0948576228981109
N3-K3_fold1_seed20261006,N3-K3,1,20261006,1,exact_joint_hurdle_nll,0.7018903965556372,3.444645404815674,0.5025046169757843,0.5177851319313049,0.5177851319313049,2.942140579223633,0.500236740052065,0.010058809325591573
N3-K3_fold1_seed20261006,N3-K3,1,20261006,2,exact_joint_hurdle_nll,0.7018903965556372,3.4105716943740845,0.4828365594148636,0.4980546832084656,0.4980546832084656,2.927735209465027,0.4850493443850723,0.00982791378963182
N3-K3_fold1_seed20261006,N3-K3,1,20261006,3,exact_joint_hurdle_nll,0.7018903965556372,3.384573817253113,0.4645543843507767,0.4796329289674759,0.4796329289674759,2.920019507408142,0.47041276656642206,0.009707152502722931
N3-K3_fold1_seed20261006,N3-K3,1,20261006,4,exact_joint_hurdle_nll,0.7018903965556372,3.3641170263290405,0.44646286964416504,0.46148039400577545,0.46148039400577545,2.917654037475586,0.45588533595086345,0.009683466301832453
N3-K3_fold1_seed20261006,N3-K3,1,20261006,5,exact_joint_hurdle_nll,0.7018903965556372,3.2995725870132446,0.429126039147377,0.4440139979124069,0.4440139979124069,2.870446801185608,0.4413290353649402,0.009701763452726251
N3-K3_fold1_seed20261006,N3-K3,1,20261006,6,exact_joint_hurdle_nll,0.7018903965556372,3.2540911436080933,0.41150015592575073,0.42628462612628937,0.42628462612628937,2.8425909280776978,0.4265300190065274,0.009802581330935211
N3-K3_fold1_seed20261006,N3-K3,1,20261006,7,exact_joint_hurdle_nll,0.7018903965556372,3.2194197177886963,0.3941008299589157,0.40879976749420166,0.40879976749420166,2.825318932533264,0.41126247631146223,0.01010606935839498
N3-K3_fold1_seed20261006,N3-K3,1,20261006,8,exact_joint_hurdle_nll,0.7018903965556372,3.1819863319396973,0.37675808370113373,0.3913979083299637,0.3913979083299637,2.805228114128113,0.3954886100291815,0.010784170343629837
N3-K3_fold1_seed20261006,N3-K3,1,20261006,9,exact_joint_hurdle_nll,0.7018903965556372,3.1315654516220093,0.359327957034111,0.3738738000392914,0.3738738000392914,2.7722373008728027,0.37951431804297336,0.011928245632171323
N3-K3_fold1_seed20261006,N3-K3,1,20261006,10,exact_joint_hurdle_nll,0.7018903965556372,3.105058193206787,0.3426995724439621,0.3571271598339081,0.3571271598339081,2.7623586654663086,0.3642113610801124,0.013165533456487865
N3-K3_fold1_seed20261006,N3-K3,1,20261006,11,exact_joint_hurdle_nll,0.7018903965556372,3.0508999824523926,0.3266296833753586,0.3409423232078552,0.3409423232078552,2.724269986152649,0.35032748930522717,0.013952749116738019
N3-K3_fold1_seed20261006,N3-K3,1,20261006,12,exact_joint_hurdle_nll,0.7018903965556372,3.038088083267212,0.31137821078300476,0.32562343776226044,0.32562343776226044,2.7267098426818848,0.33792354759038906,0.014212303535284073
N3-K3_fold2_seed20261002,N3-K3,2,20261002,1,exact_joint_hurdle_nll,0.7018903965556372,4.483320077260335,1.0552662213643391,1.0852608283360798,1.0852608283360798,3.428054173787435,1.1299141665635737,0.010759665676640617
N3-K3_fold2_seed20261002,N3-K3,2,20261002,2,exact_joint_hurdle_nll,0.7018903965556372,4.368143399556478,0.9991986552874247,1.028725028038025,1.028725028038025,3.3689445654551187,1.0709336248825008,0.011064094528906112
N3-K3_fold2_seed20261002,N3-K3,2,20261002,3,exact_joint_hurdle_nll,0.7018903965556372,4.263559500376384,0.9468151529630026,0.9759082198143005,0.9759082198143005,3.316744248072306,1.0161391997310325,0.011371258827210169
N3-K3_fold2_seed20261002,N3-K3,2,20261002,4,exact_joint_hurdle_nll,0.7018903965556372,4.179715712865193,0.8972886006037394,0.9260455369949341,0.9260455369949341,3.2824271519978843,0.9665889740811939,0.011646025172225205
N3-K3_fold2_seed20261002,N3-K3,2,20261002,5,exact_joint_hurdle_nll,0.7018903965556372,4.099481026331584,0.8528504967689514,0.8813080986340841,0.8813080986340841,3.2466306686401367,0.9233661877492546,0.011846931457945435
N3-K3_fold2_seed20261002,N3-K3,2,20261002,6,exact_joint_hurdle_nll,0.7018903965556372,4.016689856847127,0.8137881358464559,0.8419215679168701,0.8419215679168701,3.202901601791382,0.8849523326900326,0.011961330708790095
N3-K3_fold2_seed20261002,N3-K3,2,20261002,7,exact_joint_hurdle_nll,0.7018903965556372,3.9634276231129966,0.778436541557312,0.8062970836957296,0.8062970836957296,3.184990962346395,0.8496318626984165,0.011948868023899011
N3-K3_fold2_seed20261002,N3-K3,2,20261002,8,exact_joint_hurdle_nll,0.7018903965556372,3.8806301752726235,0.7449694474538168,0.7725165486335754,0.7725165486335754,3.1356603304545083,0.8161598821830629,0.011862465259758034
N3-K3_fold2_seed20261002,N3-K3,2,20261002,9,exact_joint_hurdle_nll,0.7018903965556372,3.831667900085449,0.7130885521570841,0.7403985857963562,0.7403985857963562,3.1185792287190757,0.783476565364397,0.011790659487931489
N3-K3_fold2_seed20261002,N3-K3,2,20261002,10,exact_joint_hurdle_nll,0.7018903965556372,3.7650259335835776,0.6816877921422323,0.7086554964383444,0.7086554964383444,3.083337942759196,0.7510841406452713,0.01178959328633411
N3-K3_fold2_seed20261002,N3-K3,2,20261002,11,exact_joint_hurdle_nll,0.7018903965556372,3.685905377070109,0.6512301961580912,0.6779143611590067,0.6779143611590067,3.034674962361654,0.7190125019465731,0.011846147077632303
N3-K3_fold2_seed20261002,N3-K3,2,20261002,12,exact_joint_hurdle_nll,0.7018903965556372,3.611498753229777,0.6215226054191589,0.6478845675786337,0.6478845675786337,2.989975929260254,0.6871500755437989,0.011973788702419238
N3-K3_fold2_seed20261003,N3-K3,2,20261003,1,exact_joint_hurdle_nll,0.7018903965556372,3.3931289513905845,0.5843723018964132,0.608940581480662,0.608940581480662,2.808756430943807,0.6014439737581483,0.03408634744100337
N3-K3_fold2_seed20261003,N3-K3,2,20261003,2,exact_joint_hurdle_nll,0.7018903965556372,3.3488338788350425,0.5453710158665975,0.5699173808097839,0.5699173808097839,2.8034627437591553,0.5677342231839559,0.025766421508763
N3-K3_fold2_seed20261003,N3-K3,2,20261003,3,exact_joint_hurdle_nll,0.7018903965556372,3.322141249974569,0.5098881920178732,0.5344335834185282,0.5344335834185282,2.8122527599334717,0.5373446726768296,0.021250659426719637
N3-K3_fold2_seed20261003,N3-K3,2,20261003,4,exact_joint_hurdle_nll,0.7018903965556372,3.2814043362935386,0.47746143738428753,0.5020198225975037,0.5020198225975037,2.8039427598317466,0.509481790442718,0.019229879370965333
N3-K3_fold2_seed20261003,N3-K3,2,20261003,5,exact_joint_hurdle_nll,0.7018903965556372,3.2599900563557944,0.4481629927953084,0.4727928042411804,0.4727928042411804,2.8118268648783364,0.48332113460566245,0.017887157574066725
N3-K3_fold2_seed20261003,N3-K3,2,20261003,6,exact_joint_hurdle_nll,0.7018903965556372,3.2320990562438965,0.4216108520825704,0.4463566442330678,0.4463566442330678,2.8104883829752603,0.45878558521146673,0.01722915571638485
N3-K3_fold2_seed20261003,N3-K3,2,20261003,7,exact_joint_hurdle_nll,0.7018903965556372,3.2175613244374595,0.3970141013463338,0.4218482971191406,0.4218482971191406,2.820547421773275,0.4366538694570728,0.01699186790571945
N3-K3_fold2_seed20261003,N3-K3,2,20261003,8,exact_joint_hurdle_nll,0.7018903965556372,3.2031211058298745,0.3744429349899292,0.3993724187215169,0.3993724187215169,2.8286777337392173,0.41687597722254277,0.01656521047248986
N3-K3_fold2_seed20261003,N3-K3,2,20261003,9,exact_joint_hurdle_nll,0.7018903965556372,3.180614391962687,0.353656808535258,0.3786817491054535,0.3786817491054535,2.826957861582438,0.3985874495200916,0.016047135700249508
N3-K3_fold2_seed20261003,N3-K3,2,20261003,10,exact_joint_hurdle_nll,0.7018903965556372,3.167296886444092,0.33417100707689923,0.359190970659256,0.359190970659256,2.8331257502237954,0.3810235373712453,0.015485169050044954
N3-K3_fold2_seed20261003,N3-K3,2,20261003,11,exact_joint_hurdle_nll,0.7018903965556372,3.149667660395304,0.3152548372745514,0.34030139446258545,0.34030139446258545,2.8344128926595054,0.36368876584409604,0.015524858921667158
N3-K3_fold2_seed20261003,N3-K3,2,20261003,12,exact_joint_hurdle_nll,0.7018903965556372,3.1308942635854087,0.2971240778764089,0.32212828596433,0.32212828596433,2.8337703545888266,0.34685863281004226,0.016559683666943985
N3-K3_fold2_seed20261004,N3-K3,2,20261004,1,exact_joint_hurdle_nll,0.7018903965556372,3.993405342102051,1.0140287478764851,1.0402668118476868,1.0402668118476868,2.979376475016276,1.0243309208606766,0.0475523171126229
N3-K3_fold2_seed20261004,N3-K3,2,20261004,2,exact_joint_hurdle_nll,0.7018903965556372,3.916167974472046,0.9718528389930725,0.9978087743123373,0.9978087743123373,2.944314956665039,0.986011728563246,0.04773178203149973
N3-K3_fold2_seed20261004,N3-K3,2,20261004,3,exact_joint_hurdle_nll,0.7018903965556372,3.857375462849935,0.9337091445922852,0.959434986114502,0.959434986114502,2.92366631825765,0.9503558564668527,0.04911251790292868
N3-K3_fold2_seed20261004,N3-K3,2,20261004,4,exact_joint_hurdle_nll,0.7018903965556372,3.801502545674642,0.897098700205485,0.9226699670155843,0.9226699670155843,2.904404083887736,0.9158044259076307,0.05113239056172652
N3-K3_fold2_seed20261004,N3-K3,2,20261004,5,exact_joint_hurdle_nll,0.7018903965556372,3.73081644376119,0.8621666232744852,0.8874896963437399,0.8874896963437399,2.86864972114563,0.8818132778237128,0.05117522564203008
N3-K3_fold2_seed20261004,N3-K3,2,20261004,6,exact_joint_hurdle_nll,0.7018903965556372,3.6771002610524497,0.8279937307039896,0.8531065384546915,0.8531065384546915,2.849106709162394,0.848125880788809,0.0485003344819266
N3-K3_fold2_seed20261004,N3-K3,2,20261004,7,exact_joint_hurdle_nll,0.7018903965556372,3.6241584618886313,0.7944044272104899,0.8192998369534811,0.8192998369534811,2.829754114151001,0.8146223168861949,0.042299120618207425
N3-K3_fold2_seed20261004,N3-K3,2,20261004,8,exact_joint_hurdle_nll,0.7018903965556372,3.573345343271891,0.7607701420783997,0.7854656974474589,0.7854656974474589,2.812575022379557,0.7811204626318815,0.03439272429021001
N3-K3_fold2_seed20261004,N3-K3,2,20261004,9,exact_joint_hurdle_nll,0.7018903965556372,3.51359232266744,0.7266357938448588,0.7511694431304932,0.7511694431304932,2.7869561513264975,0.7471626509945974,0.029048559932753223
N3-K3_fold2_seed20261004,N3-K3,2,20261004,10,exact_joint_hurdle_nll,0.7018903965556372,3.470876932144165,0.6913433869679769,0.7157670458157858,0.7157670458157858,2.779533624649048,0.7120067145490274,0.02859321746592458
N3-K3_fold2_seed20261004,N3-K3,2,20261004,11,exact_joint_hurdle_nll,0.7018903965556372,3.4075392882029214,0.6539766987164816,0.6781750718752543,0.6781750718752543,2.7535623709360757,0.6748707454706765,0.032327035558867595
N3-K3_fold2_seed20261004,N3-K3,2,20261004,12,exact_joint_hurdle_nll,0.7018903965556372,3.3525753815968833,0.6143573522567749,0.6384444634119669,0.6384444634119669,2.7382179896036782,0.6359447327414549,0.03838667943630538
N3-K3_fold2_seed20261005,N3-K3,2,20261005,1,exact_joint_hurdle_nll,0.7018903965556372,3.265017032623291,0.5083629290262858,0.532773474852244,0.532773474852244,2.7566539446512857,0.5459829735985116,0.05443304791868686
N3-K3_fold2_seed20261005,N3-K3,2,20261005,2,exact_joint_hurdle_nll,0.7018903965556372,3.201094071070353,0.4788435399532318,0.5029846330483755,0.5029846330483755,2.7222503821055093,0.5190047114460358,0.06823872213624357
N3-K3_fold2_seed20261005,N3-K3,2,20261005,3,exact_joint_hurdle_nll,0.7018903965556372,3.1651498476664224,0.4534008900324504,0.4773723582426707,0.4773723582426707,2.7117487589518228,0.4958163116888674,0.06648858337787454
N3-K3_fold2_seed20261005,N3-K3,2,20261005,4,exact_joint_hurdle_nll,0.7018903965556372,3.12027907371521,0.4308575789133708,0.4546056091785431,0.4546056091785431,2.6894214948018393,0.4754208122626285,0.06192939953752429
N3-K3_fold2_seed20261005,N3-K3,2,20261005,5,exact_joint_hurdle_nll,0.7018903965556372,3.0788111686706543,0.40964949131011963,0.4332083563009898,0.4332083563009898,2.669161558151245,0.4565835280725643,0.06238034501790321
N3-K3_fold2_seed20261005,N3-K3,2,20261005,6,exact_joint_hurdle_nll,0.7018903965556372,3.0456345876057944,0.3902216851711273,0.4135555326938629,0.4135555326938629,2.6554128328959146,0.438703373293741,0.06927835429729952
N3-K3_fold2_seed20261005,N3-K3,2,20261005,7,exact_joint_hurdle_nll,0.7018903965556372,3.014787038167318,0.3716682990392049,0.39488468567530316,0.39488468567530316,2.6431187788645425,0.42142388197832165,0.07760678625710746
N3-K3_fold2_seed20261005,N3-K3,2,20261005,8,exact_joint_hurdle_nll,0.7018903965556372,2.9668241341908774,0.35390324393908185,0.3769456346829732,0.3769456346829732,2.6129206816355386,0.4043852722492566,0.08218105829286065
N3-K3_fold2_seed20261005,N3-K3,2,20261005,9,exact_joint_hurdle_nll,0.7018903965556372,2.9369537830352783,0.3363807996114095,0.3592487871646881,0.3592487871646881,2.6005731423695884,0.38718960526950136,0.08107702484189555
N3-K3_fold2_seed20261005,N3-K3,2,20261005,10,exact_joint_hurdle_nll,0.7018903965556372,2.8931129773457847,0.3187178671360016,0.3414328595002492,0.3414328595002492,2.574395179748535,0.3696357617724843,0.07736033603945124
N3-K3_fold2_seed20261005,N3-K3,2,20261005,11,exact_joint_hurdle_nll,0.7018903965556372,2.8622729778289795,0.3010672926902771,0.32362375656763714,0.32362375656763714,2.561205784479777,0.3518622856212888,0.07537526779131785
N3-K3_fold2_seed20261005,N3-K3,2,20261005,12,exact_joint_hurdle_nll,0.7018903965556372,2.817647139231364,0.28334587812423706,0.3056934674580892,0.3056934674580892,2.5343013604482016,0.33379501533125044,0.07588532925816718
N3-K3_fold2_seed20261006,N3-K3,2,20261006,1,exact_joint_hurdle_nll,0.7018903965556372,3.4141639868418374,0.48708770672480267,0.5126596689224243,0.5126596689224243,2.9270761013031006,0.5201561848930045,0.010587220821173507
N3-K3_fold2_seed20261006,N3-K3,2,20261006,2,exact_joint_hurdle_nll,0.7018903965556372,3.3574277559916177,0.4608241816361745,0.4861234426498413,0.4861234426498413,2.8966034253438315,0.49412879318599906,0.01057252348043391
N3-K3_fold2_seed20261006,N3-K3,2,20261006,3,exact_joint_hurdle_nll,0.7018903965556372,3.306288798650106,0.4365859528382619,0.4616754651069641,0.4616754651069641,2.8697028954823813,0.47016399381514873,0.010674980838882447
N3-K3_fold2_seed20261006,N3-K3,2,20261006,4,exact_joint_hurdle_nll,0.7018903965556372,3.248915354410807,0.4129076600074768,0.43777450919151306,0.43777450919151306,2.8360074361165366,0.4473288816962305,0.010893442246504428
N3-K3_fold2_seed20261006,N3-K3,2,20261006,5,exact_joint_hurdle_nll,0.7018903965556372,3.2034987608591714,0.3889154891173045,0.4135531485080719,0.4135531485080719,2.8145833810170493,0.4249568448401503,0.011274818945570522
N3-K3_fold2_seed20261006,N3-K3,2,20261006,6,exact_joint_hurdle_nll,0.7018903965556372,3.1552871068318686,0.3646078407764435,0.3890274961789449,0.3890274961789449,2.790679613749186,0.40251790616094735,0.01197482405434032
N3-K3_fold2_seed20261006,N3-K3,2,20261006,7,exact_joint_hurdle_nll,0.7018903965556372,3.1091509660085044,0.34082698822021484,0.36510855952898663,0.36510855952898663,2.768324057261149,0.380059785998902,0.013185632571787271
N3-K3_fold2_seed20261006,N3-K3,2,20261006,8,exact_joint_hurdle_nll,0.7018903965556372,3.0601304372151694,0.3185832003752391,0.3426211178302765,0.3426211178302765,2.7415472666422525,0.3585022477537574,0.014489777401484386
N3-K3_fold2_seed20261006,N3-K3,2,20261006,9,exact_joint_hurdle_nll,0.7018903965556372,3.0215116341908774,0.29842254519462585,0.3223397731781006,0.3223397731781006,2.7230891386667886,0.3392183279298273,0.015266814962619293
N3-K3_fold2_seed20261006,N3-K3,2,20261006,10,exact_joint_hurdle_nll,0.7018903965556372,2.9786036809285483,0.2799432377020518,0.30375540256500244,0.30375540256500244,2.6986605326334634,0.32196196843999797,0.015361602647905342
N3-K3_fold2_seed20261006,N3-K3,2,20261006,11,exact_joint_hurdle_nll,0.7018903965556372,2.9494572480519614,0.2627004285653432,0.2864082952340444,0.2864082952340444,2.686756690343221,0.3057684940522426,0.014979434480824812
N3-K3_fold2_seed20261006,N3-K3,2,20261006,12,exact_joint_hurdle_nll,0.7018903965556372,2.923577626546224,0.2459716002146403,0.2696102162202199,0.2696102162202199,2.6776062647501626,0.29005280068870676,0.014579372953598608
N3-K3_fold3_seed20261002,N3-K3,3,20261002,1,exact_joint_hurdle_nll,0.7018903965556372,4.479698657989502,1.0585856139659882,1.0967022478580475,1.0967022478580475,3.4211131930351257,1.1509445717242857,0.009359291985875895
N3-K3_fold3_seed20261002,N3-K3,3,20261002,2,exact_joint_hurdle_nll,0.7018903965556372,4.340988516807556,0.9848555624485016,1.022324189543724,1.022324189543724,3.3561328053474426,1.074821742847613,0.009395138106327973
N3-K3_fold3_seed20261002,N3-K3,3,20261002,3,exact_joint_hurdle_nll,0.7018903965556372,4.2212302684783936,0.9175686836242676,0.9543628543615341,0.9543628543615341,3.303661584854126,1.0068783170370896,0.00941818937853725
N3-K3_fold3_seed20261002,N3-K3,3,20261002,4,exact_joint_hurdle_nll,0.7018903965556372,4.1125717759132385,0.8585024923086166,0.8948405236005783,0.8948405236005783,3.254069149494171,0.9492812732266245,0.009399530652690636
N3-K3_fold3_seed20261002,N3-K3,3,20261002,5,exact_joint_hurdle_nll,0.7018903965556372,4.016932010650635,0.8077978640794754,0.8435671329498291,0.8435671329498291,3.2091339826583862,0.8995586043269509,0.009342336263850561
N3-K3_fold3_seed20261002,N3-K3,3,20261002,6,exact_joint_hurdle_nll,0.7018903965556372,3.9246686697006226,0.762441024184227,0.7977167367935181,0.7977167367935181,3.1622279286384583,0.8537608254106289,0.009269201564209184
N3-K3_fold3_seed20261002,N3-K3,3,20261002,7,exact_joint_hurdle_nll,0.7018903965556372,3.8297030329704285,0.7195193767547607,0.7542066872119904,0.7542066872119904,3.110183537006378,0.8096381704567744,0.00921699956980666
N3-K3_fold3_seed20261002,N3-K3,3,20261002,8,exact_joint_hurdle_nll,0.7018903965556372,3.741084098815918,0.6778882145881653,0.7120820581912994,0.7120820581912994,3.0631958842277527,0.7656842343467909,0.009197063419732397
N3-K3_fold3_seed20261002,N3-K3,3,20261002,9,exact_joint_hurdle_nll,0.7018903965556372,3.645137906074524,0.6365529894828796,0.670233279466629,0.670233279466629,3.00858473777771,0.7209637627063359,0.009207575931526931
N3-K3_fold3_seed20261002,N3-K3,3,20261002,10,exact_joint_hurdle_nll,0.7018903965556372,3.5581365823745728,0.5956977158784866,0.6288309246301651,0.6288309246301651,2.9624387621879578,0.6750493293344292,0.009255721316839188
N3-K3_fold3_seed20261002,N3-K3,3,20261002,11,exact_joint_hurdle_nll,0.7018903965556372,3.4740235805511475,0.555411085486412,0.5880034118890762,0.5880034118890762,2.91861230134964,0.6295982227072913,0.009340686559894437
N3-K3_fold3_seed20261002,N3-K3,3,20261002,12,exact_joint_hurdle_nll,0.7018903965556372,3.373721718788147,0.5180007070302963,0.5499295294284821,0.5499295294284821,2.8557210564613342,0.5879059947760684,0.009351034836783644
N3-K3_fold3_seed20261003,N3-K3,3,20261003,1,exact_joint_hurdle_nll,0.7018903965556372,3.3680681586265564,0.576363280415535,0.6073696613311768,0.6073696613311768,2.7917046546936035,0.5621859117328344,0.049175016775943284
N3-K3_fold3_seed20261003,N3-K3,3,20261003,2,exact_joint_hurdle_nll,0.7018903965556372,3.3193471431732178,0.5273538380861282,0.5583095252513885,0.5583095252513885,2.7919933795928955,0.5213047500596878,0.03718853323056327
N3-K3_fold3_seed20261003,N3-K3,3,20261003,3,exact_joint_hurdle_nll,0.7018903965556372,3.271679639816284,0.4844105616211891,0.5153551995754242,0.5153551995754242,2.7872692346572876,0.4827910614455877,0.02812432972876671
N3-K3_fold3_seed20261003,N3-K3,3,20261003,4,exact_joint_hurdle_nll,0.7018903965556372,3.2353150248527527,0.4464614987373352,0.4774887263774872,0.4774887263774872,2.7888535261154175,0.4469193170068819,0.02581086601175375
N3-K3_fold3_seed20261003,N3-K3,3,20261003,5,exact_joint_hurdle_nll,0.7018903965556372,3.2060858011245728,0.41273947805166245,0.44389107823371887,0.44389107823371887,2.7933464646339417,0.41448504841094636,0.023636109490974784
N3-K3_fold3_seed20261003,N3-K3,3,20261003,6,exact_joint_hurdle_nll,0.7018903965556372,3.1768122911453247,0.3825080171227455,0.4137491434812546,0.4137491434812546,2.794304132461548,0.3863779729240465,0.022295680019235126
N3-K3_fold3_seed20261003,N3-K3,3,20261003,7,exact_joint_hurdle_nll,0.7018903965556372,3.164043962955475,0.3552948087453842,0.38664909452199936,0.38664909452199936,2.80874902009964,0.3609850472129343,0.02252149495204058
N3-K3_fold3_seed20261003,N3-K3,3,20261003,8,exact_joint_hurdle_nll,0.7018903965556372,3.1287503838539124,0.32998862862586975,0.3613756522536278,0.3613756522536278,2.798762023448944,0.33716373488903223,0.023757760263834745
N3-K3_fold3_seed20261003,N3-K3,3,20261003,9,exact_joint_hurdle_nll,0.7018903965556372,3.1073172092437744,0.3057600408792496,0.3371591418981552,0.3371591418981552,2.8015570044517517,0.3146935169036542,0.026668383841800807
N3-K3_fold3_seed20261003,N3-K3,3,20261003,10,exact_joint_hurdle_nll,0.7018903965556372,3.08671635389328,0.282745324075222,0.3141513913869858,0.3141513913869858,2.803970694541931,0.2941526422175409,0.03130082209353883
N3-K3_fold3_seed20261003,N3-K3,3,20261003,11,exact_joint_hurdle_nll,0.7018903965556372,3.0583600401878357,0.26111187040805817,0.2923852279782295,0.2923852279782295,2.7972482442855835,0.2761233950621087,0.03427604038734337
N3-K3_fold3_seed20261003,N3-K3,3,20261003,12,exact_joint_hurdle_nll,0.7018903965556372,3.0179086923599243,0.24143628776073456,0.2724803797900677,0.2724803797900677,2.776472330093384,0.26014019296886276,0.03420324292978209
N3-K3_fold3_seed20261004,N3-K3,3,20261004,1,exact_joint_hurdle_nll,0.7018903965556372,3.9799055457115173,1.003431037068367,1.0367376953363419,1.0367376953363419,2.976474642753601,0.9575924154498114,0.03529605711434426
N3-K3_fold3_seed20261004,N3-K3,3,20261004,2,exact_joint_hurdle_nll,0.7018903965556372,3.893489122390747,0.9500249922275543,0.9829488545656204,0.9829488545656204,2.943463981151581,0.9089001753084254,0.03526319860492993
N3-K3_fold3_seed20261004,N3-K3,3,20261004,3,exact_joint_hurdle_nll,0.7018903965556372,3.8139622807502747,0.9017993211746216,0.9343070536851883,0.9343070536851883,2.912163197994232,0.8644075159943666,0.035721098450174675
N3-K3_fold3_seed20261004,N3-K3,3,20261004,4,exact_joint_hurdle_nll,0.7018903965556372,3.7275862097740173,0.8563277572393417,0.8884991556406021,0.8884991556406021,2.8712584376335144,0.821603914363426,0.03664173241442845
N3-K3_fold3_seed20261004,N3-K3,3,20261004,5,exact_joint_hurdle_nll,0.7018903965556372,3.644929885864258,0.8118230849504471,0.8436130583286285,0.8436130583286285,2.833106815814972,0.7790278142547218,0.037122884503038994
N3-K3_fold3_seed20261004,N3-K3,3,20261004,6,exact_joint_hurdle_nll,0.7018903965556372,3.576558232307434,0.768161803483963,0.7996217459440231,0.7996217459440231,2.8083963990211487,0.7358081173372509,0.037950654992632935
N3-K3_fold3_seed20261004,N3-K3,3,20261004,7,exact_joint_hurdle_nll,0.7018903965556372,3.5102524757385254,0.723178967833519,0.7543545961380005,0.7543545961380005,2.7870734333992004,0.6914540315600044,0.042003748013781636
N3-K3_fold3_seed20261004,N3-K3,3,20261004,8,exact_joint_hurdle_nll,0.7018903965556372,3.434206247329712,0.6758214682340622,0.7066916674375534,0.7066916674375534,2.7583848237991333,0.6451393927045256,0.05326806281143121
N3-K3_fold3_seed20261004,N3-K3,3,20261004,9,exact_joint_hurdle_nll,0.7018903965556372,3.3691447377204895,0.6245687901973724,0.6552373915910721,0.6552373915910721,2.7445759177207947,0.5978744445591941,0.056481794812936935
N3-K3_fold3_seed20261004,N3-K3,3,20261004,10,exact_joint_hurdle_nll,0.7018903965556372,3.2903842329978943,0.570629209280014,0.6010594218969345,0.6010594218969345,2.719754934310913,0.5537289055208112,0.04173780457132473
N3-K3_fold3_seed20261004,N3-K3,3,20261004,11,exact_joint_hurdle_nll,0.7018903965556372,3.237459421157837,0.5188824683427811,0.5492012649774551,0.5492012649774551,2.7185769081115723,0.5155474555880523,0.014695867091313876
N3-K3_fold3_seed20261004,N3-K3,3,20261004,12,exact_joint_hurdle_nll,0.7018903965556372,3.1948054432868958,0.4728597030043602,0.5032259672880173,0.5032259672880173,2.7219457626342773,0.4787550006355425,0.010007575790040753
N3-K3_fold3_seed20261005,N3-K3,3,20261005,1,exact_joint_hurdle_nll,0.7018903965556372,3.269646167755127,0.5054444968700409,0.5365501940250397,0.5365501940250397,2.7642014622688293,0.5221799629013691,0.023861909450114308
N3-K3_fold3_seed20261005,N3-K3,3,20261005,2,exact_joint_hurdle_nll,0.7018903965556372,3.196524202823639,0.4687138646841049,0.49938976019620895,0.49938976019620895,2.7278104424476624,0.48848411051675156,0.02629025632633002
N3-K3_fold3_seed20261005,N3-K3,3,20261005,3,exact_joint_hurdle_nll,0.7018903965556372,3.1408824920654297,0.4388921484351158,0.469247505068779,0.469247505068779,2.7019903659820557,0.4601252028735892,0.02809532711840344
N3-K3_fold3_seed20261005,N3-K3,3,20261005,4,exact_joint_hurdle_nll,0.7018903965556372,3.0825559496879578,0.4124712273478508,0.44245436787605286,0.44245436787605286,2.670084834098816,0.43411423492803525,0.031112032123335916
N3-K3_fold3_seed20261005,N3-K3,3,20261005,5,exact_joint_hurdle_nll,0.7018903965556372,3.0367481112480164,0.38775456696748734,0.41742994636297226,0.41742994636297226,2.6489936113357544,0.4090549212063576,0.036252434557300955
N3-K3_fold3_seed20261005,N3-K3,3,20261005,6,exact_joint_hurdle_nll,0.7018903965556372,2.982094645500183,0.36423803865909576,0.39361122250556946,0.39361122250556946,2.617856502532959,0.38450015094448864,0.04221445934652854
N3-K3_fold3_seed20261005,N3-K3,3,20261005,7,exact_joint_hurdle_nll,0.7018903965556372,2.9447264075279236,0.3412114754319191,0.3703627660870552,0.3703627660870552,2.603514850139618,0.36017722909200295,0.04543257014216193
N3-K3_fold3_seed20261005,N3-K3,3,20261005,8,exact_joint_hurdle_nll,0.7018903965556372,2.8956024050712585,0.31797876954078674,0.3467956781387329,0.3467956781387329,2.5776236057281494,0.3358218480776027,0.048380912907747126
N3-K3_fold3_seed20261005,N3-K3,3,20261005,9,exact_joint_hurdle_nll,0.7018903965556372,2.8479788303375244,0.294561967253685,0.3230775222182274,0.3230775222182274,2.5534170269966125,0.31177269411223174,0.05506988617359927
N3-K3_fold3_seed20261005,N3-K3,3,20261005,10,exact_joint_hurdle_nll,0.7018903965556372,2.7942190766334534,0.2711854428052902,0.299430713057518,0.299430713057518,2.5230334997177124,0.2886770821608247,0.0650266650079154
N3-K3_fold3_seed20261005,N3-K3,3,20261005,11,exact_joint_hurdle_nll,0.7018903965556372,2.746224105358124,0.2484789974987507,0.27646931260824203,0.27646931260824203,2.497745096683502,0.2669179154846945,0.07027600199955367
N3-K3_fold3_seed20261005,N3-K3,3,20261005,12,exact_joint_hurdle_nll,0.7018903965556372,2.710657298564911,0.22802454605698586,0.2558208778500557,0.2558208778500557,2.482632577419281,0.24661481664566573,0.07236503329007449
N3-K3_fold3_seed20261006,N3-K3,3,20261006,1,exact_joint_hurdle_nll,0.7018903965556372,3.4058379530906677,0.4825126379728317,0.5150674283504486,0.5150674283504486,2.923325479030609,0.5051463651360247,0.010367497101587717
N3-K3_fold3_seed20261006,N3-K3,3,20261006,2,exact_joint_hurdle_nll,0.7018903965556372,3.3334049582481384,0.4483666718006134,0.4804629608988762,0.4804629608988762,2.885038375854492,0.4698763325007192,0.010884781048240366
N3-K3_fold3_seed20261006,N3-K3,3,20261006,3,exact_joint_hurdle_nll,0.7018903965556372,3.260579824447632,0.41706449538469315,0.4487622603774071,0.4487622603774071,2.8435155153274536,0.4383460083760375,0.011533287816128331
N3-K3_fold3_seed20261006,N3-K3,3,20261006,4,exact_joint_hurdle_nll,0.7018903965556372,3.199065327644348,0.3863433748483658,0.41769684851169586,0.41769684851169586,2.812721908092499,0.4092816903779326,0.012065170535490706
N3-K3_fold3_seed20261006,N3-K3,3,20261006,5,exact_joint_hurdle_nll,0.7018903965556372,3.130463480949402,0.355356365442276,0.38636500388383865,0.38636500388383865,2.7751070261001587,0.3810542355108636,0.012569080729625488
N3-K3_fold3_seed20261006,N3-K3,3,20261006,6,exact_joint_hurdle_nll,0.7018903965556372,3.0733659267425537,0.3257070705294609,0.35641714930534363,0.35641714930534363,2.7476590275764465,0.3530666738802069,0.012805248404314214
N3-K3_fold3_seed20261006,N3-K3,3,20261006,7,exact_joint_hurdle_nll,0.7018903965556372,3.013216555118561,0.29912836849689484,0.3295314460992813,0.3295314460992813,2.7140883207321167,0.3264786633634689,0.012326813715070306
N3-K3_fold3_seed20261006,N3-K3,3,20261006,8,exact_joint_hurdle_nll,0.7018903965556372,2.9772512316703796,0.2756047546863556,0.30584143847227097,0.30584143847227097,2.701646566390991,0.30185610803941243,0.011934459100386947
N3-K3_fold3_seed20261006,N3-K3,3,20261006,9,exact_joint_hurdle_nll,0.7018903965556372,2.938931405544281,0.25364093482494354,0.2838003635406494,0.2838003635406494,2.685290217399597,0.2790626756869761,0.011832511128401162
N3-K3_fold3_seed20261006,N3-K3,3,20261006,10,exact_joint_hurdle_nll,0.7018903965556372,2.9178022146224976,0.2323225736618042,0.26237083226442337,0.26237083226442337,2.6854796409606934,0.2577838824066782,0.011573766266264418
N3-K3_fold3_seed20261006,N3-K3,3,20261006,11,exact_joint_hurdle_nll,0.7018903965556372,2.8888404965400696,0.2115444801747799,0.24153197556734085,0.24153197556734085,2.6772961616516113,0.23801086340317204,0.011127569242633807
N3-K3_fold3_seed20261006,N3-K3,3,20261006,12,exact_joint_hurdle_nll,0.7018903965556372,2.8465107679367065,0.19195792078971863,0.22178282588720322,0.22178282588720322,2.654552936553955,0.2196907095478242,0.011054568056338303
N3-K3_fold4_seed20261002,N3-K3,4,20261002,1,exact_joint_hurdle_nll,0.7018903965556372,4.111185121536255,1.0722473382949829,1.10785813331604,1.10785813331604,3.038937711715698,1.0667846825846765,0.017911599387817587
N3-K3_fold4_seed20261002,N3-K3,4,20261002,2,exact_joint_hurdle_nll,0.7018903965556372,3.950177240371704,0.9815434575080871,1.0164358973503114,1.0164358973503114,2.968633842468262,0.9747108656037261,0.0184496451320911
N3-K3_fold4_seed20261002,N3-K3,4,20261002,3,exact_joint_hurdle_nll,0.7018903965556372,3.8213163375854493,0.9022661566734314,0.936539351940155,0.936539351940155,2.919050407409668,0.8983755892821996,0.018584389128505456
N3-K3_fold4_seed20261002,N3-K3,4,20261002,4,exact_joint_hurdle_nll,0.7018903965556372,3.711129331588745,0.8353147029876709,0.8691048979759216,0.8691048979759216,2.8758147716522218,0.8347284517446762,0.018256751615974027
N3-K3_fold4_seed20261002,N3-K3,4,20261002,5,exact_joint_hurdle_nll,0.7018903965556372,3.6065507411956785,0.7762507677078248,0.8095609664916992,0.8095609664916992,2.830299997329712,0.7774253211310858,0.017631802872586266
N3-K3_fold4_seed20261002,N3-K3,4,20261002,6,exact_joint_hurdle_nll,0.7018903965556372,3.4963110446929933,0.7201175928115845,0.7528570055961609,0.7528570055961609,2.776193642616272,0.7234762418991157,0.017167193383520744
N3-K3_fold4_seed20261002,N3-K3,4,20261002,7,exact_joint_hurdle_nll,0.7018903965556372,3.399959659576416,0.6654352426528931,0.6976444959640503,0.6976444959640503,2.7345242738723754,0.6734651440992468,0.016956481562332516
N3-K3_fold4_seed20261002,N3-K3,4,20261002,8,exact_joint_hurdle_nll,0.7018903965556372,3.294566249847412,0.6139894843101501,0.6456743717193604,0.6456743717193604,2.680576777458191,0.6263109483917921,0.01724822343692944
N3-K3_fold4_seed20261002,N3-K3,4,20261002,9,exact_joint_hurdle_nll,0.7018903965556372,3.1935598850250244,0.5644688844680786,0.595581877231598,0.595581877231598,2.629090976715088,0.5800762680648308,0.018435419309194918
N3-K3_fold4_seed20261002,N3-K3,4,20261002,10,exact_joint_hurdle_nll,0.7018903965556372,3.0932383298873902,0.5190354883670807,0.5495131850242615,0.5495131850242615,2.574202871322632,0.5385793961202676,0.01895594487526315
N3-K3_fold4_seed20261002,N3-K3,4,20261002,11,exact_joint_hurdle_nll,0.7018903965556372,3.0056440830230713,0.48056680560112,0.5104817152023315,0.5104817152023315,2.525077486038208,0.5041374335651362,0.018388113039023664
N3-K3_fold4_seed20261002,N3-K3,4,20261002,12,exact_joint_hurdle_nll,0.7018903965556372,2.934790277481079,0.44831607341766355,0.47789175510406495,0.47789175510406495,2.4864741802215575,0.47596985627290667,0.018085149110811438
N3-K3_fold4_seed20261003,N3-K3,4,20261003,1,exact_joint_hurdle_nll,0.7018903965556372,3.089061069488525,0.5688934206962586,0.5985852599143981,0.5985852599143981,2.5201676368713377,0.6004138320696913,0.030875271447652706
N3-K3_fold4_seed20261003,N3-K3,4,20261003,2,exact_joint_hurdle_nll,0.7018903965556372,3.0314244270324706,0.5111564457416534,0.5408056497573852,0.5408056497573852,2.5202680587768556,0.5482644353904903,0.023885988517817446
N3-K3_fold4_seed20261003,N3-K3,4,20261003,3,exact_joint_hurdle_nll,0.7018903965556372,2.9769397974014282,0.46146597266197203,0.4911791324615479,0.4911791324615479,2.5154738903045653,0.5026386474786979,0.02198998132142731
N3-K3_fold4_seed20261003,N3-K3,4,20261003,4,exact_joint_hurdle_nll,0.7018903965556372,2.942006325721741,0.4183075249195099,0.4481130182743073,0.4481130182743073,2.523698592185974,0.4636747641909307,0.02064307959905086
N3-K3_fold4_seed20261003,N3-K3,4,20261003,5,exact_joint_hurdle_nll,0.7018903965556372,2.9079437255859375,0.3807102859020233,0.41059452295303345,0.41059452295303345,2.5272332668304442,0.4306186070934833,0.020156162117078377
N3-K3_fold4_seed20261003,N3-K3,4,20261003,6,exact_joint_hurdle_nll,0.7018903965556372,2.8790075540542603,0.3471492528915405,0.37717211842536924,0.37717211842536924,2.531858444213867,0.40010652289007403,0.02073347572563394
N3-K3_fold4_seed20261003,N3-K3,4,20261003,7,exact_joint_hurdle_nll,0.7018903965556372,2.8469799995422362,0.3157439410686493,0.34585562348365784,0.34585562348365784,2.53123619556427,0.36798863471176446,0.022221117270917426
N3-K3_fold4_seed20261003,N3-K3,4,20261003,8,exact_joint_hurdle_nll,0.7018903965556372,2.8224349498748778,0.2860636591911316,0.3161998808383942,0.3161998808383942,2.5363713264465333,0.33557724119717275,0.025467452909926656
N3-K3_fold4_seed20261003,N3-K3,4,20261003,9,exact_joint_hurdle_nll,0.7018903965556372,2.791257691383362,0.25842356085777285,0.2885301411151886,0.2885301411151886,2.532834005355835,0.30788182632648864,0.031700861939805335
N3-K3_fold4_seed20261003,N3-K3,4,20261003,10,exact_joint_hurdle_nll,0.7018903965556372,2.7636585235595703,0.23393972516059874,0.2638892740011215,0.2638892740011215,2.5297187328338624,0.28611580692525074,0.038904207359442285
N3-K3_fold4_seed20261003,N3-K3,4,20261003,11,exact_joint_hurdle_nll,0.7018903965556372,2.728322243690491,0.2135452449321747,0.24326074719429017,0.24326074719429017,2.5147770643234253,0.2693781440637838,0.04392025017298738
N3-K3_fold4_seed20261003,N3-K3,4,20261003,12,exact_joint_hurdle_nll,0.7018903965556372,2.695176029205322,0.1967126578092575,0.22622674703598022,0.22622674703598022,2.498463273048401,0.2561134167191833,0.04556812555746613
N3-K3_fold4_seed20261004,N3-K3,4,20261004,1,exact_joint_hurdle_nll,0.7018903965556372,3.657690191268921,0.9898469567298889,1.021375298500061,1.021375298500061,2.667843294143677,0.9891884386670673,0.03189778313221173
N3-K3_fold4_seed20261004,N3-K3,4,20261004,2,exact_joint_hurdle_nll,0.7018903965556372,3.5608773708343504,0.9254011631011962,0.956608235836029,0.956608235836029,2.63547625541687,0.9299226185957578,0.028939849481648496
N3-K3_fold4_seed20261004,N3-K3,4,20261004,3,exact_joint_hurdle_nll,0.7018903965556372,3.4641061305999754,0.8678096890449524,0.8985820531845092,0.8985820531845092,2.5962965965270994,0.8740840642330272,0.028093272979284413
N3-K3_fold4_seed20261004,N3-K3,4,20261004,4,exact_joint_hurdle_nll,0.7018903965556372,3.387835073471069,0.8125985741615296,0.8430708885192871,0.8430708885192871,2.575236511230469,0.8186699197729579,0.02905802747978559
N3-K3_fold4_seed20261004,N3-K3,4,20261004,5,exact_joint_hurdle_nll,0.7018903965556372,3.3072556495666503,0.7576087951660156,0.7877340078353882,0.7877340078353882,2.5496467113494874,0.7624524913999402,0.03195946497571664
N3-K3_fold4_seed20261004,N3-K3,4,20261004,6,exact_joint_hurdle_nll,0.7018903965556372,3.211707830429077,0.7012198209762573,0.7310248255729676,0.7310248255729676,2.510487961769104,0.7051594220611903,0.037775003084735206
N3-K3_fold4_seed20261004,N3-K3,4,20261004,7,exact_joint_hurdle_nll,0.7018903965556372,3.1331905841827394,0.6413718938827515,0.670913827419281,0.670913827419281,2.491818642616272,0.6469062957395245,0.04688069803603292
N3-K3_fold4_seed20261004,N3-K3,4,20261004,8,exact_joint_hurdle_nll,0.7018903965556372,3.0477481365203856,0.578932774066925,0.6082604169845581,0.6082604169845581,2.468815326690674,0.5884808161351628,0.04811045965314289
N3-K3_fold4_seed20261004,N3-K3,4,20261004,9,exact_joint_hurdle_nll,0.7018903965556372,2.9839826822280884,0.5196244478225708,0.548814058303833,0.548814058303833,2.464358162879944,0.5391856433620762,0.028688678289813183
N3-K3_fold4_seed20261004,N3-K3,4,20261004,10,exact_joint_hurdle_nll,0.7018903965556372,2.930089235305786,0.46765273809432983,0.49690276980400083,0.49690276980400083,2.4624365091323854,0.49601167978739324,0.018026856919454683
N3-K3_fold4_seed20261004,N3-K3,4,20261004,11,exact_joint_hurdle_nll,0.7018903965556372,2.891006875038147,0.4205660462379456,0.4498208940029144,0.4498208940029144,2.470440912246704,0.45220763835186306,0.01690247538151247
N3-K3_fold4_seed20261004,N3-K3,4,20261004,12,exact_joint_hurdle_nll,0.7018903965556372,2.8206687450408934,0.37470361590385437,0.4037812173366547,0.4037812173366547,2.4459654569625853,0.40944092263417453,0.01688049064396771
N3-K3_fold4_seed20261005,N3-K3,4,20261005,1,exact_joint_hurdle_nll,0.7018903965556372,3.000827264785767,0.5043719470500946,0.5341179728507995,0.5341179728507995,2.49645516872406,0.5321472873378943,0.04198054971709722
N3-K3_fold4_seed20261005,N3-K3,4,20261005,2,exact_joint_hurdle_nll,0.7018903965556372,2.9273433446884156,0.46092739701271057,0.49028319120407104,0.49028319120407104,2.4664159297943113,0.4893752111328996,0.05611685016310958
N3-K3_fold4_seed20261005,N3-K3,4,20261005,3,exact_joint_hurdle_nll,0.7018903965556372,2.8672223567962645,0.42633368968963625,0.4553763628005981,0.4553763628005981,2.4408886194229127,0.45427488057641824,0.06527966521214762
N3-K3_fold4_seed20261005,N3-K3,4,20261005,4,exact_joint_hurdle_nll,0.7018903965556372,2.8044247150421144,0.39499461054801943,0.42370992302894595,0.42370992302894595,2.409429979324341,0.42223725912414006,0.07284561335298208
N3-K3_fold4_seed20261005,N3-K3,4,20261005,5,exact_joint_hurdle_nll,0.7018903965556372,2.756648635864258,0.3653044641017914,0.39377639889717103,0.39377639889717103,2.3913442134857177,0.3926326918575657,0.07241251321119996
N3-K3_fold4_seed20261005,N3-K3,4,20261005,6,exact_joint_hurdle_nll,0.7018903965556372,2.712680459022522,0.33592164516448975,0.36417790651321413,0.36417790651321413,2.376758861541748,0.3653624958111373,0.07293955060498386
N3-K3_fold4_seed20261005,N3-K3,4,20261005,7,exact_joint_hurdle_nll,0.7018903965556372,2.6545981645584105,0.3064191162586212,0.33439468741416933,0.33439468741416933,2.348179030418396,0.3402893167625045,0.07753441014042778
N3-K3_fold4_seed20261005,N3-K3,4,20261005,8,exact_joint_hurdle_nll,0.7018903965556372,2.6003491163253782,0.27710752487182616,0.3048061907291412,0.3048061907291412,2.3232415437698366,0.3175939519794765,0.0857894733875765
N3-K3_fold4_seed20261005,N3-K3,4,20261005,9,exact_joint_hurdle_nll,0.7018903965556372,2.5531840562820434,0.2489594578742981,0.27647538781166076,0.27647538781166076,2.3042245864868165,0.2964921365753057,0.0964006992881854
N3-K3_fold4_seed20261005,N3-K3,4,20261005,10,exact_joint_hurdle_nll,0.7018903965556372,2.5076871871948243,0.22344914078712463,0.2507658123970032,0.2507658123970032,2.2842379093170164,0.2776414054571041,0.10510461976504468
N3-K3_fold4_seed20261005,N3-K3,4,20261005,11,exact_joint_hurdle_nll,0.7018903965556372,2.4808034658432008,0.20168043076992034,0.2289058357477188,0.2289058357477188,2.2791232109069823,0.260685203994056,0.110828963857909
N3-K3_fold4_seed20261005,N3-K3,4,20261005,12,exact_joint_hurdle_nll,0.7018903965556372,2.4504892349243166,0.18218437433242798,0.20932785868644715,0.20932785868644715,2.268304872512817,0.24418725208441094,0.11727754174022327
N3-K3_fold4_seed20261006,N3-K3,4,20261006,1,exact_joint_hurdle_nll,0.7018903965556372,3.110078001022339,0.4825521171092987,0.5135111093521119,0.5135111093521119,2.6275259017944337,0.5272241658272334,0.01847956717689364
N3-K3_fold4_seed20261006,N3-K3,4,20261006,2,exact_joint_hurdle_nll,0.7018903965556372,3.0332683801651,0.4403542518615723,0.4708548665046692,0.4708548665046692,2.5929140567779543,0.48560495575020457,0.019893865329058166
N3-K3_fold4_seed20261006,N3-K3,4,20261006,3,exact_joint_hurdle_nll,0.7018903965556372,2.957744073867798,0.40225535035133364,0.4323910117149353,0.4323910117149353,2.555488657951355,0.4486170103987875,0.02083067989591897
N3-K3_fold4_seed20261006,N3-K3,4,20261006,4,exact_joint_hurdle_nll,0.7018903965556372,2.8916378736495973,0.3654740035533905,0.395284903049469,0.395284903049469,2.5261637449264525,0.41515919181342403,0.021164870425045147
N3-K3_fold4_seed20261006,N3-K3,4,20261006,5,exact_joint_hurdle_nll,0.7018903965556372,2.8212805509567263,0.32953731417655946,0.35904722213745116,0.35904722213745116,2.4917431354522703,0.38344038694905525,0.020808158908495234
N3-K3_fold4_seed20261006,N3-K3,4,20261006,6,exact_joint_hurdle_nll,0.7018903965556372,2.760072612762451,0.2968918740749359,0.32613109350204467,0.32613109350204467,2.463180899620056,0.35347432105975585,0.020266511545974635
N3-K3_fold4_seed20261006,N3-K3,4,20261006,7,exact_joint_hurdle_nll,0.7018903965556372,2.7168523550033568,0.2682133376598358,0.29731696248054507,0.29731696248054507,2.448638939857483,0.3256156715271899,0.019852617644212228
N3-K3_fold4_seed20261006,N3-K3,4,20261006,8,exact_joint_hurdle_nll,0.7018903965556372,2.6812653064727785,0.24138418436050416,0.27040182054042816,0.27040182054042816,2.439880919456482,0.3000010260942985,0.01955082428657847
N3-K3_fold4_seed20261006,N3-K3,4,20261006,9,exact_joint_hurdle_nll,0.7018903965556372,2.65445339679718,0.21602142751216888,0.24500987231731414,0.24500987231731414,2.4384320735931397,0.276536954214498,0.018613453133698648
N3-K3_fold4_seed20261006,N3-K3,4,20261006,10,exact_joint_hurdle_nll,0.7018903965556372,2.6253182649612428,0.19224792420864106,0.2211919218301773,0.2211919218301773,2.4330703735351564,0.25557846800931733,0.018305516946087435
N3-K3_fold4_seed20261006,N3-K3,4,20261006,11,exact_joint_hurdle_nll,0.7018903965556372,2.586387825012207,0.17202928364276887,0.20076829195022583,0.20076829195022583,2.414358401298523,0.23863619808593703,0.019299559028185996
N3-K3_fold4_seed20261006,N3-K3,4,20261006,12,exact_joint_hurdle_nll,0.7018903965556372,2.559355282783508,0.15672071874141694,0.18530213534832002,0.18530213534832002,2.402634835243225,0.22612774467210311,0.020613391326696325
N4-E12_fold1_seed20261002,N4-E12,1,20261002,1,exact_joint_hurdle_nll,0.7018903965556372,4.53034234046936,1.0960116982460022,1.1138029098510742,1.1138029098510742,3.4343305826187134,1.0267657138177897,0.012396638965718795
N4-E12_fold1_seed20261002,N4-E12,1,20261002,2,exact_joint_hurdle_nll,0.7018903965556372,4.43864369392395,1.0562773048877716,1.073898196220398,1.073898196220398,3.382366180419922,0.9908575955792459,0.012818770187235474
N4-E12_fold1_seed20261002,N4-E12,1,20261002,3,exact_joint_hurdle_nll,0.7018903965556372,4.391991138458252,1.0181246101856232,1.0355513989925385,1.0355513989925385,3.3738659620285034,0.9559987004777926,0.013222877397774922
N4-E12_fold1_seed20261002,N4-E12,1,20261002,4,exact_joint_hurdle_nll,0.7018903965556372,4.312081813812256,0.9800437986850739,0.9973544478416443,0.9973544478416443,3.3320380449295044,0.9223559635784006,0.013612688947404887
N4-E12_fold1_seed20261002,N4-E12,1,20261002,5,exact_joint_hurdle_nll,0.7018903965556372,4.255388259887695,0.943403571844101,0.9605550467967987,0.9605550467967987,3.3119841814041138,0.8908623889851232,0.013902375031452353
N4-E12_fold1_seed20261002,N4-E12,1,20261002,6,exact_joint_hurdle_nll,0.7018903965556372,4.1814985275268555,0.9087231755256653,0.9257439970970154,0.9257439970970154,3.272775650024414,0.8620522972751365,0.014168907218853576
N4-E12_fold1_seed20261002,N4-E12,1,20261002,7,exact_joint_hurdle_nll,0.7018903965556372,4.1314966678619385,0.8767417371273041,0.8935965299606323,0.8935965299606323,3.254755139350891,0.8357526557467643,0.01444546051826933
N4-E12_fold1_seed20261002,N4-E12,1,20261002,8,exact_joint_hurdle_nll,0.7018903965556372,4.092342376708984,0.8476850986480713,0.8644587695598602,0.8644587695598602,3.2446573972702026,0.8113694130761651,0.014755458704524433
N4-E12_fold1_seed20261002,N4-E12,1,20261002,9,exact_joint_hurdle_nll,0.7018903965556372,4.041339635848999,0.8205952942371368,0.8371889293193817,0.8371889293193817,3.220744252204895,0.7883187324693526,0.015156538522206045
N4-E12_fold1_seed20261002,N4-E12,1,20261002,10,exact_joint_hurdle_nll,0.7018903965556372,3.9967108964920044,0.7948342263698578,0.8113157451152802,0.8113157451152802,3.201876640319824,0.7662011491230787,0.015436260406106328
N4-E12_fold1_seed20261002,N4-E12,1,20261002,11,exact_joint_hurdle_nll,0.7018903965556372,3.9216095209121704,0.7704466283321381,0.7867723107337952,0.7867723107337952,3.1511632204055786,0.7447120161996399,0.014593215462410183
N4-E12_fold1_seed20261002,N4-E12,1,20261002,12,exact_joint_hurdle_nll,0.7018903965556372,3.8827487230300903,0.7464064955711365,0.7626048922538757,0.7626048922538757,3.1363422870635986,0.723598465525104,0.014093807976559545
N4-E12_fold1_seed20261003,N4-E12,1,20261003,1,exact_joint_hurdle_nll,0.7018903965556372,3.415395736694336,0.5812980532646179,0.5961801111698151,0.5961801111698151,2.8340975046157837,0.6332385845977733,0.024135911701631357
N4-E12_fold1_seed20261003,N4-E12,1,20261003,2,exact_joint_hurdle_nll,0.7018903965556372,3.385915994644165,0.556062787771225,0.5709330141544342,0.5709330141544342,2.829852819442749,0.6051054648104,0.01868959800303456
N4-E12_fold1_seed20261003,N4-E12,1,20261003,3,exact_joint_hurdle_nll,0.7018903965556372,3.361453652381897,0.5317420959472656,0.546623706817627,0.546623706817627,2.8297119140625,0.5792336326505415,0.015813329951727167
N4-E12_fold1_seed20261003,N4-E12,1,20261003,4,exact_joint_hurdle_nll,0.7018903965556372,3.346073627471924,0.5082530379295349,0.523158997297287,0.523158997297287,2.8378207683563232,0.555456394506606,0.014022333443334393
N4-E12_fold1_seed20261003,N4-E12,1,20261003,5,exact_joint_hurdle_nll,0.7018903965556372,3.3184070587158203,0.4862041473388672,0.5010862052440643,0.5010862052440643,2.8322030305862427,0.5334651344048478,0.012657773597940652
N4-E12_fold1_seed20261003,N4-E12,1,20261003,6,exact_joint_hurdle_nll,0.7018903965556372,3.2912241220474243,0.46596352756023407,0.4808495491743088,0.4808495491743088,2.8252604007720947,0.5128299395509394,0.01173275282901478
N4-E12_fold1_seed20261003,N4-E12,1,20261003,7,exact_joint_hurdle_nll,0.7018903965556372,3.2877185344696045,0.4472965598106384,0.462182953953743,0.462182953953743,2.8404219150543213,0.49311167415325446,0.011119525722561002
N4-E12_fold1_seed20261003,N4-E12,1,20261003,8,exact_joint_hurdle_nll,0.7018903965556372,3.262090802192688,0.42996130883693695,0.444858193397522,0.444858193397522,2.8321293592453003,0.4740179805623675,0.010690876342016773
N4-E12_fold1_seed20261003,N4-E12,1,20261003,9,exact_joint_hurdle_nll,0.7018903965556372,3.2570486068725586,0.4133090078830719,0.4281589239835739,0.4281589239835739,2.843739628791809,0.45549304597560875,0.01038193783597277
N4-E12_fold1_seed20261003,N4-E12,1,20261003,10,exact_joint_hurdle_nll,0.7018903965556372,3.229013442993164,0.39761048555374146,0.4124913066625595,0.4124913066625595,2.831402897834778,0.437636321670514,0.010191053375572806
N4-E12_fold1_seed20261003,N4-E12,1,20261003,11,exact_joint_hurdle_nll,0.7018903965556372,3.1922675371170044,0.3825661987066269,0.3973858654499054,0.3973858654499054,2.8097018003463745,0.4206703085925698,0.010129703439136335
N4-E12_fold1_seed20261003,N4-E12,1,20261003,12,exact_joint_hurdle_nll,0.7018903965556372,3.184697151184082,0.36819639801979065,0.38303180038928986,0.38303180038928986,2.8165009021759033,0.4047220664419117,0.01025473555450838
N4-E12_fold1_seed20261004,N4-E12,1,20261004,1,exact_joint_hurdle_nll,0.7018903965556372,3.979720115661621,1.0099861919879913,1.025452882051468,1.025452882051468,2.9697338342666626,1.0675845564948663,0.02454634250341354
N4-E12_fold1_seed20261004,N4-E12,1,20261004,2,exact_joint_hurdle_nll,0.7018903965556372,3.9428869485855103,0.9798054993152618,0.9951429963111877,0.9951429963111877,2.963081121444702,1.0406834529983129,0.023761263223472023
N4-E12_fold1_seed20261004,N4-E12,1,20261004,3,exact_joint_hurdle_nll,0.7018903965556372,3.8809584379196167,0.9517292380332947,0.9669747352600098,0.9669747352600098,2.929228901863098,1.0149018861388357,0.023212518867946768
N4-E12_fold1_seed20261004,N4-E12,1,20261004,4,exact_joint_hurdle_nll,0.7018903965556372,3.84005868434906,0.9249564409255981,0.9401213526725769,0.9401213526725769,2.915102005004883,0.9898231890637955,0.022414704254864967
N4-E12_fold1_seed20261004,N4-E12,1,20261004,5,exact_joint_hurdle_nll,0.7018903965556372,3.793801426887512,0.8990473747253418,0.9141268730163574,0.9141268730163574,2.894753932952881,0.9654068845043978,0.021482379746789813
N4-E12_fold1_seed20261004,N4-E12,1,20261004,6,exact_joint_hurdle_nll,0.7018903965556372,3.735682249069214,0.8732370138168335,0.8881925344467163,0.8881925344467163,2.862445116043091,0.9415554091208694,0.0199046029093599
N4-E12_fold1_seed20261004,N4-E12,1,20261004,7,exact_joint_hurdle_nll,0.7018903965556372,3.7081700563430786,0.8486501574516296,0.8635174036026001,0.8635174036026001,2.859520196914673,0.9181198131961891,0.0178078319985167
N4-E12_fold1_seed20261004,N4-E12,1,20261004,8,exact_joint_hurdle_nll,0.7018903965556372,3.6691715717315674,0.8239974677562714,0.8388006091117859,0.8388006091117859,2.8451740741729736,0.8949464185014021,0.01588671963555885
N4-E12_fold1_seed20261004,N4-E12,1,20261004,9,exact_joint_hurdle_nll,0.7018903965556372,3.6272215843200684,0.7996498048305511,0.8144131898880005,0.8144131898880005,2.827571749687195,0.8718836501535718,0.01424042934750495
N4-E12_fold1_seed20261004,N4-E12,1,20261004,10,exact_joint_hurdle_nll,0.7018903965556372,3.5979284048080444,0.775045782327652,0.7897450625896454,0.7897450625896454,2.8228824138641357,0.8487739706112345,0.013007448817726822
N4-E12_fold1_seed20261004,N4-E12,1,20261004,11,exact_joint_hurdle_nll,0.7018903965556372,3.551662802696228,0.7504829168319702,0.7650693356990814,0.7650693356990814,2.801179885864258,0.8254514121220187,0.012111172147931674
N4-E12_fold1_seed20261004,N4-E12,1,20261004,12,exact_joint_hurdle_nll,0.7018903965556372,3.5138156414031982,0.7260333895683289,0.7405405938625336,0.7405405938625336,2.787782311439514,0.8017143590226925,0.011639877026155541
N4-E12_fold1_seed20261005,N4-E12,1,20261005,1,exact_joint_hurdle_nll,0.7018903965556372,3.245753526687622,0.5069041848182678,0.521278589963913,0.521278589963913,2.7388490438461304,0.5539795658303764,0.02709212251436408
N4-E12_fold1_seed20261005,N4-E12,1,20261005,2,exact_joint_hurdle_nll,0.7018903965556372,3.2134114503860474,0.4872213155031204,0.5014944970607758,0.5014944970607758,2.7261900901794434,0.5329951429680793,0.035145345612156556
N4-E12_fold1_seed20261005,N4-E12,1,20261005,3,exact_joint_hurdle_nll,0.7018903965556372,3.168027877807617,0.46853072941303253,0.482698455452919,0.482698455452919,2.6994972229003906,0.5133060413328455,0.045983958704706326
N4-E12_fold1_seed20261005,N4-E12,1,20261005,4,exact_joint_hurdle_nll,0.7018903965556372,3.152698040008545,0.4507388323545456,0.4648471772670746,0.4648471772670746,2.7019591331481934,0.49511916844501425,0.054806775516051974
N4-E12_fold1_seed20261005,N4-E12,1,20261005,5,exact_joint_hurdle_nll,0.7018903965556372,3.108778476715088,0.4340071827173233,0.44805140793323517,0.44805140793323517,2.674771308898926,0.478415857221997,0.059212197727031894
N4-E12_fold1_seed20261005,N4-E12,1,20261005,6,exact_joint_hurdle_nll,0.7018903965556372,3.082486152648926,0.41797587275505066,0.4319649040699005,0.4319649040699005,2.6645103693008423,0.46299366579238166,0.06250409214922704
N4-E12_fold1_seed20261005,N4-E12,1,20261005,7,exact_joint_hurdle_nll,0.7018903965556372,3.058372378349304,0.40298260748386383,0.4168527126312256,0.4168527126312256,2.655389904975891,0.4486600970459733,0.0678929303622701
N4-E12_fold1_seed20261005,N4-E12,1,20261005,8,exact_joint_hurdle_nll,0.7018903965556372,3.049938440322876,0.3886859565973282,0.4025459736585617,0.4025459736585617,2.661252498626709,0.4352343243304024,0.07607031177504427
N4-E12_fold1_seed20261005,N4-E12,1,20261005,9,exact_joint_hurdle_nll,0.7018903965556372,3.011627435684204,0.3749367296695709,0.3887496888637543,0.3887496888637543,2.636690616607666,0.4225066730429609,0.08403409585312752
N4-E12_fold1_seed20261005,N4-E12,1,20261005,10,exact_joint_hurdle_nll,0.7018903965556372,2.9949311017990112,0.36180606484413147,0.37552399933338165,0.37552399933338165,2.6331249475479126,0.4102560121871351,0.09006979916651352
N4-E12_fold1_seed20261005,N4-E12,1,20261005,11,exact_joint_hurdle_nll,0.7018903965556372,2.9508944749832153,0.3493809401988983,0.36301277577877045,0.36301277577877045,2.6015135049819946,0.3982606866476511,0.09390587010829923
N4-E12_fold1_seed20261005,N4-E12,1,20261005,12,exact_joint_hurdle_nll,0.7018903965556372,2.9322515726089478,0.33731143176555634,0.35087263584136963,0.35087263584136963,2.594939947128296,0.3863183315966152,0.09485769836296146
N4-E12_fold1_seed20261006,N4-E12,1,20261006,1,exact_joint_hurdle_nll,0.7018903965556372,3.444645404815674,0.5025046169757843,0.5177851319313049,0.5177851319313049,2.9421404600143433,0.500236739999006,0.010058802408957318
N4-E12_fold1_seed20261006,N4-E12,1,20261006,2,exact_joint_hurdle_nll,0.7018903965556372,3.4105716943740845,0.4828365594148636,0.4980546832084656,0.4980546832084656,2.927735209465027,0.4850493457609569,0.009827914102251962
N4-E12_fold1_seed20261006,N4-E12,1,20261006,3,exact_joint_hurdle_nll,0.7018903965556372,3.384573817253113,0.4645543843507767,0.4796329587697983,0.4796329587697983,2.920019507408142,0.4704127681122291,0.009707152666428107
N4-E12_fold1_seed20261006,N4-E12,1,20261006,4,exact_joint_hurdle_nll,0.7018903965556372,3.3641170263290405,0.44646286964416504,0.46148039400577545,0.46148039400577545,2.917654037475586,0.4558853360714505,0.009683466546779684
N4-E12_fold1_seed20261006,N4-E12,1,20261006,5,exact_joint_hurdle_nll,0.7018903965556372,3.299572706222534,0.429126039147377,0.4440139979124069,0.4440139979124069,2.870446801185608,0.44132903806287727,0.009701755444005075
N4-E12_fold1_seed20261006,N4-E12,1,20261006,6,exact_joint_hurdle_nll,0.7018903965556372,3.2540910243988037,0.4115001708269119,0.42628462612628937,0.42628462612628937,2.8425909280776978,0.42653002284854186,0.00980258739720164
N4-E12_fold1_seed20261006,N4-E12,1,20261006,7,exact_joint_hurdle_nll,0.7018903965556372,3.2194197177886963,0.3941008299589157,0.40879976749420166,0.40879976749420166,2.8253188133239746,0.4112624810635445,0.010106063989649345
N4-E12_fold1_seed20261006,N4-E12,1,20261006,8,exact_joint_hurdle_nll,0.7018903965556372,3.1819863319396973,0.37675808370113373,0.3913979083299637,0.3913979083299637,2.805228114128113,0.39548861374546945,0.010784170586088772
N4-E12_fold1_seed20261006,N4-E12,1,20261006,9,exact_joint_hurdle_nll,0.7018903965556372,3.1315654516220093,0.359327957034111,0.3738738000392914,0.3738738000392914,2.7722374200820923,0.3795143251339176,0.011928249618839069
N4-E12_fold1_seed20261006,N4-E12,1,20261006,10,exact_joint_hurdle_nll,0.7018903965556372,3.105058193206787,0.3426995724439621,0.3571271747350693,0.3571271747350693,2.7623586654663086,0.3642113629726398,0.01316551329026874
N4-E12_fold1_seed20261006,N4-E12,1,20261006,11,exact_joint_hurdle_nll,0.7018903965556372,3.050900101661682,0.3266296833753586,0.3409423232078552,0.3409423232078552,2.724270224571228,0.35032749374333966,0.013952748909321057
N4-E12_fold1_seed20261006,N4-E12,1,20261006,12,exact_joint_hurdle_nll,0.7018903965556372,3.038088083267212,0.31137821078300476,0.32562343776226044,0.32562343776226044,2.7267098426818848,0.3379235478392925,0.014212294920693067
N4-E12_fold2_seed20261002,N4-E12,2,20261002,1,exact_joint_hurdle_nll,0.7018903965556372,4.483320236206055,1.0552662213643391,1.0852608283360798,1.0852608283360798,3.4280540148417153,1.1299141661740522,0.01075966156081378
N4-E12_fold2_seed20261002,N4-E12,2,20261002,2,exact_joint_hurdle_nll,0.7018903965556372,4.368143399556478,0.9991986552874247,1.0287250677744548,1.0287250677744548,3.3689445654551187,1.070933623739206,0.01106409433905855
N4-E12_fold2_seed20261002,N4-E12,2,20261002,3,exact_joint_hurdle_nll,0.7018903965556372,4.263559500376384,0.9468151529630026,0.9759082198143005,0.9759082198143005,3.316744248072306,1.0161391982266774,0.011371262628249878
N4-E12_fold2_seed20261002,N4-E12,2,20261002,4,exact_joint_hurdle_nll,0.7018903965556372,4.179715712865193,0.8972886006037394,0.9260455369949341,0.9260455369949341,3.2824271519978843,0.9665889702191754,0.011646021658150148
N4-E12_fold2_seed20261002,N4-E12,2,20261002,5,exact_joint_hurdle_nll,0.7018903965556372,4.099481185277303,0.8528504967689514,0.8813080986340841,0.8813080986340841,3.2466306686401367,0.9233661848548562,0.011846932209668766
N4-E12_fold2_seed20261002,N4-E12,2,20261002,6,exact_joint_hurdle_nll,0.7018903965556372,4.016689936319987,0.8137881358464559,0.8419215679168701,0.8419215679168701,3.202901601791382,0.8849523305484981,0.011961325526272413
N4-E12_fold2_seed20261002,N4-E12,2,20261002,7,exact_joint_hurdle_nll,0.7018903965556372,3.9634276231129966,0.778436541557312,0.8062970836957296,0.8062970836957296,3.184990962346395,0.8496318598058396,0.011948868266115326
N4-E12_fold2_seed20261002,N4-E12,2,20261002,8,exact_joint_hurdle_nll,0.7018903965556372,3.8806301752726235,0.7449694474538168,0.7725165486335754,0.7725165486335754,3.1356603304545083,0.8161598807753871,0.011862465225710056
N4-E12_fold2_seed20261002,N4-E12,2,20261002,9,exact_joint_hurdle_nll,0.7018903965556372,3.831667900085449,0.7130885521570841,0.7403986056645712,0.7403986056645712,3.1185792287190757,0.7834765648465222,0.011790664807455636
N4-E12_fold2_seed20261002,N4-E12,2,20261002,10,exact_joint_hurdle_nll,0.7018903965556372,3.7650258541107178,0.6816877921422323,0.7086554964383444,0.7086554964383444,3.083337942759196,0.7510841397920474,0.011789593009202005
N4-E12_fold2_seed20261002,N4-E12,2,20261002,11,exact_joint_hurdle_nll,0.7018903965556372,3.6859052181243896,0.6512301961580912,0.6779143611590067,0.6779143611590067,3.034674962361654,0.719012502922051,0.011846146674326253
N4-E12_fold2_seed20261002,N4-E12,2,20261002,12,exact_joint_hurdle_nll,0.7018903965556372,3.611498753229777,0.6215226054191589,0.6478845675786337,0.6478845675786337,2.9899760087331138,0.6871500825836623,0.011973796392549375
N4-E12_fold2_seed20261003,N4-E12,2,20261003,1,exact_joint_hurdle_nll,0.7018903965556372,3.3931287924448648,0.584372321764628,0.608940581480662,0.608940581480662,2.8087565898895264,0.6014439736615881,0.034086346290667785
N4-E12_fold2_seed20261003,N4-E12,2,20261003,2,exact_joint_hurdle_nll,0.7018903965556372,3.3488337198893228,0.5453710158665975,0.5699173808097839,0.5699173808097839,2.8034626642862954,0.5677342225080696,0.025766400618813374
N4-E12_fold2_seed20261003,N4-E12,2,20261003,3,exact_joint_hurdle_nll,0.7018903965556372,3.322141170501709,0.5098881920178732,0.5344336032867432,0.5344336032867432,2.8122528394063315,0.5373446727685415,0.021250674174112277
N4-E12_fold2_seed20261003,N4-E12,2,20261003,4,exact_joint_hurdle_nll,0.7018903965556372,3.281404177347819,0.47746142745018005,0.5020198225975037,0.5020198225975037,2.8039427598317466,0.5094817898277799,0.019229867607014867
N4-E12_fold2_seed20261003,N4-E12,2,20261003,5,exact_joint_hurdle_nll,0.7018903965556372,3.2599900563557944,0.448162982861201,0.4727928141752879,0.4727928141752879,2.8118268648783364,0.4833211340872034,0.017887157484818977
N4-E12_fold2_seed20261003,N4-E12,2,20261003,6,exact_joint_hurdle_nll,0.7018903965556372,3.2320989767710366,0.42161086201667786,0.4463566442330678,0.4463566442330678,2.8104883829752603,0.4587855839898651,0.017229160721604814
N4-E12_fold2_seed20261003,N4-E12,2,20261003,7,exact_joint_hurdle_nll,0.7018903965556372,3.2175613244374595,0.3970141013463338,0.4218482971191406,0.4218482971191406,2.820547421773275,0.4366538684596961,0.01699191187521558
N4-E12_fold2_seed20261003,N4-E12,2,20261003,8,exact_joint_hurdle_nll,0.7018903965556372,3.203121026357015,0.3744429349899292,0.3993724187215169,0.3993724187215169,2.8286777337392173,0.41687597640143953,0.01656521907340132
N4-E12_fold2_seed20261003,N4-E12,2,20261003,9,exact_joint_hurdle_nll,0.7018903965556372,3.180614471435547,0.353656808535258,0.3786817491054535,0.3786817491054535,2.826957861582438,0.3985874494152685,0.016047132937909325
N4-E12_fold2_seed20261003,N4-E12,2,20261003,10,exact_joint_hurdle_nll,0.7018903965556372,3.167296886444092,0.33417100707689923,0.359190970659256,0.359190970659256,2.833125670750936,0.3810235376957155,0.015485170539836288
N4-E12_fold2_seed20261003,N4-E12,2,20261003,11,exact_joint_hurdle_nll,0.7018903965556372,3.149667660395304,0.3152548372745514,0.34030139446258545,0.34030139446258545,2.8344127337137857,0.3636887668012942,0.015524854747328426
N4-E12_fold2_seed20261003,N4-E12,2,20261003,12,exact_joint_hurdle_nll,0.7018903965556372,3.1308942635854087,0.2971240778764089,0.3221282958984375,0.3221282958984375,2.833770195643107,0.3468586340979715,0.016559702333649763
N4-E12_fold2_seed20261004,N4-E12,2,20261004,1,exact_joint_hurdle_nll,0.7018903965556372,3.993405262629191,1.0140287280082703,1.0402668118476868,1.0402668118476868,2.9793765544891357,1.0243309211276923,0.04755226873904672
N4-E12_fold2_seed20261004,N4-E12,2,20261004,2,exact_joint_hurdle_nll,0.7018903965556372,3.916167894999186,0.9718528191248575,0.9978087743123373,0.9978087743123373,2.944314956665039,0.986011728965679,0.04773173779202038
N4-E12_fold2_seed20261004,N4-E12,2,20261004,3,exact_joint_hurdle_nll,0.7018903965556372,3.8573756217956543,0.9337091644605001,0.959434986114502,0.959434986114502,2.92366631825765,0.9503558575773137,0.04911250954909581
N4-E12_fold2_seed20261004,N4-E12,2,20261004,4,exact_joint_hurdle_nll,0.7018903965556372,3.801502784093221,0.897098700205485,0.9226699670155843,0.9226699670155843,2.904404083887736,0.9158044308331842,0.05113236503806894
N4-E12_fold2_seed20261004,N4-E12,2,20261004,5,exact_joint_hurdle_nll,0.7018903965556372,3.73081644376119,0.8621666034062704,0.8874896963437399,0.8874896963437399,2.86864972114563,0.881813278527796,0.0511751467627778
N4-E12_fold2_seed20261004,N4-E12,2,20261004,6,exact_joint_hurdle_nll,0.7018903965556372,3.677100340525309,0.8279936909675598,0.8531065384546915,0.8531065384546915,2.849106709162394,0.8481258846485903,0.04850032974860579
N4-E12_fold2_seed20261004,N4-E12,2,20261004,7,exact_joint_hurdle_nll,0.7018903965556372,3.6241584618886313,0.7944044272104899,0.8192998369534811,0.8192998369534811,2.829754193623861,0.8146223234917214,0.04229911808613902
N4-E12_fold2_seed20261004,N4-E12,2,20261004,8,exact_joint_hurdle_nll,0.7018903965556372,3.573345343271891,0.7607701420783997,0.785465677579244,0.785465677579244,2.8125749429066977,0.7811204659194549,0.03439270208557307
N4-E12_fold2_seed20261004,N4-E12,2,20261004,9,exact_joint_hurdle_nll,0.7018903965556372,3.51359232266744,0.7266357938448588,0.7511694431304932,0.7511694431304932,2.7869561513264975,0.7471626531792112,0.029048544884505305
N4-E12_fold2_seed20261004,N4-E12,2,20261004,10,exact_joint_hurdle_nll,0.7018903965556372,3.470876932144165,0.6913433869679769,0.7157670458157858,0.7157670458157858,2.779533624649048,0.7120067141632269,0.028593231388927064
N4-E12_fold2_seed20261004,N4-E12,2,20261004,11,exact_joint_hurdle_nll,0.7018903965556372,3.4075392882029214,0.6539766788482666,0.6781750718752543,0.6781750718752543,2.7535624504089355,0.6748707514907905,0.03232703094786648
N4-E12_fold2_seed20261004,N4-E12,2,20261004,12,exact_joint_hurdle_nll,0.7018903965556372,3.3525756200154624,0.6143573323885599,0.6384444435437521,0.6384444435437521,2.7382179896036782,0.6359447348840789,0.038386692167816414
N4-E12_fold2_seed20261005,N4-E12,2,20261005,1,exact_joint_hurdle_nll,0.7018903965556372,3.265017032623291,0.5083629488945007,0.532773474852244,0.532773474852244,2.7566538651784263,0.5459829733542573,0.05443304004004873
N4-E12_fold2_seed20261005,N4-E12,2,20261005,2,exact_joint_hurdle_nll,0.7018903965556372,3.2010942300160727,0.4788435399532318,0.5029846330483755,0.5029846330483755,2.7222503821055093,0.5190047114211729,0.06823871156625734
N4-E12_fold2_seed20261005,N4-E12,2,20261005,3,exact_joint_hurdle_nll,0.7018903965556372,3.1651498476664224,0.4534008900324504,0.4773723582426707,0.4773723582426707,2.7117486794789634,0.4958163120151486,0.06648859541981628
N4-E12_fold2_seed20261005,N4-E12,2,20261005,4,exact_joint_hurdle_nll,0.7018903965556372,3.12027907371521,0.4308575987815857,0.4546056091785431,0.4546056091785431,2.6894214948018393,0.47542081957758575,0.0619293641847629
N4-E12_fold2_seed20261005,N4-E12,2,20261005,5,exact_joint_hurdle_nll,0.7018903965556372,3.0788111686706543,0.40964949131011963,0.4332083563009898,0.4332083563009898,2.669161558151245,0.45658353527790024,0.062380262055603354
N4-E12_fold2_seed20261005,N4-E12,2,20261005,6,exact_joint_hurdle_nll,0.7018903965556372,3.0456345876057944,0.3902216951052348,0.4135555326938629,0.4135555326938629,2.6554128328959146,0.4387033804714728,0.06927833985806456
N4-E12_fold2_seed20261005,N4-E12,2,20261005,7,exact_joint_hurdle_nll,0.7018903965556372,3.014787038167318,0.3716683089733124,0.3948846956094106,0.3948846956094106,2.6431187788645425,0.4214238820691068,0.07760681477260958
N4-E12_fold2_seed20261005,N4-E12,2,20261005,8,exact_joint_hurdle_nll,0.7018903965556372,2.9668239752451577,0.35390325387318927,0.37694565455118817,0.37694565455118817,2.6129209200541177,0.4043852803459532,0.08218111255338564
N4-E12_fold2_seed20261005,N4-E12,2,20261005,9,exact_joint_hurdle_nll,0.7018903965556372,2.9369539419809976,0.33638080954551697,0.3592487970987956,0.3592487970987956,2.6005729834238687,0.38718960926585466,0.08107700292654488
N4-E12_fold2_seed20261005,N4-E12,2,20261005,10,exact_joint_hurdle_nll,0.7018903965556372,2.8931129773457847,0.3187178671360016,0.3414328595002492,0.3414328595002492,2.574395179748535,0.36963576434264234,0.07736029503503589
N4-E12_fold2_seed20261005,N4-E12,2,20261005,11,exact_joint_hurdle_nll,0.7018903965556372,2.8622729778289795,0.3010673026243846,0.32362375656763714,0.32362375656763714,2.561205784479777,0.3518622879565913,0.07537528924878822
N4-E12_fold2_seed20261005,N4-E12,2,20261005,12,exact_joint_hurdle_nll,0.7018903965556372,2.8176472187042236,0.28334588805834454,0.3056934674580892,0.3056934674580892,2.5343013604482016,0.33379501853816057,0.07588532907293166
N4-E12_fold2_seed20261006,N4-E12,2,20261006,1,exact_joint_hurdle_nll,0.7018903965556372,3.4141639868418374,0.48708770672480267,0.5126596689224243,0.5126596689224243,2.92707626024882,0.5201561851453821,0.010587218231175918
N4-E12_fold2_seed20261006,N4-E12,2,20261006,2,exact_joint_hurdle_nll,0.7018903965556372,3.3574277559916177,0.4608241816361745,0.4861234426498413,0.4861234426498413,2.896603504816691,0.494128793815941,0.010572523414592121
N4-E12_fold2_seed20261006,N4-E12,2,20261006,3,exact_joint_hurdle_nll,0.7018903965556372,3.306288798650106,0.4365859528382619,0.4616754651069641,0.4616754651069641,2.8697028954823813,0.47016399394549213,0.010674984024355901
N4-E12_fold2_seed20261006,N4-E12,2,20261006,4,exact_joint_hurdle_nll,0.7018903965556372,3.248915354410807,0.4129076600074768,0.4377744992574056,0.4377744992574056,2.8360074361165366,0.4473288816897495,0.010893442201618381
N4-E12_fold2_seed20261006,N4-E12,2,20261006,5,exact_joint_hurdle_nll,0.7018903965556372,3.2034988403320312,0.3889154891173045,0.4135531485080719,0.4135531485080719,2.8145833015441895,0.4249568421513315,0.01127481692511632
N4-E12_fold2_seed20261006,N4-E12,2,20261006,6,exact_joint_hurdle_nll,0.7018903965556372,3.1552871068318686,0.3646078209082286,0.3890274961789449,0.3890274961789449,2.790679613749186,0.40251790119755276,0.011974833025866475
N4-E12_fold2_seed20261006,N4-E12,2,20261006,7,exact_joint_hurdle_nll,0.7018903965556372,3.1091509660085044,0.34082697828610736,0.36510855952898663,0.36510855952898663,2.7683239777882895,0.3800597833903654,0.01318563405284935
N4-E12_fold2_seed20261006,N4-E12,2,20261006,8,exact_joint_hurdle_nll,0.7018903965556372,3.0601301987965903,0.3185831904411316,0.3426210979620616,0.3426210979620616,2.7415472666422525,0.3585022432316204,0.01448976379573479
N4-E12_fold2_seed20261006,N4-E12,2,20261006,9,exact_joint_hurdle_nll,0.7018903965556372,3.0215116341908774,0.29842254519462585,0.3223397632439931,0.3223397632439931,2.723089059193929,0.3392183238863936,0.015266804504085135
N4-E12_fold2_seed20261006,N4-E12,2,20261006,10,exact_joint_hurdle_nll,0.7018903965556372,2.9786036809285483,0.27994321783383685,0.30375540256500244,0.30375540256500244,2.6986605326334634,0.32196196472381583,0.015361580031000435
N4-E12_fold2_seed20261006,N4-E12,2,20261006,11,exact_joint_hurdle_nll,0.7018903965556372,2.9494572480519614,0.2627004285653432,0.2864082952340444,0.2864082952340444,2.686756690343221,0.30576849051443383,0.014979434000829985
N4-E12_fold2_seed20261006,N4-E12,2,20261006,12,exact_joint_hurdle_nll,0.7018903965556372,2.923577626546224,0.2459716002146403,0.269610196352005,0.269610196352005,2.6776062647501626,0.29005279861628547,0.01457938214902536
N4-E12_fold3_seed20261002,N4-E12,3,20261002,1,exact_joint_hurdle_nll,0.7018903965556372,4.479698657989502,1.0585855841636658,1.0967022478580475,1.0967022478580475,3.421113073825836,1.1509445713745998,0.009359292167321398
N4-E12_fold3_seed20261002,N4-E12,3,20261002,2,exact_joint_hurdle_nll,0.7018903965556372,4.340988397598267,0.9848555624485016,1.0223242044448853,1.0223242044448853,3.3561328053474426,1.074821741876383,0.009395138264359214
N4-E12_fold3_seed20261002,N4-E12,3,20261002,3,exact_joint_hurdle_nll,0.7018903965556372,4.2212302684783936,0.9175687283277512,0.9543628543615341,0.9543628543615341,3.303661525249481,1.0068783180973375,0.009418188929000823
N4-E12_fold3_seed20261002,N4-E12,3,20261002,4,exact_joint_hurdle_nll,0.7018903965556372,4.1125717759132385,0.8585025072097778,0.8948405832052231,0.8948405832052231,3.254069149494171,0.9492812787863574,0.009399530690757522
N4-E12_fold3_seed20261002,N4-E12,3,20261002,5,exact_joint_hurdle_nll,0.7018903965556372,4.016932249069214,0.8077978640794754,0.8435671478509903,0.8435671478509903,3.209134042263031,0.8995586115297546,0.00934233681197357
N4-E12_fold3_seed20261002,N4-E12,3,20261002,6,exact_joint_hurdle_nll,0.7018903965556372,3.924668788909912,0.7624410390853882,0.7977167367935181,0.7977167367935181,3.1622278094291687,0.8537608317297756,0.009269201755858058
N4-E12_fold3_seed20261002,N4-E12,3,20261002,7,exact_joint_hurdle_nll,0.7018903965556372,3.8297030329704285,0.7195193767547607,0.7542066872119904,0.7542066872119904,3.110183537006378,0.8096381758372306,0.009216999471762568
N4-E12_fold3_seed20261002,N4-E12,3,20261002,8,exact_joint_hurdle_nll,0.7018903965556372,3.741084098815918,0.6778882145881653,0.7120820581912994,0.7120820581912994,3.0631959438323975,0.765684239799288,0.009197063567082043
N4-E12_fold3_seed20261002,N4-E12,3,20261002,9,exact_joint_hurdle_nll,0.7018903965556372,3.6451377272605896,0.6365529894828796,0.670233279466629,0.670233279466629,3.00858473777771,0.7209637656334975,0.009207575846942628
N4-E12_fold3_seed20261002,N4-E12,3,20261002,10,exact_joint_hurdle_nll,0.7018903965556372,3.5581365823745728,0.5956977158784866,0.6288309246301651,0.6288309246301651,2.962438702583313,0.6750493371893806,0.00925572141508738
N4-E12_fold3_seed20261002,N4-E12,3,20261002,11,exact_joint_hurdle_nll,0.7018903965556372,3.4740235805511475,0.555411085486412,0.588003396987915,0.588003396987915,2.918612539768219,0.6295982306476829,0.009340686567373352
N4-E12_fold3_seed20261002,N4-E12,3,20261002,12,exact_joint_hurdle_nll,0.7018903965556372,3.3737218379974365,0.5180007144808769,0.5499295443296432,0.5499295443296432,2.855721175670624,0.5879060037462521,0.009351034971803052
N4-E12_fold3_seed20261003,N4-E12,3,20261003,1,exact_joint_hurdle_nll,0.7018903965556372,3.3680681586265564,0.5763632655143738,0.6073696315288544,0.6073696315288544,2.791704773902893,0.5621859110344409,0.04917493521703553
N4-E12_fold3_seed20261003,N4-E12,3,20261003,2,exact_joint_hurdle_nll,0.7018903965556372,3.319347083568573,0.5273538380861282,0.5583095103502274,0.5583095103502274,2.7919933199882507,0.5213047493333153,0.037188322864007736
N4-E12_fold3_seed20261003,N4-E12,3,20261003,3,exact_joint_hurdle_nll,0.7018903965556372,3.2716795802116394,0.4844105616211891,0.5153551995754242,0.5153551995754242,2.7872692346572876,0.48279106101077585,0.028124326639405388
N4-E12_fold3_seed20261003,N4-E12,3,20261003,4,exact_joint_hurdle_nll,0.7018903965556372,3.2353150844573975,0.446461483836174,0.4774887263774872,0.4774887263774872,2.7888535261154175,0.4469193174606749,0.02581086482847387
N4-E12_fold3_seed20261003,N4-E12,3,20261003,5,exact_joint_hurdle_nll,0.7018903965556372,3.2060858607292175,0.41273947805166245,0.44389108568429947,0.44389108568429947,2.7933464646339417,0.41448504776117234,0.023636108623983326
N4-E12_fold3_seed20261003,N4-E12,3,20261003,6,exact_joint_hurdle_nll,0.7018903965556372,3.1768122911453247,0.3825080245733261,0.4137491434812546,0.4137491434812546,2.794304132461548,0.3863779722577297,0.022295716963308926
N4-E12_fold3_seed20261003,N4-E12,3,20261003,7,exact_joint_hurdle_nll,0.7018903965556372,3.1640440225601196,0.3552948012948036,0.38664909452199936,0.38664909452199936,2.80874902009964,0.360985050965591,0.02252149585251157
N4-E12_fold3_seed20261003,N4-E12,3,20261003,8,exact_joint_hurdle_nll,0.7018903965556372,3.128750443458557,0.32998862862586975,0.3613756448030472,0.3613756448030472,2.798762023448944,0.33716373651413767,0.023757757848703407
N4-E12_fold3_seed20261003,N4-E12,3,20261003,9,exact_joint_hurdle_nll,0.7018903965556372,3.1073171496391296,0.3057600408792496,0.3371591418981552,0.3371591418981552,2.8015570044517517,0.3146935183372771,0.02666842610179091
N4-E12_fold3_seed20261003,N4-E12,3,20261003,10,exact_joint_hurdle_nll,0.7018903965556372,3.08671635389328,0.282745324075222,0.3141513913869858,0.3141513913869858,2.803970754146576,0.2941526449664324,0.03130081973300101
N4-E12_fold3_seed20261003,N4-E12,3,20261003,11,exact_joint_hurdle_nll,0.7018903965556372,3.0583600401878357,0.26111187040805817,0.2923852205276489,0.2923852205276489,2.7972482442855835,0.2761233975435504,0.03427593374634343
N4-E12_fold3_seed20261003,N4-E12,3,20261003,12,exact_joint_hurdle_nll,0.7018903965556372,3.017908811569214,0.24143628776073456,0.27248039469122887,0.27248039469122887,2.776472270488739,0.2601401936278656,0.03420325158257852
N4-E12_fold3_seed20261004,N4-E12,3,20261004,1,exact_joint_hurdle_nll,0.7018903965556372,3.979905605316162,1.003431037068367,1.0367376953363419,1.0367376953363419,2.976474642753601,0.9575924211526017,0.03529595799768731
N4-E12_fold3_seed20261004,N4-E12,3,20261004,2,exact_joint_hurdle_nll,0.7018903965556372,3.893489181995392,0.9500249922275543,0.9829488545656204,0.9829488545656204,2.9434641003608704,0.9089001791571697,0.03526320155847247
N4-E12_fold3_seed20261004,N4-E12,3,20261004,3,exact_joint_hurdle_nll,0.7018903965556372,3.8139622807502747,0.9017993211746216,0.9343070536851883,0.9343070536851883,2.912163197994232,0.8644075210933044,0.035721105285674126
N4-E12_fold3_seed20261004,N4-E12,3,20261004,4,exact_joint_hurdle_nll,0.7018903965556372,3.7275861501693726,0.8563277572393417,0.8884991109371185,0.8884991109371185,2.8712584376335144,0.8216039170956737,0.03664182623794618
N4-E12_fold3_seed20261004,N4-E12,3,20261004,5,exact_joint_hurdle_nll,0.7018903965556372,3.644929885864258,0.8118230849504471,0.8436130285263062,0.8436130285263062,2.833106756210327,0.7790278213260411,0.03712286587134263
N4-E12_fold3_seed20261004,N4-E12,3,20261004,6,exact_joint_hurdle_nll,0.7018903965556372,3.5765581130981445,0.768161803483963,0.7996217459440231,0.7996217459440231,2.8083963990211487,0.7358081202794604,0.03795065232556853
N4-E12_fold3_seed20261004,N4-E12,3,20261004,7,exact_joint_hurdle_nll,0.7018903965556372,3.5102524757385254,0.723178967833519,0.7543546259403229,0.7543546259403229,2.7870734333992004,0.6914540320902767,0.04200376043748752
N4-E12_fold3_seed20261004,N4-E12,3,20261004,8,exact_joint_hurdle_nll,0.7018903965556372,3.434206247329712,0.6758214682340622,0.7066916674375534,0.7066916674375534,2.7583847045898438,0.6451393940555668,0.05326802825904601
N4-E12_fold3_seed20261004,N4-E12,3,20261004,9,exact_joint_hurdle_nll,0.7018903965556372,3.3691447377204895,0.6245687901973724,0.6552373915910721,0.6552373915910721,2.7445759177207947,0.5978744485121544,0.05648181544884418
N4-E12_fold3_seed20261004,N4-E12,3,20261004,10,exact_joint_hurdle_nll,0.7018903965556372,3.29038405418396,0.570629209280014,0.6010594218969345,0.6010594218969345,2.719754993915558,0.5537289047244,0.04173777193458794
N4-E12_fold3_seed20261004,N4-E12,3,20261004,11,exact_joint_hurdle_nll,0.7018903965556372,3.237459421157837,0.5188824981451035,0.5492012649774551,0.5492012649774551,2.7185769081115723,0.5155474554629624,0.014695866693657057
N4-E12_fold3_seed20261004,N4-E12,3,20261004,12,exact_joint_hurdle_nll,0.7018903965556372,3.194805324077606,0.4728597030043602,0.5032259672880173,0.5032259672880173,2.7219457626342773,0.4787549991565013,0.010007575400660105
N4-E12_fold3_seed20261005,N4-E12,3,20261005,1,exact_joint_hurdle_nll,0.7018903965556372,3.269646167755127,0.5054445043206215,0.5365502089262009,0.5365502089262009,2.7642014622688293,0.5221799627274062,0.02386191543066448
N4-E12_fold3_seed20261005,N4-E12,3,20261005,2,exact_joint_hurdle_nll,0.7018903965556372,3.196524202823639,0.4687138646841049,0.49938976019620895,0.49938976019620895,2.7278103828430176,0.488484109115868,0.026290263153550236
N4-E12_fold3_seed20261005,N4-E12,3,20261005,3,exact_joint_hurdle_nll,0.7018903965556372,3.1408826112747192,0.4388921484351158,0.469247505068779,0.469247505068779,2.7019903659820557,0.46012520424222403,0.028095315902097073
N4-E12_fold3_seed20261005,N4-E12,3,20261005,4,exact_joint_hurdle_nll,0.7018903965556372,3.0825559496879578,0.4124712273478508,0.44245436787605286,0.44245436787605286,2.670084595680237,0.43411423642940017,0.031112024534694173
N4-E12_fold3_seed20261005,N4-E12,3,20261005,5,exact_joint_hurdle_nll,0.7018903965556372,3.0367481112480164,0.38775456696748734,0.41742994636297226,0.41742994636297226,2.648993670940399,0.40905492341531774,0.036252446168030694
N4-E12_fold3_seed20261005,N4-E12,3,20261005,6,exact_joint_hurdle_nll,0.7018903965556372,2.9820945858955383,0.36423804610967636,0.39361122995615005,0.39361122995615005,2.617856502532959,0.38450015325463444,0.042214185848346415
N4-E12_fold3_seed20261005,N4-E12,3,20261005,7,exact_joint_hurdle_nll,0.7018903965556372,2.9447264075279236,0.3412114754319191,0.3703627809882164,0.3703627809882164,2.603514850139618,0.36017723108154703,0.04543254348032261
N4-E12_fold3_seed20261005,N4-E12,3,20261005,8,exact_joint_hurdle_nll,0.7018903965556372,2.8956024050712585,0.31797876954078674,0.3467956781387329,0.3467956781387329,2.5776236057281494,0.33582185411995713,0.04838095232074131
N4-E12_fold3_seed20261005,N4-E12,3,20261005,9,exact_joint_hurdle_nll,0.7018903965556372,2.847978949546814,0.294561967253685,0.323077529668808,0.323077529668808,2.5534170269966125,0.3117726986630723,0.05506985604054119
N4-E12_fold3_seed20261005,N4-E12,3,20261005,10,exact_joint_hurdle_nll,0.7018903965556372,2.794219136238098,0.2711854577064514,0.2994307205080986,0.2994307205080986,2.5230334997177124,0.288677086179105,0.06502668882943659
N4-E12_fold3_seed20261005,N4-E12,3,20261005,11,exact_joint_hurdle_nll,0.7018903965556372,2.7462241649627686,0.24847900494933128,0.27646931260824203,0.27646931260824203,2.497745096683502,0.2669179161436741,0.07027599732763679
N4-E12_fold3_seed20261005,N4-E12,3,20261005,12,exact_joint_hurdle_nll,0.7018903965556372,2.7106571793556213,0.22802454978227615,0.2558208778500557,0.2558208778500557,2.482632577419281,0.24661481391103843,0.07236499444790533
N4-E12_fold3_seed20261006,N4-E12,3,20261006,1,exact_joint_hurdle_nll,0.7018903965556372,3.405838131904602,0.4825126379728317,0.5150674134492874,0.5150674134492874,2.923325538635254,0.5051463646953068,0.01036749695800305
N4-E12_fold3_seed20261006,N4-E12,3,20261006,2,exact_joint_hurdle_nll,0.7018903965556372,3.3334051966667175,0.4483666718006134,0.4804629608988762,0.4804629608988762,2.885038435459137,0.4698763320467879,0.010884781120337863
N4-E12_fold3_seed20261006,N4-E12,3,20261006,3,exact_joint_hurdle_nll,0.7018903965556372,3.260579824447632,0.41706450283527374,0.4487622603774071,0.4487622603774071,2.8435153365135193,0.4383460076909357,0.011533301046060034
N4-E12_fold3_seed20261006,N4-E12,3,20261006,4,exact_joint_hurdle_nll,0.7018903965556372,3.199065327644348,0.3863433748483658,0.41769684851169586,0.41769684851169586,2.8127219676971436,0.40928168946554677,0.012065170825717874
N4-E12_fold3_seed20261006,N4-E12,3,20261006,5,exact_joint_hurdle_nll,0.7018903965556372,3.1304636001586914,0.3553563505411148,0.38636501133441925,0.38636501133441925,2.7751071453094482,0.38105423109520903,0.01256906424581773
N4-E12_fold3_seed20261006,N4-E12,3,20261006,6,exact_joint_hurdle_nll,0.7018903965556372,3.0733659267425537,0.3257070779800415,0.35641713440418243,0.35641713440418243,2.7476590275764465,0.35306666895399613,0.012805250092757195
N4-E12_fold3_seed20261006,N4-E12,3,20261006,7,exact_joint_hurdle_nll,0.7018903965556372,3.013216555118561,0.29912836849689484,0.3295314460992813,0.3295314460992813,2.7140884399414062,0.3264786598642676,0.012326803571993757
N4-E12_fold3_seed20261006,N4-E12,3,20261006,8,exact_joint_hurdle_nll,0.7018903965556372,2.977251350879669,0.2756047546863556,0.30584143847227097,0.30584143847227097,2.7016465067863464,0.30185610521323747,0.011934456387394612
N4-E12_fold3_seed20261006,N4-E12,3,20261006,9,exact_joint_hurdle_nll,0.7018903965556372,2.9389312863349915,0.25364093482494354,0.2838003635406494,0.2838003635406494,2.6852903962135315,0.2790626728457242,0.011832512202336127
N4-E12_fold3_seed20261006,N4-E12,3,20261006,10,exact_joint_hurdle_nll,0.7018903965556372,2.917802095413208,0.2323225773870945,0.26237083226442337,0.26237083226442337,2.6854795813560486,0.2577838778827997,0.011573766961222667
N4-E12_fold3_seed20261006,N4-E12,3,20261006,11,exact_joint_hurdle_nll,0.7018903965556372,2.8888405561447144,0.211544468998909,0.24153196439146996,0.24153196439146996,2.677296459674835,0.23801086136889552,0.011127560339123606
N4-E12_fold3_seed20261006,N4-E12,3,20261006,12,exact_joint_hurdle_nll,0.7018903965556372,2.846510887145996,0.19195792451500893,0.22178282588720322,0.22178282588720322,2.6545528769493103,0.21969070761560722,0.011054556508361462
N4-E12_fold4_seed20261002,N4-E12,4,20261002,1,exact_joint_hurdle_nll,0.7018903965556372,4.111185026168823,1.072247314453125,1.10785813331604,1.10785813331604,3.03893780708313,1.0667846836850428,0.01791159968582177
N4-E12_fold4_seed20261002,N4-E12,4,20261002,2,exact_joint_hurdle_nll,0.7018903965556372,3.9501771450042726,0.9815434455871582,1.0164358973503114,1.0164358973503114,2.968633842468262,0.9747108666016675,0.01844963468908871
N4-E12_fold4_seed20261002,N4-E12,4,20261002,3,exact_joint_hurdle_nll,0.7018903965556372,3.821316432952881,0.9022661566734314,0.936539351940155,0.936539351940155,2.919050359725952,0.8983755895024979,0.018584394947929583
N4-E12_fold4_seed20261002,N4-E12,4,20261002,4,exact_joint_hurdle_nll,0.7018903965556372,3.711129331588745,0.8353146910667419,0.8691048860549927,0.8691048860549927,2.8758148193359374,0.8347284510599815,0.01825675135046433
N4-E12_fold4_seed20261002,N4-E12,4,20261002,5,exact_joint_hurdle_nll,0.7018903965556372,3.6065507888793946,0.7762507677078248,0.8095609664916992,0.8095609664916992,2.83029990196228,0.7774253213723161,0.01763180167710874
N4-E12_fold4_seed20261002,N4-E12,4,20261002,6,exact_joint_hurdle_nll,0.7018903965556372,3.496311092376709,0.7201175928115845,0.7528570055961609,0.7528570055961609,2.7761935949325562,0.7234762395837637,0.017167188155790932
N4-E12_fold4_seed20261002,N4-E12,4,20261002,7,exact_joint_hurdle_nll,0.7018903965556372,3.3999597072601317,0.6654352188110352,0.6976444840431213,0.6976444840431213,2.7345243215560915,0.6734651420955957,0.01695648153310551
N4-E12_fold4_seed20261002,N4-E12,4,20261002,8,exact_joint_hurdle_nll,0.7018903965556372,3.294566249847412,0.6139894843101501,0.6456743717193604,0.6456743717193604,2.6805768251419066,0.6263109473281465,0.017248223660766414
N4-E12_fold4_seed20261002,N4-E12,4,20261002,9,exact_joint_hurdle_nll,0.7018903965556372,3.1935598373413088,0.5644688844680786,0.5955818295478821,0.5955818295478821,2.629090929031372,0.580076265110972,0.018435419916358806
N4-E12_fold4_seed20261002,N4-E12,4,20261002,10,exact_joint_hurdle_nll,0.7018903965556372,3.0932383298873902,0.5190354764461518,0.5495131850242615,0.5495131850242615,2.5742027759552,0.5385793955540775,0.01895595403346942
N4-E12_fold4_seed20261002,N4-E12,4,20261002,11,exact_joint_hurdle_nll,0.7018903965556372,3.0056440830230713,0.48056678771972655,0.5104817032814026,0.5104817032814026,2.525077486038208,0.5041374345094702,0.018388113978765323
N4-E12_fold4_seed20261002,N4-E12,4,20261002,12,exact_joint_hurdle_nll,0.7018903965556372,2.9347903728485107,0.4483160853385925,0.4778917670249939,0.4778917670249939,2.4864741563796997,0.4759698572740413,0.018085142747131938
N4-E12_fold4_seed20261003,N4-E12,4,20261003,1,exact_joint_hurdle_nll,0.7018903965556372,3.089061069488525,0.5688934326171875,0.5985852599143981,0.5985852599143981,2.52016761302948,0.6004138320811928,0.03087482907872689
N4-E12_fold4_seed20261003,N4-E12,4,20261003,2,exact_joint_hurdle_nll,0.7018903965556372,3.0314244270324706,0.5111564457416534,0.5408056378364563,0.5408056378364563,2.5202680587768556,0.5482644347408617,0.023885989963156936
N4-E12_fold4_seed20261003,N4-E12,4,20261003,3,exact_joint_hurdle_nll,0.7018903965556372,2.9769397974014282,0.46146597266197203,0.4911791324615479,0.4911791324615479,2.515473985671997,0.5026386472043819,0.021989985190221842
N4-E12_fold4_seed20261003,N4-E12,4,20261003,4,exact_joint_hurdle_nll,0.7018903965556372,2.942006325721741,0.4183075249195099,0.4481130182743073,0.4481130182743073,2.5236986875534058,0.46367476390347345,0.020643082044931885
N4-E12_fold4_seed20261003,N4-E12,4,20261003,5,exact_joint_hurdle_nll,0.7018903965556372,2.9079437017440797,0.3807102859020233,0.4105945110321045,0.4105945110321045,2.5272332668304442,0.43061860852158346,0.020156169147962984
N4-E12_fold4_seed20261003,N4-E12,4,20261003,6,exact_joint_hurdle_nll,0.7018903965556372,2.8790075540542603,0.3471492528915405,0.37717208862304685,0.37717208862304685,2.5318584203720094,0.40010652349194276,0.020733466405912684
N4-E12_fold4_seed20261003,N4-E12,4,20261003,7,exact_joint_hurdle_nll,0.7018903965556372,2.8469799995422362,0.3157439351081848,0.34585562348365784,0.34585562348365784,2.53123619556427,0.3679886348863199,0.022221101946210978
N4-E12_fold4_seed20261003,N4-E12,4,20261003,8,exact_joint_hurdle_nll,0.7018903965556372,2.822434902191162,0.2860636591911316,0.3161998808383942,0.3161998808383942,2.5363713264465333,0.33557724047277065,0.02546744112086319
N4-E12_fold4_seed20261003,N4-E12,4,20261003,9,exact_joint_hurdle_nll,0.7018903965556372,2.7912575960159303,0.2584235489368439,0.2885301411151886,0.2885301411151886,2.532834005355835,0.30788182470808423,0.031700932168669725
N4-E12_fold4_seed20261003,N4-E12,4,20261003,10,exact_joint_hurdle_nll,0.7018903965556372,2.763658571243286,0.23393972516059874,0.2638892561197281,0.2638892561197281,2.52971875667572,0.28611580415651433,0.038904153248569086
N4-E12_fold4_seed20261003,N4-E12,4,20261003,11,exact_joint_hurdle_nll,0.7018903965556372,2.728322243690491,0.2135452389717102,0.24326074123382568,0.24326074123382568,2.5147770643234253,0.26937814337806804,0.04392024598344001
N4-E12_fold4_seed20261003,N4-E12,4,20261003,12,exact_joint_hurdle_nll,0.7018903965556372,2.6951760768890383,0.19671265482902528,0.22622674703598022,0.22622674703598022,2.498463273048401,0.2561134137758024,0.04556811837065294
N4-E12_fold4_seed20261004,N4-E12,4,20261004,1,exact_joint_hurdle_nll,0.7018903965556372,3.657690143585205,0.9898469567298889,1.02137531042099,1.02137531042099,2.667843246459961,0.9891884353039848,0.03189780248707855
N4-E12_fold4_seed20261004,N4-E12,4,20261004,2,exact_joint_hurdle_nll,0.7018903965556372,3.5608773708343504,0.9254011154174805,0.9566082239151001,0.9566082239151001,2.6354761838912966,0.9299226040076484,0.028939846118585563
N4-E12_fold4_seed20261004,N4-E12,4,20261004,3,exact_joint_hurdle_nll,0.7018903965556372,3.4641061782836915,0.8678096771240235,0.8985820531845092,0.8985820531845092,2.5962965965270994,0.874084050759497,0.028093283527218873
N4-E12_fold4_seed20261004,N4-E12,4,20261004,4,exact_joint_hurdle_nll,0.7018903965556372,3.387835073471069,0.8125985622406006,0.8430708885192871,0.8430708885192871,2.5752365589141846,0.8186699064468281,0.029058025760952837
N4-E12_fold4_seed20261004,N4-E12,4,20261004,5,exact_joint_hurdle_nll,0.7018903965556372,3.3072556495666503,0.7576087713241577,0.7877339959144593,0.7877339959144593,2.549646806716919,0.7624524788779324,0.031959486833306655
N4-E12_fold4_seed20261004,N4-E12,4,20261004,6,exact_joint_hurdle_nll,0.7018903965556372,3.2117077827453615,0.7012198209762573,0.7310248136520385,0.7310248136520385,2.510487961769104,0.705159411556116,0.03777499702766167
N4-E12_fold4_seed20261004,N4-E12,4,20261004,7,exact_joint_hurdle_nll,0.7018903965556372,3.133190631866455,0.6413718700408936,0.670913827419281,0.670913827419281,2.4918186902999877,0.6469062835493536,0.04688069665894034
N4-E12_fold4_seed20261004,N4-E12,4,20261004,8,exact_joint_hurdle_nll,0.7018903965556372,3.04774808883667,0.578932774066925,0.6082604169845581,0.6082604169845581,2.468815326690674,0.5884808008890327,0.04811046961053804
N4-E12_fold4_seed20261004,N4-E12,4,20261004,9,exact_joint_hurdle_nll,0.7018903965556372,2.9839826345443727,0.5196244239807128,0.5488140344619751,0.5488140344619751,2.4643582105636597,0.5391856346758546,0.028688688797089378
N4-E12_fold4_seed20261004,N4-E12,4,20261004,10,exact_joint_hurdle_nll,0.7018903965556372,2.9300892114639283,0.46765272617340087,0.49690274596214296,0.49690274596214296,2.462436485290527,0.49601167122853096,0.01802685836866058
N4-E12_fold4_seed20261004,N4-E12,4,20261004,11,exact_joint_hurdle_nll,0.7018903965556372,2.891006875038147,0.4205660462379456,0.44982088208198545,0.44982088208198545,2.470440912246704,0.4522076289030002,0.01690247506807549
N4-E12_fold4_seed20261004,N4-E12,4,20261004,12,exact_joint_hurdle_nll,0.7018903965556372,2.820668888092041,0.3747036099433899,0.4037812173366547,0.4037812173366547,2.4459654808044435,0.4094409152632043,0.016880502097145943
N4-E12_fold4_seed20261005,N4-E12,4,20261005,1,exact_joint_hurdle_nll,0.7018903965556372,3.000827264785767,0.5043719470500946,0.5341179728507995,0.5341179728507995,2.49645516872406,0.5321472873663903,0.04198055996451118
N4-E12_fold4_seed20261005,N4-E12,4,20261005,2,exact_joint_hurdle_nll,0.7018903965556372,2.9273432970046995,0.46092739701271057,0.4902831852436066,0.4902831852436066,2.4664159297943113,0.48937521147094354,0.05611684455849491
N4-E12_fold4_seed20261005,N4-E12,4,20261005,3,exact_joint_hurdle_nll,0.7018903965556372,2.8672223806381227,0.4263336777687073,0.4553763628005981,0.4553763628005981,2.4408886671066283,0.45427488140194,0.06527971702791137
N4-E12_fold4_seed20261005,N4-E12,4,20261005,4,exact_joint_hurdle_nll,0.7018903965556372,2.804424595832825,0.3949946165084839,0.42370992302894595,0.42370992302894595,2.4094301223754884,0.42223725932171324,0.07284563301533457
N4-E12_fold4_seed20261005,N4-E12,4,20261005,5,exact_joint_hurdle_nll,0.7018903965556372,2.756648635864258,0.3653044641017914,0.39377639889717103,0.39377639889717103,2.3913442134857177,0.39263269509302656,0.07241247730500008
N4-E12_fold4_seed20261005,N4-E12,4,20261005,6,exact_joint_hurdle_nll,0.7018903965556372,2.712680459022522,0.33592164516448975,0.36417791843414304,0.36417791843414304,2.376758861541748,0.3653624983317514,0.07293954690710538
N4-E12_fold4_seed20261005,N4-E12,4,20261005,7,exact_joint_hurdle_nll,0.7018903965556372,2.6545982360839844,0.3064191162586212,0.33439468741416933,0.33439468741416933,2.348179078102112,0.34028931884631963,0.07753441517809383
N4-E12_fold4_seed20261005,N4-E12,4,20261005,8,exact_joint_hurdle_nll,0.7018903965556372,2.6003491163253782,0.27710752487182616,0.3048061907291412,0.3048061907291412,2.3232415437698366,0.3175939544982132,0.08578947703059701
N4-E12_fold4_seed20261005,N4-E12,4,20261005,9,exact_joint_hurdle_nll,0.7018903965556372,2.5531839609146116,0.24895945489406585,0.27647538483142853,0.27647538483142853,2.304224634170532,0.29649213562593274,0.09640050541653027
N4-E12_fold4_seed20261005,N4-E12,4,20261005,10,exact_joint_hurdle_nll,0.7018903965556372,2.5076871871948243,0.22344912886619567,0.2507657915353775,0.2507657915353775,2.284237813949585,0.27764139987590786,0.10510464852862654
N4-E12_fold4_seed20261005,N4-E12,4,20261005,11,exact_joint_hurdle_nll,0.7018903965556372,2.4808034658432008,0.20168042182922363,0.22890583276748658,0.22890583276748658,2.279123139381409,0.2606851973381559,0.11082891552480834
N4-E12_fold4_seed20261005,N4-E12,4,20261005,12,exact_joint_hurdle_nll,0.7018903965556372,2.4504892587661744,0.18218437135219573,0.20932784378528596,0.20932784378528596,2.268304872512817,0.2441872469637399,0.11727752936944243
N4-E12_fold4_seed20261006,N4-E12,4,20261006,1,exact_joint_hurdle_nll,0.7018903965556372,3.1100778579711914,0.4825521171092987,0.5135111331939697,0.5135111331939697,2.6275258541107176,0.5272241653512859,0.018479567088633134
N4-E12_fold4_seed20261006,N4-E12,4,20261006,2,exact_joint_hurdle_nll,0.7018903965556372,3.0332683324813843,0.4403542339801788,0.47085484862327576,0.47085484862327576,2.5929140567779543,0.4856049555123445,0.019893882445358065
N4-E12_fold4_seed20261006,N4-E12,4,20261006,3,exact_joint_hurdle_nll,0.7018903965556372,2.957744073867798,0.40225535035133364,0.4323910117149353,0.4323910117149353,2.555488657951355,0.44861701016501404,0.020830668373227407
N4-E12_fold4_seed20261006,N4-E12,4,20261006,4,exact_joint_hurdle_nll,0.7018903965556372,2.8916378736495973,0.365474009513855,0.395284903049469,0.395284903049469,2.5261637926101685,0.41515919186295214,0.02116486949908802
N4-E12_fold4_seed20261006,N4-E12,4,20261006,5,exact_joint_hurdle_nll,0.7018903965556372,2.8212804555892945,0.32953731417655946,0.35904722809791567,0.35904722809791567,2.4917432069778442,0.3834403870226416,0.020808169833753953
N4-E12_fold4_seed20261006,N4-E12,4,20261006,6,exact_joint_hurdle_nll,0.7018903965556372,2.760072612762451,0.2968918740749359,0.32613109350204467,0.32613109350204467,2.463180923461914,0.3534743216204953,0.02026651952170236
N4-E12_fold4_seed20261006,N4-E12,4,20261006,7,exact_joint_hurdle_nll,0.7018903965556372,2.716852307319641,0.2682133376598358,0.2973169505596161,0.2973169505596161,2.448638892173767,0.3256156737569436,0.01985260722145455
N4-E12_fold4_seed20261006,N4-E12,4,20261006,8,exact_joint_hurdle_nll,0.7018903965556372,2.6812653064727785,0.24138417541980745,0.2704018145799637,0.2704018145799637,2.43988094329834,0.3000010293551552,0.019550824678655484
N4-E12_fold4_seed20261006,N4-E12,4,20261006,9,exact_joint_hurdle_nll,0.7018903965556372,2.654453444480896,0.21602142751216888,0.24500986635684968,0.24500986635684968,2.4384320735931397,0.27653695772718057,0.01861345205849907
N4-E12_fold4_seed20261006,N4-E12,4,20261006,10,exact_joint_hurdle_nll,0.7018903965556372,2.6253183126449584,0.19224792420864106,0.22119192481040956,0.22119192481040956,2.4330703735351564,0.2555784701521919,0.01830553137778757
N4-E12_fold4_seed20261006,N4-E12,4,20261006,11,exact_joint_hurdle_nll,0.7018903965556372,2.586387825012207,0.1720292866230011,0.20076829493045806,0.20076829493045806,2.414358401298523,0.23863619944307224,0.019299548007983194
N4-E12_fold4_seed20261006,N4-E12,4,20261006,12,exact_joint_hurdle_nll,0.7018903965556372,2.559355282783508,0.15672072172164916,0.18530214130878447,0.18530214130878447,2.402634882926941,0.22612774532906085,0.02061338972735626
N4-E36_fold1_seed20261002,N4-E36,1,20261002,1,exact_joint_hurdle_nll,0.7018903965556372,4.53034234046936,1.096011757850647,1.1138029098510742,1.1138029098510742,3.4343303442001343,1.0267657141067705,0.01239663886809706
N4-E36_fold1_seed20261002,N4-E36,1,20261002,2,exact_joint_hurdle_nll,0.7018903965556372,4.43864369392395,1.0562773048877716,1.073898196220398,1.073898196220398,3.382366180419922,0.990857595798519,0.012818778511757112
N4-E36_fold1_seed20261002,N4-E36,1,20261002,3,exact_joint_hurdle_nll,0.7018903965556372,4.391990900039673,1.0181246101856232,1.0355513393878937,1.0355513393878937,3.373865842819214,0.955998700425917,0.013222876784742932
N4-E36_fold1_seed20261002,N4-E36,1,20261002,4,exact_joint_hurdle_nll,0.7018903965556372,4.312081813812256,0.9800436496734619,0.9973544478416443,0.9973544478416443,3.3320380449295044,0.9223559633988867,0.01361268874852816
N4-E36_fold1_seed20261002,N4-E36,1,20261002,5,exact_joint_hurdle_nll,0.7018903965556372,4.255388259887695,0.9434036314487457,0.9605550467967987,0.9605550467967987,3.3119845390319824,0.8908623882995191,0.013902367498444295
N4-E36_fold1_seed20261002,N4-E36,1,20261002,6,exact_joint_hurdle_nll,0.7018903965556372,4.1814985275268555,0.9087231755256653,0.9257439970970154,0.9257439970970154,3.2727755308151245,0.8620522968545377,0.01416892036038918
N4-E36_fold1_seed20261002,N4-E36,1,20261002,7,exact_joint_hurdle_nll,0.7018903965556372,4.131496787071228,0.8767417371273041,0.8935965299606323,0.8935965299606323,3.254755139350891,0.8357526551781668,0.014445498606154773
N4-E36_fold1_seed20261002,N4-E36,1,20261002,8,exact_joint_hurdle_nll,0.7018903965556372,4.092342376708984,0.8476850986480713,0.8644587397575378,0.8644587397575378,3.2446576356887817,0.8113694102828011,0.014755446319045486
N4-E36_fold1_seed20261002,N4-E36,1,20261002,9,exact_joint_hurdle_nll,0.7018903965556372,4.04133927822113,0.8205952942371368,0.8371889293193817,0.8371889293193817,3.220744013786316,0.788318729078924,0.01515653751015935
N4-E36_fold1_seed20261002,N4-E36,1,20261002,10,exact_joint_hurdle_nll,0.7018903965556372,3.9967108964920044,0.7948342263698578,0.8113157749176025,0.8113157749176025,3.201876640319824,0.7662011459902245,0.01543625838325038
N4-E36_fold1_seed20261002,N4-E36,1,20261002,11,exact_joint_hurdle_nll,0.7018903965556372,3.9216095209121704,0.7704465985298157,0.7867723107337952,0.7867723107337952,3.15116286277771,0.7447120130300677,0.014593215020614326
N4-E36_fold1_seed20261002,N4-E36,1,20261002,12,exact_joint_hurdle_nll,0.7018903965556372,3.8827487230300903,0.7464064955711365,0.7626048922538757,0.7626048922538757,3.1363422870635986,0.7235984622769904,0.01409380737060876
N4-E36_fold1_seed20261002,N4-E36,1,20261002,13,exact_joint_hurdle_nll,0.7018903965556372,3.8184372186660767,0.7230920791625977,0.7391575872898102,0.7391575872898102,3.0953452587127686,0.7026845151660325,0.014117357890757682
N4-E36_fold1_seed20261002,N4-E36,1,20261002,14,exact_joint_hurdle_nll,0.7018903965556372,3.7803882360458374,0.7000840902328491,0.7160565555095673,0.7160565555095673,3.0803041458129883,0.6818866165052091,0.014621538219821543
N4-E36_fold1_seed20261002,N4-E36,1,20261002,15,exact_joint_hurdle_nll,0.7018903965556372,3.7159212827682495,0.6777064502239227,0.693480908870697,0.693480908870697,3.038214921951294,0.661217384429232,0.015563483610831416
N4-E36_fold1_seed20261002,N4-E36,1,20261002,16,exact_joint_hurdle_nll,0.7018903965556372,3.6644707918167114,0.6557145416736603,0.6713595390319824,0.6713595390319824,3.0087562799453735,0.6407407743807123,0.016826114820935184
N4-E36_fold1_seed20261002,N4-E36,1,20261002,17,exact_joint_hurdle_nll,0.7018903965556372,3.6154532432556152,0.6337808966636658,0.6493079662322998,0.6493079662322998,2.981672167778015,0.6204971326482648,0.01798919215410443
N4-E36_fold1_seed20261002,N4-E36,1,20261002,18,exact_joint_hurdle_nll,0.7018903965556372,3.575756311416626,0.6128234267234802,0.6282325387001038,0.6282325387001038,2.9629327058792114,0.6005098302173489,0.01844566071137034
N4-E36_fold1_seed20261002,N4-E36,1,20261002,19,exact_joint_hurdle_nll,0.7018903965556372,3.529273748397827,0.5916382670402527,0.6070064902305603,0.6070064902305603,2.93763530254364,0.5808650901905442,0.01811919423734131
N4-E36_fold1_seed20261002,N4-E36,1,20261002,20,exact_joint_hurdle_nll,0.7018903965556372,3.4817973375320435,0.5705335140228271,0.5857228338718414,0.5857228338718414,2.9112638235092163,0.5617832502137232,0.017920687331964218
N4-E36_fold1_seed20261002,N4-E36,1,20261002,21,exact_joint_hurdle_nll,0.7018903965556372,3.453102707862854,0.5501843094825745,0.5652707815170288,0.5652707815170288,2.9029184579849243,0.5435890722533021,0.018068494998627307
N4-E36_fold1_seed20261002,N4-E36,1,20261002,22,exact_joint_hurdle_nll,0.7018903965556372,3.3999876976013184,0.5303040593862534,0.5453189611434937,0.5453189611434937,2.8696837425231934,0.5266348945575161,0.018903161761741925
N4-E36_fold1_seed20261002,N4-E36,1,20261002,23,exact_joint_hurdle_nll,0.7018903965556372,3.3611937761306763,0.5115243792533875,0.5264343023300171,0.5264343023300171,2.849669575691223,0.5110591794250938,0.020137271359357042
N4-E36_fold1_seed20261002,N4-E36,1,20261002,24,exact_joint_hurdle_nll,0.7018903965556372,3.318306565284729,0.4943074584007263,0.5090977549552917,0.5090977549552917,2.823999047279358,0.49678386179687667,0.021911096190514068
N4-E36_fold1_seed20261002,N4-E36,1,20261002,25,exact_joint_hurdle_nll,0.7018903965556372,3.280048966407776,0.47842980921268463,0.4931390881538391,0.4931390881538391,2.8016191720962524,0.48358896511826827,0.024507382169016254
N4-E36_fold1_seed20261002,N4-E36,1,20261002,26,exact_joint_hurdle_nll,0.7018903965556372,3.251894950866699,0.46365348994731903,0.47827258706092834,0.47827258706092834,2.7882415056228638,0.4711602380070367,0.02854533301007328
N4-E36_fold1_seed20261002,N4-E36,1,20261002,27,exact_joint_hurdle_nll,0.7018903965556372,3.234336256980896,0.4495687335729599,0.46411725878715515,0.46411725878715515,2.784767746925354,0.4592011022822417,0.03537619262980626
N4-E36_fold1_seed20261002,N4-E36,1,20261002,28,exact_joint_hurdle_nll,0.7018903965556372,3.1999499797821045,0.4359309822320938,0.45041151344776154,0.45041151344776154,2.764019012451172,0.44752090024943825,0.04793630037146067
N4-E36_fold1_seed20261002,N4-E36,1,20261002,29,exact_joint_hurdle_nll,0.7018903965556372,3.160546064376831,0.42270660400390625,0.4370810091495514,0.4370810091495514,2.7378392219543457,0.43609593702930355,0.06528116819854327
N4-E36_fold1_seed20261002,N4-E36,1,20261002,30,exact_joint_hurdle_nll,0.7018903965556372,3.134348511695862,0.40959401428699493,0.4238862991333008,0.4238862991333008,2.724754214286804,0.4250261434979261,0.08277262484658571
N4-E36_fold1_seed20261002,N4-E36,1,20261002,31,exact_joint_hurdle_nll,0.7018903965556372,3.1008682250976562,0.3971899598836899,0.41135676205158234,0.41135676205158234,2.703678250312805,0.41435650642249766,0.09701065741828996
N4-E36_fold1_seed20261002,N4-E36,1,20261002,32,exact_joint_hurdle_nll,0.7018903965556372,3.0929120779037476,0.38490356504917145,0.3990398943424225,0.3990398943424225,2.7080085277557373,0.40396915489777196,0.10604636917851891
N4-E36_fold1_seed20261002,N4-E36,1,20261002,33,exact_joint_hurdle_nll,0.7018903965556372,3.042110323905945,0.37278683483600616,0.38676653802394867,0.38676653802394867,2.6693239212036133,0.39370488798915354,0.11256668719023581
N4-E36_fold1_seed20261002,N4-E36,1,20261002,34,exact_joint_hurdle_nll,0.7018903965556372,3.03037428855896,0.3608342260122299,0.37473079562187195,0.37473079562187195,2.6695399284362793,0.38352029938689597,0.11872420287386085
N4-E36_fold1_seed20261002,N4-E36,1,20261002,35,exact_joint_hurdle_nll,0.7018903965556372,2.990903854370117,0.3488144278526306,0.3626496195793152,0.3626496195793152,2.6420897245407104,0.3735055876133381,0.12453420530997267
N4-E36_fold1_seed20261002,N4-E36,1,20261002,36,exact_joint_hurdle_nll,0.7018903965556372,2.965119242668152,0.3369590640068054,0.35068827867507935,0.35068827867507935,2.6281603574752808,0.3638303737358418,0.12663758161234778
N4-E36_fold1_seed20261003,N4-E36,1,20261003,1,exact_joint_hurdle_nll,0.7018903965556372,3.415395736694336,0.5812979936599731,0.5961800813674927,0.5961800813674927,2.8340975046157837,0.6332385842590984,0.02413589168395287
N4-E36_fold1_seed20261003,N4-E36,1,20261003,2,exact_joint_hurdle_nll,0.7018903965556372,3.385915994644165,0.556062787771225,0.5709330141544342,0.5709330141544342,2.829852819442749,0.6051054638784819,0.01868961352857154
N4-E36_fold1_seed20261003,N4-E36,1,20261003,3,exact_joint_hurdle_nll,0.7018903965556372,3.3614540100097656,0.5317420959472656,0.546623706817627,0.546623706817627,2.8297119140625,0.579233632090967,0.015813332803303555
N4-E36_fold1_seed20261003,N4-E36,1,20261003,4,exact_joint_hurdle_nll,0.7018903965556372,3.346073627471924,0.5082530379295349,0.523158997297287,0.523158997297287,2.8378207683563232,0.5554563937869037,0.014022340323647325
N4-E36_fold1_seed20261003,N4-E36,1,20261003,5,exact_joint_hurdle_nll,0.7018903965556372,3.3184070587158203,0.4862041622400284,0.5010862052440643,0.5010862052440643,2.8322030305862427,0.5334651295234258,0.012657771889846474
N4-E36_fold1_seed20261003,N4-E36,1,20261003,6,exact_joint_hurdle_nll,0.7018903965556372,3.2912241220474243,0.46596352756023407,0.4808495193719864,0.4808495193719864,2.8252605199813843,0.5128299286755881,0.011732751719716772
N4-E36_fold1_seed20261003,N4-E36,1,20261003,7,exact_joint_hurdle_nll,0.7018903965556372,3.2877185344696045,0.4472965598106384,0.462182953953743,0.462182953953743,2.8404219150543213,0.49311166269997014,0.011119529061644415
N4-E36_fold1_seed20261003,N4-E36,1,20261003,8,exact_joint_hurdle_nll,0.7018903965556372,3.262090802192688,0.42996127903461456,0.44485820829868317,0.44485820829868317,2.8321293592453003,0.4740179698042977,0.010690874826822022
N4-E36_fold1_seed20261003,N4-E36,1,20261003,9,exact_joint_hurdle_nll,0.7018903965556372,3.2570486068725586,0.4133089482784271,0.4281589239835739,0.4281589239835739,2.843739628791809,0.4554930360025509,0.010381937108604179
N4-E36_fold1_seed20261003,N4-E36,1,20261003,10,exact_joint_hurdle_nll,0.7018903965556372,3.229013442993164,0.39761048555374146,0.4124913066625595,0.4124913066625595,2.831402897834778,0.4376363142644439,0.010191058739236323
N4-E36_fold1_seed20261003,N4-E36,1,20261003,11,exact_joint_hurdle_nll,0.7018903965556372,3.1922675371170044,0.3825661987066269,0.3973858654499054,0.3973858654499054,2.809701442718506,0.4206703036548201,0.010129709293045606
N4-E36_fold1_seed20261003,N4-E36,1,20261003,12,exact_joint_hurdle_nll,0.7018903965556372,3.184697151184082,0.36819639801979065,0.38303180038928986,0.38303180038928986,2.8165009021759033,0.404722062613497,0.010254735640188011
N4-E36_fold1_seed20261003,N4-E36,1,20261003,13,exact_joint_hurdle_nll,0.7018903965556372,3.18836772441864,0.35432957112789154,0.3692115545272827,0.3692115545272827,2.8340377807617188,0.38966249886666837,0.010594464222167305
N4-E36_fold1_seed20261003,N4-E36,1,20261003,14,exact_joint_hurdle_nll,0.7018903965556372,3.1595678329467773,0.3407495319843292,0.35561636090278625,0.35561636090278625,2.8188183307647705,0.3752083066293151,0.011163302584771956
N4-E36_fold1_seed20261003,N4-E36,1,20261003,15,exact_joint_hurdle_nll,0.7018903965556372,3.149242877960205,0.32723893225193024,0.3421017527580261,0.3421017527580261,2.822003960609436,0.3612621407547319,0.01203965598327715
N4-E36_fold1_seed20261003,N4-E36,1,20261003,16,exact_joint_hurdle_nll,0.7018903965556372,3.1237937211990356,0.3138606995344162,0.3287148028612137,0.3287148028612137,2.8099327087402344,0.3480194984962677,0.013299355237164119
N4-E36_fold1_seed20261003,N4-E36,1,20261003,17,exact_joint_hurdle_nll,0.7018903965556372,3.1254770755767822,0.3002351373434067,0.3150955140590668,0.3150955140590668,2.825241804122925,0.3355435323267434,0.015076268954268699
N4-E36_fold1_seed20261003,N4-E36,1,20261003,18,exact_joint_hurdle_nll,0.7018903965556372,3.1205090284347534,0.2866932153701782,0.3015836924314499,0.3015836924314499,2.833815574645996,0.323688149258822,0.01755466314715587
N4-E36_fold1_seed20261003,N4-E36,1,20261003,19,exact_joint_hurdle_nll,0.7018903965556372,3.0899020433425903,0.2734145373106003,0.28824982047080994,0.28824982047080994,2.816487431526184,0.3123189853584702,0.020729790896753496
N4-E36_fold1_seed20261003,N4-E36,1,20261003,20,exact_joint_hurdle_nll,0.7018903965556372,3.090524196624756,0.2606583535671234,0.2754543423652649,0.2754543423652649,2.829866051673889,0.3013575187848699,0.024321049815324403
N4-E36_fold1_seed20261003,N4-E36,1,20261003,21,exact_joint_hurdle_nll,0.7018903965556372,3.0669877529144287,0.24852479994297028,0.2633424252271652,0.2633424252271652,2.8184629678726196,0.2907889606911299,0.027714032294310357
N4-E36_fold1_seed20261003,N4-E36,1,20261003,22,exact_joint_hurdle_nll,0.7018903965556372,3.0599533319473267,0.2374623790383339,0.252236507833004,0.252236507833004,2.822490930557251,0.2807847363309823,0.03011729603681509
N4-E36_fold1_seed20261003,N4-E36,1,20261003,23,exact_joint_hurdle_nll,0.7018903965556372,3.0305553674697876,0.2272852137684822,0.24203438311815262,0.24203438311815262,2.8032705783843994,0.2715276971756714,0.031121290562465643
N4-E36_fold1_seed20261003,N4-E36,1,20261003,24,exact_joint_hurdle_nll,0.7018903965556372,3.0229475498199463,0.21788111329078674,0.2326076477766037,0.2326076477766037,2.805066227912903,0.2629198103924776,0.031183832055885114
N4-E36_fold1_seed20261003,N4-E36,1,20261003,25,exact_joint_hurdle_nll,0.7018903965556372,3.009441614151001,0.209212027490139,0.22395525872707367,0.22395525872707367,2.8002296686172485,0.2547410670990223,0.031297825861857066
N4-E36_fold1_seed20261003,N4-E36,1,20261003,26,exact_joint_hurdle_nll,0.7018903965556372,2.993710160255432,0.20103275030851364,0.21573028713464737,0.21573028713464737,2.7926772832870483,0.2468553427938942,0.031967937891756906
N4-E36_fold1_seed20261003,N4-E36,1,20261003,27,exact_joint_hurdle_nll,0.7018903965556372,2.987108826637268,0.1932559534907341,0.20784655958414078,0.20784655958414078,2.793852686882019,0.23924951253451682,0.033143849423501286
N4-E36_fold1_seed20261003,N4-E36,1,20261003,28,exact_joint_hurdle_nll,0.7018903965556372,2.978102922439575,0.18578696995973587,0.20031823962926865,0.20031823962926865,2.79231595993042,0.23205059306287512,0.034494582265008414
N4-E36_fold1_seed20261003,N4-E36,1,20261003,29,exact_joint_hurdle_nll,0.7018903965556372,2.9543251991271973,0.1788267269730568,0.1933131366968155,0.1933131366968155,2.7754982709884644,0.2254330336329942,0.03579409373454728
N4-E36_fold1_seed20261003,N4-E36,1,20261003,30,exact_joint_hurdle_nll,0.7018903965556372,2.933894395828247,0.1724705696105957,0.18690621852874756,0.18690621852874756,2.761423945426941,0.2194362767087768,0.03782060793505925
N4-E36_fold1_seed20261003,N4-E36,1,20261003,31,exact_joint_hurdle_nll,0.7018903965556372,2.9315167665481567,0.16658500581979752,0.18100450187921524,0.18100450187921524,2.7649319171905518,0.21406245167153934,0.0410018327662102
N4-E36_fold1_seed20261003,N4-E36,1,20261003,32,exact_joint_hurdle_nll,0.7018903965556372,2.901711583137512,0.16105980426073074,0.1753450259566307,0.1753450259566307,2.740651845932007,0.20923869470314058,0.04509523652598486
N4-E36_fold1_seed20261003,N4-E36,1,20261003,33,exact_joint_hurdle_nll,0.7018903965556372,2.893722176551819,0.15590228885412216,0.17012926936149597,0.17012926936149597,2.7378196716308594,0.20481533420346604,0.04977849232803835
N4-E36_fold1_seed20261003,N4-E36,1,20261003,34,exact_joint_hurdle_nll,0.7018903965556372,2.862328290939331,0.15102867037057877,0.16520734131336212,0.16520734131336212,2.7112996578216553,0.20067524334652484,0.05475387022185083
N4-E36_fold1_seed20261003,N4-E36,1,20261003,35,exact_joint_hurdle_nll,0.7018903965556372,2.845704436302185,0.14651508629322052,0.16059496253728867,0.16059496253728867,2.699189305305481,0.19675811855996655,0.06007016711194875
N4-E36_fold1_seed20261003,N4-E36,1,20261003,36,exact_joint_hurdle_nll,0.7018903965556372,2.833579421043396,0.14224160462617874,0.1562793031334877,0.1562793031334877,2.6913377046585083,0.19307760531377552,0.06595362325362662
N4-E36_fold1_seed20261004,N4-E36,1,20261004,1,exact_joint_hurdle_nll,0.7018903965556372,3.9797199964523315,1.0099861919879913,1.025452882051468,1.025452882051468,2.969733476638794,1.0675845564426607,0.024546346596661082
N4-E36_fold1_seed20261004,N4-E36,1,20261004,2,exact_joint_hurdle_nll,0.7018903965556372,3.9428869485855103,0.9798055291175842,0.9951429963111877,0.9951429963111877,2.963081121444702,1.04068345350688,0.023761260219926448
N4-E36_fold1_seed20261004,N4-E36,1,20261004,3,exact_joint_hurdle_nll,0.7018903965556372,3.8809584379196167,0.9517292380332947,0.9669747352600098,0.9669747352600098,2.929228901863098,1.0149018880671268,0.023212534077249616
N4-E36_fold1_seed20261004,N4-E36,1,20261004,4,exact_joint_hurdle_nll,0.7018903965556372,3.84005868434906,0.9249564409255981,0.9401213526725769,0.9401213526725769,2.9151021242141724,0.989823197282733,0.022414720834301682
N4-E36_fold1_seed20261004,N4-E36,1,20261004,5,exact_joint_hurdle_nll,0.7018903965556372,3.793801426887512,0.8990473747253418,0.9141268730163574,0.9141268730163574,2.894753932952881,0.9654068884189779,0.02148237864453759
N4-E36_fold1_seed20261004,N4-E36,1,20261004,6,exact_joint_hurdle_nll,0.7018903965556372,3.735682249069214,0.8732370138168335,0.8881925344467163,0.8881925344467163,2.86244535446167,0.9415554123645241,0.019904635031851498
N4-E36_fold1_seed20261004,N4-E36,1,20261004,7,exact_joint_hurdle_nll,0.7018903965556372,3.7081700563430786,0.8486501574516296,0.8635174036026001,0.8635174036026001,2.859520196914673,0.9181198219281745,0.01780783310659005
N4-E36_fold1_seed20261004,N4-E36,1,20261004,8,exact_joint_hurdle_nll,0.7018903965556372,3.669171690940857,0.8239974677562714,0.8388005793094635,0.8388005793094635,2.8451740741729736,0.8949464265383333,0.015886673560327486
N4-E36_fold1_seed20261004,N4-E36,1,20261004,9,exact_joint_hurdle_nll,0.7018903965556372,3.6272215843200684,0.7996498048305511,0.8144132196903229,0.8144132196903229,2.827571749687195,0.8718836562017086,0.01424042857967103
N4-E36_fold1_seed20261004,N4-E36,1,20261004,10,exact_joint_hurdle_nll,0.7018903965556372,3.5979284048080444,0.7750458419322968,0.7897450625896454,0.7897450625896454,2.8228824138641357,0.8487739793345812,0.013007432672235739
N4-E36_fold1_seed20261004,N4-E36,1,20261004,11,exact_joint_hurdle_nll,0.7018903965556372,3.551662802696228,0.7504829168319702,0.7650693356990814,0.7650693356990814,2.801179885864258,0.8254514176914834,0.012111167354007408
N4-E36_fold1_seed20261004,N4-E36,1,20261004,12,exact_joint_hurdle_nll,0.7018903965556372,3.5138156414031982,0.7260333895683289,0.7405405938625336,0.7405405938625336,2.787782311439514,0.8017143649698557,0.011639867746149307
N4-E36_fold1_seed20261004,N4-E36,1,20261004,13,exact_joint_hurdle_nll,0.7018903965556372,3.4689019918441772,0.7008468210697174,0.7153103649616241,0.7153103649616241,2.7680553197860718,0.7772703337714709,0.011593240460467901
N4-E36_fold1_seed20261004,N4-E36,1,20261004,14,exact_joint_hurdle_nll,0.7018903965556372,3.4412204027175903,0.6751881837844849,0.6896226108074188,0.6896226108074188,2.7660322189331055,0.7516592935902092,0.012003472996012694
N4-E36_fold1_seed20261004,N4-E36,1,20261004,15,exact_joint_hurdle_nll,0.7018903965556372,3.3888152837753296,0.649085283279419,0.6634339094161987,0.6634339094161987,2.7397302389144897,0.7243260778198998,0.013151184576722211
N4-E36_fold1_seed20261004,N4-E36,1,20261004,16,exact_joint_hurdle_nll,0.7018903965556372,3.359577178955078,0.622092604637146,0.6363808214664459,0.6363808214664459,2.7374844551086426,0.6948780589838992,0.01564964284534434
N4-E36_fold1_seed20261004,N4-E36,1,20261004,17,exact_joint_hurdle_nll,0.7018903965556372,3.3327382802963257,0.5951461493968964,0.609380841255188,0.609380841255188,2.7375922203063965,0.6634769893082472,0.020361129735433928
N4-E36_fold1_seed20261004,N4-E36,1,20261004,18,exact_joint_hurdle_nll,0.7018903965556372,3.2860041856765747,0.567767322063446,0.5819477438926697,0.5819477438926697,2.7182366847991943,0.6310589135991866,0.025839951046225145
N4-E36_fold1_seed20261004,N4-E36,1,20261004,19,exact_joint_hurdle_nll,0.7018903965556372,3.256603956222534,0.5402361154556274,0.5543796122074127,0.5543796122074127,2.7163676023483276,0.5987543529853644,0.030498089638352696
N4-E36_fold1_seed20261004,N4-E36,1,20261004,20,exact_joint_hurdle_nll,0.7018903965556372,3.2188717126846313,0.5131422281265259,0.5272724032402039,0.5272724032402039,2.7057294845581055,0.567287838927016,0.03269626334849281
N4-E36_fold1_seed20261004,N4-E36,1,20261004,21,exact_joint_hurdle_nll,0.7018903965556372,3.1892142295837402,0.48708371818065643,0.5011624693870544,0.5011624693870544,2.702130436897278,0.5372027975887156,0.029684454259275798
N4-E36_fold1_seed20261004,N4-E36,1,20261004,22,exact_joint_hurdle_nll,0.7018903965556372,3.164036273956299,0.4620683640241623,0.4761435240507126,0.4761435240507126,2.70196795463562,0.5095402086068914,0.02481136896538472
N4-E36_fold1_seed20261004,N4-E36,1,20261004,23,exact_joint_hurdle_nll,0.7018903965556372,3.1607186794281006,0.4390018433332443,0.45306622982025146,0.45306622982025146,2.721716523170471,0.48492338590202566,0.02027456094213212
N4-E36_fold1_seed20261004,N4-E36,1,20261004,24,exact_joint_hurdle_nll,0.7018903965556372,3.1279170513153076,0.4169127941131592,0.4309469312429428,0.4309469312429428,2.7110042572021484,0.4624073996666384,0.0162795342993317
N4-E36_fold1_seed20261004,N4-E36,1,20261004,25,exact_joint_hurdle_nll,0.7018903965556372,3.08441698551178,0.3954392373561859,0.4094523787498474,0.4094523787498474,2.688977599143982,0.4412003907896127,0.01298876841927796
N4-E36_fold1_seed20261004,N4-E36,1,20261004,26,exact_joint_hurdle_nll,0.7018903965556372,3.05353844165802,0.37501250207424164,0.38896550238132477,0.38896550238132477,2.6785261631011963,0.42139698518164526,0.01062461607620134
N4-E36_fold1_seed20261004,N4-E36,1,20261004,27,exact_joint_hurdle_nll,0.7018903965556372,3.0347890853881836,0.3557043671607971,0.36962851881980896,0.36962851881980896,2.6790850162506104,0.40315240668647523,0.009963902343278258
N4-E36_fold1_seed20261004,N4-E36,1,20261004,28,exact_joint_hurdle_nll,0.7018903965556372,2.992829918861389,0.33773915469646454,0.3516192138195038,0.3516192138195038,2.655090808868408,0.3863033504598266,0.009873703021110845
N4-E36_fold1_seed20261004,N4-E36,1,20261004,29,exact_joint_hurdle_nll,0.7018903965556372,2.969007134437561,0.32138286530971527,0.33522504568099976,0.33522504568099976,2.647623896598816,0.37059741888604725,0.01007788310437059
N4-E36_fold1_seed20261004,N4-E36,1,20261004,30,exact_joint_hurdle_nll,0.7018903965556372,2.9353145360946655,0.30623261630535126,0.3199925124645233,0.3199925124645233,2.629081964492798,0.35583382106708206,0.010422585222989587
N4-E36_fold1_seed20261004,N4-E36,1,20261004,31,exact_joint_hurdle_nll,0.7018903965556372,2.9278639554977417,0.29208965599536896,0.3057854473590851,0.3057854473590851,2.6357743740081787,0.3419246282839828,0.010900600057155888
N4-E36_fold1_seed20261004,N4-E36,1,20261004,32,exact_joint_hurdle_nll,0.7018903965556372,2.8796119689941406,0.27898429334163666,0.29261282086372375,0.29261282086372375,2.6006277799606323,0.3287832024162109,0.011820281406519584
N4-E36_fold1_seed20261004,N4-E36,1,20261004,33,exact_joint_hurdle_nll,0.7018903965556372,2.8764867782592773,0.2667018324136734,0.28028905391693115,0.28028905391693115,2.609784960746765,0.3163149873020583,0.013706843356979864
N4-E36_fold1_seed20261004,N4-E36,1,20261004,34,exact_joint_hurdle_nll,0.7018903965556372,2.8305368423461914,0.25550107657909393,0.2690141797065735,0.2690141797065735,2.5750354528427124,0.30439522200670177,0.017868110385078094
N4-E36_fold1_seed20261004,N4-E36,1,20261004,35,exact_joint_hurdle_nll,0.7018903965556372,2.8089405298233032,0.24505238234996796,0.2584794610738754,0.2584794610738754,2.5638880729675293,0.2929025864893763,0.02576994299764431
N4-E36_fold1_seed20261004,N4-E36,1,20261004,36,exact_joint_hurdle_nll,0.7018903965556372,2.7940784692764282,0.23534511029720306,0.24875829368829727,0.24875829368829727,2.558733344078064,0.28179612999218673,0.03957132438992512
N4-E36_fold1_seed20261005,N4-E36,1,20261005,1,exact_joint_hurdle_nll,0.7018903965556372,3.245753526687622,0.5069041848182678,0.521278589963913,0.521278589963913,2.7388490438461304,0.5539795657772177,0.02709212948623556
N4-E36_fold1_seed20261005,N4-E36,1,20261005,2,exact_joint_hurdle_nll,0.7018903965556372,3.213411569595337,0.4872213155031204,0.5014944970607758,0.5014944970607758,2.7261900901794434,0.5329951428026287,0.03514534416197253
N4-E36_fold1_seed20261005,N4-E36,1,20261005,3,exact_joint_hurdle_nll,0.7018903965556372,3.168027877807617,0.46853072941303253,0.4826984852552414,0.4826984852552414,2.69949734210968,0.5133060409767215,0.04598386578419277
N4-E36_fold1_seed20261005,N4-E36,1,20261005,4,exact_joint_hurdle_nll,0.7018903965556372,3.1526981592178345,0.4507388323545456,0.4648471474647522,0.4648471474647522,2.7019591331481934,0.4951191695956342,0.05480678335350242
N4-E36_fold1_seed20261005,N4-E36,1,20261005,5,exact_joint_hurdle_nll,0.7018903965556372,3.108778476715088,0.4340071827173233,0.44805140793323517,0.44805140793323517,2.674771308898926,0.47841585766628264,0.05921217764341587
N4-E36_fold1_seed20261005,N4-E36,1,20261005,6,exact_joint_hurdle_nll,0.7018903965556372,3.082486152648926,0.41797585785388947,0.4319649338722229,0.4319649338722229,2.6645103693008423,0.4629936654884258,0.06250418904458678
N4-E36_fold1_seed20261005,N4-E36,1,20261005,7,exact_joint_hurdle_nll,0.7018903965556372,3.058372378349304,0.40298260748386383,0.4168527126312256,0.4168527126312256,2.655389904975891,0.44866009671091356,0.06789290515069359
N4-E36_fold1_seed20261005,N4-E36,1,20261005,8,exact_joint_hurdle_nll,0.7018903965556372,3.049938440322876,0.3886859565973282,0.4025459736585617,0.4025459736585617,2.661252498626709,0.4352343234741683,0.07607030820976869
N4-E36_fold1_seed20261005,N4-E36,1,20261005,9,exact_joint_hurdle_nll,0.7018903965556372,3.011627435684204,0.3749367296695709,0.3887496888637543,0.3887496888637543,2.636690616607666,0.42250667167692163,0.08403408799522646
N4-E36_fold1_seed20261005,N4-E36,1,20261005,10,exact_joint_hurdle_nll,0.7018903965556372,2.9949311017990112,0.3618060499429703,0.37552399933338165,0.37552399933338165,2.633124828338623,0.41025601101854536,0.09006969983285869
N4-E36_fold1_seed20261005,N4-E36,1,20261005,11,exact_joint_hurdle_nll,0.7018903965556372,2.9508944749832153,0.3493809401988983,0.36301277577877045,0.36301277577877045,2.6015135049819946,0.3982606855552994,0.09390586574601628
N4-E36_fold1_seed20261005,N4-E36,1,20261005,12,exact_joint_hurdle_nll,0.7018903965556372,2.932251453399658,0.33731143176555634,0.35087263584136963,0.35087263584136963,2.594939947128296,0.3863183303647589,0.09485772434402817
N4-E36_fold1_seed20261005,N4-E36,1,20261005,13,exact_joint_hurdle_nll,0.7018903965556372,2.910860300064087,0.325138121843338,0.3386389762163162,0.3386389762163162,2.5857222080230713,0.37428032699895186,0.093097403050703
N4-E36_fold1_seed20261005,N4-E36,1,20261005,14,exact_joint_hurdle_nll,0.7018903965556372,2.890507221221924,0.31312015652656555,0.3265548050403595,0.3265548050403595,2.577386975288391,0.36208059047727054,0.09076273087459479
N4-E36_fold1_seed20261005,N4-E36,1,20261005,15,exact_joint_hurdle_nll,0.7018903965556372,2.8596383333206177,0.30101025104522705,0.3143797665834427,0.3143797665834427,2.5586278438568115,0.3497421470293056,0.08857916264289364
N4-E36_fold1_seed20261005,N4-E36,1,20261005,16,exact_joint_hurdle_nll,0.7018903965556372,2.8300070762634277,0.2884152978658676,0.30173541605472565,0.30173541605472565,2.5415916442871094,0.3372435613880412,0.08596539313249256
N4-E36_fold1_seed20261005,N4-E36,1,20261005,17,exact_joint_hurdle_nll,0.7018903965556372,2.8121947050094604,0.27608296275138855,0.28933586180210114,0.28933586180210114,2.53611159324646,0.3243600942264916,0.0846491183022677
N4-E36_fold1_seed20261005,N4-E36,1,20261005,18,exact_joint_hurdle_nll,0.7018903965556372,2.7876498699188232,0.2637723535299301,0.27696657180786133,0.27696657180786133,2.523877501487732,0.31097889333546247,0.08473884893692553
N4-E36_fold1_seed20261005,N4-E36,1,20261005,19,exact_joint_hurdle_nll,0.7018903965556372,2.7760757207870483,0.2517012655735016,0.2648664861917496,0.2648664861917496,2.524374485015869,0.29761357772655384,0.08362363764266863
N4-E36_fold1_seed20261005,N4-E36,1,20261005,20,exact_joint_hurdle_nll,0.7018903965556372,2.7373708486557007,0.23991608619689941,0.25300169736146927,0.25300169736146927,2.497454881668091,0.28511278874316204,0.08082744111394186
N4-E36_fold1_seed20261005,N4-E36,1,20261005,21,exact_joint_hurdle_nll,0.7018903965556372,2.7104389667510986,0.22851747274398804,0.24157500267028809,0.24157500267028809,2.4819213151931763,0.2738652164538077,0.07946678835398115
N4-E36_fold1_seed20261005,N4-E36,1,20261005,22,exact_joint_hurdle_nll,0.7018903965556372,2.7011473178863525,0.21769841015338898,0.23072264343500137,0.23072264343500137,2.483449101448059,0.2638263377202446,0.0809948485184676
N4-E36_fold1_seed20261005,N4-E36,1,20261005,23,exact_joint_hurdle_nll,0.7018903965556372,2.6820379495620728,0.20710226893424988,0.2201073244214058,0.2201073244214058,2.47493577003479,0.2548075266754167,0.08623551696653488
N4-E36_fold1_seed20261005,N4-E36,1,20261005,24,exact_joint_hurdle_nll,0.7018903965556372,2.6704307794570923,0.19707400351762772,0.21004025638103485,0.21004025638103485,2.47335684299469,0.24654517467341788,0.0967243379919808
N4-E36_fold1_seed20261005,N4-E36,1,20261005,25,exact_joint_hurdle_nll,0.7018903965556372,2.6598799228668213,0.1876349076628685,0.20059628039598465,0.20059628039598465,2.4722448587417603,0.23872765124363501,0.1116539996345026
N4-E36_fold1_seed20261005,N4-E36,1,20261005,26,exact_joint_hurdle_nll,0.7018903965556372,2.6477200984954834,0.1786997765302658,0.1916610673069954,0.1916610673069954,2.4690200090408325,0.2311400658276385,0.12862311188343062
N4-E36_fold1_seed20261005,N4-E36,1,20261005,27,exact_joint_hurdle_nll,0.7018903965556372,2.6338746547698975,0.17029262334108353,0.18321909755468369,0.18321909755468369,2.4635820388793945,0.22374540557268513,0.14427692946891837
N4-E36_fold1_seed20261005,N4-E36,1,20261005,28,exact_joint_hurdle_nll,0.7018903965556372,2.6173181533813477,0.1625056266784668,0.17540518194437027,0.17540518194437027,2.4548124074935913,0.21666717596408056,0.15518182523697027
N4-E36_fold1_seed20261005,N4-E36,1,20261005,29,exact_joint_hurdle_nll,0.7018903965556372,2.606881856918335,0.1551515981554985,0.16805557906627655,0.16805557906627655,2.451730489730835,0.2100494947927289,0.1593058533072574
N4-E36_fold1_seed20261005,N4-E36,1,20261005,30,exact_joint_hurdle_nll,0.7018903965556372,2.6106842756271362,0.14839881658554077,0.1612888127565384,0.1612888127565384,2.4622853994369507,0.20392732555067672,0.15914772222118803
N4-E36_fold1_seed20261005,N4-E36,1,20261005,31,exact_joint_hurdle_nll,0.7018903965556372,2.5939821004867554,0.14216187596321106,0.1550242230296135,0.1550242230296135,2.4518202543258667,0.19824976374446243,0.1586704149446759
N4-E36_fold1_seed20261005,N4-E36,1,20261005,32,exact_joint_hurdle_nll,0.7018903965556372,2.577351450920105,0.13629847019910812,0.14910564571619034,0.14910564571619034,2.4410531520843506,0.19297185251896667,0.155733958365253
N4-E36_fold1_seed20261005,N4-E36,1,20261005,33,exact_joint_hurdle_nll,0.7018903965556372,2.583845615386963,0.13089389726519585,0.14368150383234024,0.14368150383234024,2.4529515504837036,0.18804365254195038,0.14722489237225536
N4-E36_fold1_seed20261005,N4-E36,1,20261005,34,exact_joint_hurdle_nll,0.7018903965556372,2.548858880996704,0.12582017108798027,0.13854997977614403,0.13854997977614403,2.4230387210845947,0.18331600293461986,0.14145681893462142
N4-E36_fold1_seed20261005,N4-E36,1,20261005,35,exact_joint_hurdle_nll,0.7018903965556372,2.5347267389297485,0.12111460790038109,0.13379420340061188,0.13379420340061188,2.4136122465133667,0.17868002653052686,0.1412661680006983
N4-E36_fold1_seed20261005,N4-E36,1,20261005,36,exact_joint_hurdle_nll,0.7018903965556372,2.524773120880127,0.11661961674690247,0.12926442176103592,0.12926442176103592,2.4081532955169678,0.1743229569284224,0.14056972588582548
N4-E36_fold1_seed20261006,N4-E36,1,20261006,1,exact_joint_hurdle_nll,0.7018903965556372,3.444645404815674,0.5025046169757843,0.5177851319313049,0.5177851319313049,2.942140579223633,0.5002367398192704,0.010058808983230166
N4-E36_fold1_seed20261006,N4-E36,1,20261006,2,exact_joint_hurdle_nll,0.7018903965556372,3.4105716943740845,0.482836589217186,0.4980546832084656,0.4980546832084656,2.927735209465027,0.48504934563925944,0.00982791851651927
N4-E36_fold1_seed20261006,N4-E36,1,20261006,3,exact_joint_hurdle_nll,0.7018903965556372,3.384573817253113,0.46455439925193787,0.4796329289674759,0.4796329289674759,2.920019507408142,0.47041276904376744,0.00970715274886448
N4-E36_fold1_seed20261006,N4-E36,1,20261006,4,exact_joint_hurdle_nll,0.7018903965556372,3.3641170263290405,0.44646286964416504,0.46148039400577545,0.46148039400577545,2.917654037475586,0.45588533782781293,0.009683466724010565
N4-E36_fold1_seed20261006,N4-E36,1,20261006,5,exact_joint_hurdle_nll,0.7018903965556372,3.299572706222534,0.4291260540485382,0.4440139979124069,0.4440139979124069,2.870446801185608,0.4413290396997588,0.009701755567989533
N4-E36_fold1_seed20261006,N4-E36,1,20261006,6,exact_joint_hurdle_nll,0.7018903965556372,3.2540911436080933,0.4115001708269119,0.42628462612628937,0.42628462612628937,2.8425909280776978,0.42653002444698485,0.009802581484703737
N4-E36_fold1_seed20261006,N4-E36,1,20261006,7,exact_joint_hurdle_nll,0.7018903965556372,3.2194197177886963,0.3941008299589157,0.40879976749420166,0.40879976749420166,2.8253188133239746,0.4112624820314119,0.010106059448747038
N4-E36_fold1_seed20261006,N4-E36,1,20261006,8,exact_joint_hurdle_nll,0.7018903965556372,3.1819863319396973,0.37675808370113373,0.3913979083299637,0.3913979083299637,2.805228114128113,0.39548861443754774,0.01078417903451451
N4-E36_fold1_seed20261006,N4-E36,1,20261006,9,exact_joint_hurdle_nll,0.7018903965556372,3.1315653324127197,0.359327957034111,0.3738738000392914,0.3738738000392914,2.7722373008728027,0.37951432522170364,0.011928258033718074
N4-E36_fold1_seed20261006,N4-E36,1,20261006,10,exact_joint_hurdle_nll,0.7018903965556372,3.105058193206787,0.3426995724439621,0.3571271747350693,0.3571271747350693,2.7623586654663086,0.3642113631735972,0.013165536329190389
N4-E36_fold1_seed20261006,N4-E36,1,20261006,11,exact_joint_hurdle_nll,0.7018903965556372,3.050900101661682,0.3266296833753586,0.3409423232078552,0.3409423232078552,2.724270224571228,0.35032749449139483,0.01395275736303711
N4-E36_fold1_seed20261006,N4-E36,1,20261006,12,exact_joint_hurdle_nll,0.7018903965556372,3.038088083267212,0.31137821078300476,0.32562343776226044,0.32562343776226044,2.7267098426818848,0.3379235504640202,0.014212295973516115
N4-E36_fold1_seed20261006,N4-E36,1,20261006,13,exact_joint_hurdle_nll,0.7018903965556372,3.012331247329712,0.2966064214706421,0.31078262627124786,0.31078262627124786,2.7157249450683594,0.3266326128553099,0.014138732004415934
N4-E36_fold1_seed20261006,N4-E36,1,20261006,14,exact_joint_hurdle_nll,0.7018903965556372,2.999868154525757,0.28261567652225494,0.2967519760131836,0.2967519760131836,2.7172523736953735,0.31597077195111234,0.013912951306679196
N4-E36_fold1_seed20261006,N4-E36,1,20261006,15,exact_joint_hurdle_nll,0.7018903965556372,2.9655009508132935,0.2691154479980469,0.28317128121852875,0.28317128121852875,2.6963855028152466,0.3055846154352198,0.013574668892439096
N4-E36_fold1_seed20261006,N4-E36,1,20261006,16,exact_joint_hurdle_nll,0.7018903965556372,2.939840316772461,0.25620800256729126,0.2702554315328598,0.2702554315328598,2.6836323738098145,0.295256816054023,0.013137595213380255
N4-E36_fold1_seed20261006,N4-E36,1,20261006,17,exact_joint_hurdle_nll,0.7018903965556372,2.9291954040527344,0.24352682381868362,0.25753191858530045,0.25753191858530045,2.6856685876846313,0.28489878304335964,0.01274261669387728
N4-E36_fold1_seed20261006,N4-E36,1,20261006,18,exact_joint_hurdle_nll,0.7018903965556372,2.9055023193359375,0.23127662390470505,0.2452828586101532,0.2452828586101532,2.6742255687713623,0.274554567690766,0.01249439308262323
N4-E36_fold1_seed20261006,N4-E36,1,20261006,19,exact_joint_hurdle_nll,0.7018903965556372,2.9115811586380005,0.21902111172676086,0.2330273985862732,0.2330273985862732,2.6925599575042725,0.26431879142687875,0.012364758092492332
N4-E36_fold1_seed20261006,N4-E36,1,20261006,20,exact_joint_hurdle_nll,0.7018903965556372,2.868617534637451,0.207504004240036,0.22144537419080734,0.22144537419080734,2.6611138582229614,0.25421884206636625,0.012353413166313503
N4-E36_fold1_seed20261006,N4-E36,1,20261006,21,exact_joint_hurdle_nll,0.7018903965556372,2.8553789854049683,0.19623035937547684,0.21014802157878876,0.21014802157878876,2.659148335456848,0.24436582495261785,0.01247750689530519
N4-E36_fold1_seed20261006,N4-E36,1,20261006,22,exact_joint_hurdle_nll,0.7018903965556372,2.8405656814575195,0.1856856644153595,0.1995914876461029,0.1995914876461029,2.6548800468444824,0.23494002234483558,0.012689631313787057
N4-E36_fold1_seed20261006,N4-E36,1,20261006,23,exact_joint_hurdle_nll,0.7018903965556372,2.832732081413269,0.175667405128479,0.18955321609973907,0.18955321609973907,2.6570647954940796,0.22608689356541029,0.012960108832660426
N4-E36_fold1_seed20261006,N4-E36,1,20261006,24,exact_joint_hurdle_nll,0.7018903965556372,2.8108928203582764,0.1662832498550415,0.18014223873615265,0.18014223873615265,2.6446096897125244,0.21784452117045608,0.013378655234074676
N4-E36_fold1_seed20261006,N4-E36,1,20261006,25,exact_joint_hurdle_nll,0.7018903965556372,2.791891932487488,0.15756893903017044,0.17135515809059143,0.17135515809059143,2.6343228816986084,0.21023937450137584,0.014066127749733218
N4-E36_fold1_seed20261006,N4-E36,1,20261006,26,exact_joint_hurdle_nll,0.7018903965556372,2.7665810585021973,0.14943429082632065,0.16316334158182144,0.16316334158182144,2.6171467304229736,0.20338327234429068,0.015079506094015637
N4-E36_fold1_seed20261006,N4-E36,1,20261006,27,exact_joint_hurdle_nll,0.7018903965556372,2.76037859916687,0.14215079694986343,0.15589570999145508,0.15589570999145508,2.61822772026062,0.19732426032971395,0.016322745263293772
N4-E36_fold1_seed20261006,N4-E36,1,20261006,28,exact_joint_hurdle_nll,0.7018903965556372,2.7441314458847046,0.13566163927316666,0.14932803064584732,0.14932803064584732,2.608469605445862,0.1919448522302863,0.017822856822615578
N4-E36_fold1_seed20261006,N4-E36,1,20261006,29,exact_joint_hurdle_nll,0.7018903965556372,2.728735327720642,0.1297840215265751,0.14343637973070145,0.14343637973070145,2.598951578140259,0.18709431498381357,0.019586769479377243
N4-E36_fold1_seed20261006,N4-E36,1,20261006,30,exact_joint_hurdle_nll,0.7018903965556372,2.7054516077041626,0.12470511347055435,0.13826711475849152,0.13826711475849152,2.580746650695801,0.18269792619890707,0.021748263111304948
N4-E36_fold1_seed20261006,N4-E36,1,20261006,31,exact_joint_hurdle_nll,0.7018903965556372,2.702855110168457,0.12006257101893425,0.1335984766483307,0.1335984766483307,2.5827927589416504,0.17873158547904539,0.024538364076853194
N4-E36_fold1_seed20261006,N4-E36,1,20261006,32,exact_joint_hurdle_nll,0.7018903965556372,2.675170660018921,0.11599985510110855,0.12943607941269875,0.12943607941269875,2.5591706037521362,0.17515249294955,0.028032140850807994
N4-E36_fold1_seed20261006,N4-E36,1,20261006,33,exact_joint_hurdle_nll,0.7018903965556372,2.664949059486389,0.11219834163784981,0.12562141567468643,0.12562141567468643,2.5527504682540894,0.17182438590866328,0.03249987205407257
N4-E36_fold1_seed20261006,N4-E36,1,20261006,34,exact_joint_hurdle_nll,0.7018903965556372,2.6607383489608765,0.10852230712771416,0.1218828558921814,0.1218828558921814,2.5522161722183228,0.1686200923783503,0.03843366613632208
N4-E36_fold1_seed20261006,N4-E36,1,20261006,35,exact_joint_hurdle_nll,0.7018903965556372,2.655108332633972,0.10509472712874413,0.11841431632637978,0.11841431632637978,2.550013542175293,0.1654893462709775,0.04530149768929797
N4-E36_fold1_seed20261006,N4-E36,1,20261006,36,exact_joint_hurdle_nll,0.7018903965556372,2.6289641857147217,0.10161467641592026,0.11486658453941345,0.11486658453941345,2.527349591255188,0.16241193289702224,0.05166627079760513
N4-E36_fold2_seed20261002,N4-E36,2,20261002,1,exact_joint_hurdle_nll,0.7018903965556372,4.483320236206055,1.0552661816279094,1.0852608283360798,1.0852608283360798,3.428054173787435,1.1299141671607773,0.010759665701687324
N4-E36_fold2_seed20261002,N4-E36,2,20261002,2,exact_joint_hurdle_nll,0.7018903965556372,4.368143399556478,0.9991986950238546,1.0287250677744548,1.0287250677744548,3.3689445654551187,1.0709336252145314,0.01106410254718364
N4-E36_fold2_seed20261002,N4-E36,2,20261002,3,exact_joint_hurdle_nll,0.7018903965556372,4.263559500376384,0.9468151529630026,0.9759082198143005,0.9759082198143005,3.3167441685994468,1.0161391996709856,0.011371258940540535
N4-E36_fold2_seed20261002,N4-E36,2,20261002,4,exact_joint_hurdle_nll,0.7018903965556372,4.179715792338054,0.8972886006037394,0.9260455369949341,0.9260455369949341,3.2824271519978843,0.9665889754284025,0.011646025423886397
N4-E36_fold2_seed20261002,N4-E36,2,20261002,5,exact_joint_hurdle_nll,0.7018903965556372,4.099481026331584,0.8528504967689514,0.881308118502299,0.881308118502299,3.2466306686401367,0.9233661885768975,0.01184693158555383
N4-E36_fold2_seed20261002,N4-E36,2,20261002,6,exact_joint_hurdle_nll,0.7018903965556372,4.016689618428548,0.8137881358464559,0.8419215679168701,0.8419215679168701,3.202901522318522,0.8849523316921717,0.01196132569439387
N4-E36_fold2_seed20261002,N4-E36,2,20261002,7,exact_joint_hurdle_nll,0.7018903965556372,3.9634276231129966,0.778436541557312,0.8062970836957296,0.8062970836957296,3.184990962346395,0.8496318626730346,0.011948863193859838
N4-E36_fold2_seed20261002,N4-E36,2,20261002,8,exact_joint_hurdle_nll,0.7018903965556372,3.8806301752726235,0.7449694275856018,0.7725165486335754,0.7725165486335754,3.1356603304545083,0.8161598841358381,0.011862465185622858
N4-E36_fold2_seed20261002,N4-E36,2,20261002,9,exact_joint_hurdle_nll,0.7018903965556372,3.831667900085449,0.7130885521570841,0.7403986056645712,0.7403986056645712,3.118579308191935,0.7834765660925327,0.011790664299790633
N4-E36_fold2_seed20261002,N4-E36,2,20261002,10,exact_joint_hurdle_nll,0.7018903965556372,3.765025774637858,0.6816877921422323,0.7086554964383444,0.7086554964383444,3.083337942759196,0.7510841409629828,0.011789593073328193
N4-E36_fold2_seed20261002,N4-E36,2,20261002,11,exact_joint_hurdle_nll,0.7018903965556372,3.6859052181243896,0.6512301961580912,0.6779143611590067,0.6779143611590067,3.034674962361654,0.7190125002874622,0.011846146873141988
N4-E36_fold2_seed20261002,N4-E36,2,20261002,12,exact_joint_hurdle_nll,0.7018903965556372,3.611498753229777,0.6215226054191589,0.6478845675786337,0.6478845675786337,2.989975929260254,0.6871500755360597,0.01197379082324229
N4-E36_fold2_seed20261002,N4-E36,2,20261002,13,exact_joint_hurdle_nll,0.7018903965556372,3.5556214650472007,0.5923910737037659,0.6184772253036499,0.6184772253036499,2.96323029200236,0.6552053948719111,0.012195072496413611
N4-E36_fold2_seed20261002,N4-E36,2,20261002,14,exact_joint_hurdle_nll,0.7018903965556372,3.4879415035247803,0.5638359189033508,0.5896032452583313,0.5896032452583313,2.9241053263346353,0.6237029129616546,0.012457984740579632
N4-E36_fold2_seed20261002,N4-E36,2,20261002,15,exact_joint_hurdle_nll,0.7018903965556372,3.4298576513926187,0.5368111630280813,0.5622658332188925,0.5622658332188925,2.8930462996164956,0.594244505729795,0.012513278047302737
N4-E36_fold2_seed20261002,N4-E36,2,20261002,16,exact_joint_hurdle_nll,0.7018903965556372,3.362077315648397,0.5120948553085327,0.537232498327891,0.537232498327891,2.849982500076294,0.5679335311929152,0.01238656964221021
N4-E36_fold2_seed20261002,N4-E36,2,20261002,17,exact_joint_hurdle_nll,0.7018903965556372,3.324284394582113,0.49020559589068097,0.5151544809341431,0.5151544809341431,2.834078629811605,0.544955298534025,0.012358753189541136
N4-E36_fold2_seed20261002,N4-E36,2,20261002,18,exact_joint_hurdle_nll,0.7018903965556372,3.275043567021688,0.4704970717430115,0.4952196578184764,0.4952196578184764,2.804546356201172,0.5244961778068293,0.012489567383678082
N4-E36_fold2_seed20261002,N4-E36,2,20261002,19,exact_joint_hurdle_nll,0.7018903965556372,3.233851591746012,0.4519274930159251,0.47646751006444293,0.47646751006444293,2.7819244861602783,0.5053751121305418,0.012718313852037732
N4-E36_fold2_seed20261002,N4-E36,2,20261002,20,exact_joint_hurdle_nll,0.7018903965556372,3.1905766328175864,0.43420706192652386,0.45856788754463196,0.45856788754463196,2.756369431813558,0.48676338512895423,0.013119309148328775
N4-E36_fold2_seed20261002,N4-E36,2,20261002,21,exact_joint_hurdle_nll,0.7018903965556372,3.1605770587921143,0.41649744908014935,0.4406677981217702,0.4406677981217702,2.74407966931661,0.46830498449893193,0.013915354389843617
N4-E36_fold2_seed20261002,N4-E36,2,20261002,22,exact_joint_hurdle_nll,0.7018903965556372,3.1205408573150635,0.3992248872915904,0.4232323666413625,0.4232323666413625,2.72131617863973,0.4502109828066498,0.015380932154596204
N4-E36_fold2_seed20261002,N4-E36,2,20261002,23,exact_joint_hurdle_nll,0.7018903965556372,3.0898709297180176,0.3825071156024933,0.40634148319562274,0.40634148319562274,2.7073636054992676,0.4327646200151008,0.01740645440142244
N4-E36_fold2_seed20261002,N4-E36,2,20261002,24,exact_joint_hurdle_nll,0.7018903965556372,3.03376038869222,0.36616742610931396,0.3897631863753001,0.3897631863753001,2.667592763900757,0.4156748573229318,0.019383394302076872
N4-E36_fold2_seed20261002,N4-E36,2,20261002,25,exact_joint_hurdle_nll,0.7018903965556372,2.9961225191752114,0.3497314552466075,0.373163362344106,0.373163362344106,2.646390994389852,0.39844553577406444,0.021060594527865566
N4-E36_fold2_seed20261002,N4-E36,2,20261002,26,exact_joint_hurdle_nll,0.7018903965556372,2.9490914344787598,0.3326983650525411,0.35583457350730896,0.35583457350730896,2.6163930892944336,0.38062119316009346,0.022470672093598328
N4-E36_fold2_seed20261002,N4-E36,2,20261002,27,exact_joint_hurdle_nll,0.7018903965556372,2.910353899002075,0.315123587846756,0.3380368451277415,0.3380368451277415,2.5952302614847818,0.3624167771492179,0.02465581195480442
N4-E36_fold2_seed20261002,N4-E36,2,20261002,28,exact_joint_hurdle_nll,0.7018903965556372,2.8680032889048257,0.2974782685438792,0.32022665937741596,0.32022665937741596,2.5705250104268393,0.34542167890978837,0.027769140150488095
N4-E36_fold2_seed20261002,N4-E36,2,20261002,29,exact_joint_hurdle_nll,0.7018903965556372,2.841604550679525,0.281522274017334,0.3041538993517558,0.3041538993517558,2.560082276662191,0.3308348226587952,0.032396847669239344
N4-E36_fold2_seed20261002,N4-E36,2,20261002,30,exact_joint_hurdle_nll,0.7018903965556372,2.8311872482299805,0.268339067697525,0.2908972501754761,0.2908972501754761,2.562848170598348,0.3185259966159026,0.0396858663870872
N4-E36_fold2_seed20261002,N4-E36,2,20261002,31,exact_joint_hurdle_nll,0.7018903965556372,2.813222090403239,0.25672731796900433,0.279196818669637,0.279196818669637,2.5564947923024497,0.3078358013365691,0.04785267831706122
N4-E36_fold2_seed20261002,N4-E36,2,20261002,32,exact_joint_hurdle_nll,0.7018903965556372,2.8008689085642495,0.24623525639375052,0.26876190304756165,0.26876190304756165,2.554633696873983,0.2982155355677998,0.05423573069336874
N4-E36_fold2_seed20261002,N4-E36,2,20261002,33,exact_joint_hurdle_nll,0.7018903965556372,2.809905767440796,0.2360492398341497,0.2586638033390045,0.2586638033390045,2.573856512705485,0.2891289640551731,0.05877159051118781
N4-E36_fold2_seed20261002,N4-E36,2,20261002,34,exact_joint_hurdle_nll,0.7018903965556372,2.8313284715016684,0.2257757087548574,0.24856919050216675,0.24856919050216675,2.6055527528127036,0.2803089687988523,0.061691567736331825
N4-E36_fold2_seed20261002,N4-E36,2,20261002,35,exact_joint_hurdle_nll,0.7018903965556372,2.8061248461405435,0.21553743879000345,0.23840936024983725,0.23840936024983725,2.5905873775482178,0.27122740632259573,0.06568178507671922
N4-E36_fold2_seed20261002,N4-E36,2,20261002,36,exact_joint_hurdle_nll,0.7018903965556372,2.809420426686605,0.20499582091967264,0.22794330616792044,0.22794330616792044,2.6044246355692544,0.2614046105301198,0.06896330998348266
N4-E36_fold2_seed20261003,N4-E36,2,20261003,1,exact_joint_hurdle_nll,0.7018903965556372,3.3931289513905845,0.5843723018964132,0.608940581480662,0.608940581480662,2.8087565898895264,0.6014439734652594,0.03408637356851432
N4-E36_fold2_seed20261003,N4-E36,2,20261003,2,exact_joint_hurdle_nll,0.7018903965556372,3.3488338788350425,0.5453710158665975,0.5699173808097839,0.5699173808097839,2.8034627437591553,0.5677342218588333,0.025766415132693468
N4-E36_fold2_seed20261003,N4-E36,2,20261003,3,exact_joint_hurdle_nll,0.7018903965556372,3.322141170501709,0.5098881920178732,0.5344335834185282,0.5344335834185282,2.8122528394063315,0.537344672137291,0.021250643530799106
N4-E36_fold2_seed20261003,N4-E36,2,20261003,4,exact_joint_hurdle_nll,0.7018903965556372,3.2814043362935386,0.47746143738428753,0.5020198225975037,0.5020198225975037,2.8039427598317466,0.5094817894518068,0.01922987026456356
N4-E36_fold2_seed20261003,N4-E36,2,20261003,5,exact_joint_hurdle_nll,0.7018903965556372,3.2599900563557944,0.4481629927953084,0.4727928042411804,0.4727928042411804,2.8118268648783364,0.483321135083548,0.017887159435797776
N4-E36_fold2_seed20261003,N4-E36,2,20261003,6,exact_joint_hurdle_nll,0.7018903965556372,3.2320990562438965,0.4216108520825704,0.4463566442330678,0.4463566442330678,2.8104883829752603,0.45878558521958657,0.01722916483206631
N4-E36_fold2_seed20261003,N4-E36,2,20261003,7,exact_joint_hurdle_nll,0.7018903965556372,3.2175613244374595,0.3970141013463338,0.4218482971191406,0.4218482971191406,2.820547421773275,0.43665386857684074,0.016991878020161486
N4-E36_fold2_seed20261003,N4-E36,2,20261003,8,exact_joint_hurdle_nll,0.7018903965556372,3.2031211058298745,0.3744429349899292,0.39937243858973187,0.39937243858973187,2.8286777337392173,0.416875977070779,0.016565221950368244
N4-E36_fold2_seed20261003,N4-E36,2,20261003,9,exact_joint_hurdle_nll,0.7018903965556372,3.180614471435547,0.353656808535258,0.3786817491054535,0.3786817491054535,2.8269577026367188,0.39858745045089766,0.01604713884035685
N4-E36_fold2_seed20261003,N4-E36,2,20261003,10,exact_joint_hurdle_nll,0.7018903965556372,3.167296886444092,0.33417100707689923,0.359190970659256,0.359190970659256,2.8331257502237954,0.38102353750704687,0.015485170096906434
N4-E36_fold2_seed20261003,N4-E36,2,20261003,11,exact_joint_hurdle_nll,0.7018903965556372,3.149667660395304,0.3152548372745514,0.34030139446258545,0.34030139446258545,2.8344128926595054,0.3636887666864949,0.015524854554235424
N4-E36_fold2_seed20261003,N4-E36,2,20261003,12,exact_joint_hurdle_nll,0.7018903965556372,3.130894184112549,0.2971240778764089,0.3221282958984375,0.3221282958984375,2.8337703545888266,0.3468586376460318,0.016559692459585405
N4-E36_fold2_seed20261003,N4-E36,2,20261003,13,exact_joint_hurdle_nll,0.7018903965556372,3.10481333732605,0.2797168294588725,0.3046982487042745,0.3046982487042745,2.8250964482625327,0.331316757957709,0.018384173589011704
N4-E36_fold2_seed20261003,N4-E36,2,20261003,14,exact_joint_hurdle_nll,0.7018903965556372,3.080815076828003,0.26310733954111737,0.2880514860153198,0.2880514860153198,2.8177077770233154,0.3171286548218152,0.020805316173842105
N4-E36_fold2_seed20261003,N4-E36,2,20261003,15,exact_joint_hurdle_nll,0.7018903965556372,3.0594185988108316,0.24749796092510223,0.2723755935827891,0.2723755935827891,2.8119205633799234,0.30388215607725944,0.02377855822351398
N4-E36_fold2_seed20261003,N4-E36,2,20261003,16,exact_joint_hurdle_nll,0.7018903965556372,3.050785859425863,0.23309955497582754,0.25800714393456775,0.25800714393456775,2.817686398824056,0.2914614113884673,0.026181480123913782
N4-E36_fold2_seed20261003,N4-E36,2,20261003,17,exact_joint_hurdle_nll,0.7018903965556372,3.036743402481079,0.21970999240875244,0.24454859892527261,0.24454859892527261,2.817033370335897,0.2799126997665127,0.026129365088504206
N4-E36_fold2_seed20261003,N4-E36,2,20261003,18,exact_joint_hurdle_nll,0.7018903965556372,3.0076674620310464,0.2073375036319097,0.23209849993387857,0.23209849993387857,2.800329844156901,0.2689627804558404,0.023997992957726023
N4-E36_fold2_seed20261003,N4-E36,2,20261003,19,exact_joint_hurdle_nll,0.7018903965556372,3.0012051264444985,0.19571000834306082,0.22033217052618662,0.22033217052618662,2.805495262145996,0.25821382798545384,0.024183742194970034
N4-E36_fold2_seed20261003,N4-E36,2,20261003,20,exact_joint_hurdle_nll,0.7018903965556372,2.968238592147827,0.18511118491490683,0.20952998101711273,0.20952998101711273,2.783127228418986,0.24779747708568592,0.027141584551902936
N4-E36_fold2_seed20261003,N4-E36,2,20261003,21,exact_joint_hurdle_nll,0.7018903965556372,2.92830220858256,0.17546284198760986,0.1995857854684194,0.1995857854684194,2.7528394858042398,0.23804872497673818,0.03275781211970979
N4-E36_fold2_seed20261003,N4-E36,2,20261003,22,exact_joint_hurdle_nll,0.7018903965556372,2.8724708557128906,0.16688511768976846,0.1905942310889562,0.1905942310889562,2.705585559209188,0.22918971461064888,0.03999025817646278
N4-E36_fold2_seed20261003,N4-E36,2,20261003,23,exact_joint_hurdle_nll,0.7018903965556372,2.8351874351501465,0.1591698427995046,0.18259875973065695,0.18259875973065695,2.6760178407033286,0.22135302907974888,0.04722992767258945
N4-E36_fold2_seed20261003,N4-E36,2,20261003,24,exact_joint_hurdle_nll,0.7018903965556372,2.799563010533651,0.152398149172465,0.1756043036778768,0.1756043036778768,2.647164742151896,0.21443339540241668,0.055300445563710235
N4-E36_fold2_seed20261003,N4-E36,2,20261003,25,exact_joint_hurdle_nll,0.7018903965556372,2.7709546089172363,0.1462713082631429,0.16931062936782837,0.16931062936782837,2.624683380126953,0.2083307812876043,0.0647525483939116
N4-E36_fold2_seed20261003,N4-E36,2,20261003,26,exact_joint_hurdle_nll,0.7018903965556372,2.738429307937622,0.14094296097755432,0.16382657984892526,0.16382657984892526,2.5974862575531006,0.20297563951294822,0.07586269689935789
N4-E36_fold2_seed20261003,N4-E36,2,20261003,27,exact_joint_hurdle_nll,0.7018903965556372,2.725642522176107,0.13626378774642944,0.15899847447872162,0.15899847447872162,2.5893784364064536,0.19826001855694605,0.08870397795683133
N4-E36_fold2_seed20261003,N4-E36,2,20261003,28,exact_joint_hurdle_nll,0.7018903965556372,2.7054503758748374,0.13201317191123962,0.15460930267969766,0.15460930267969766,2.573437054951986,0.1939443724705495,0.10226136612112012
N4-E36_fold2_seed20261003,N4-E36,2,20261003,29,exact_joint_hurdle_nll,0.7018903965556372,2.689932107925415,0.12804766496022543,0.15055405596892038,0.15055405596892038,2.5618844032287598,0.18987174929074777,0.1153949908636537
N4-E36_fold2_seed20261003,N4-E36,2,20261003,30,exact_joint_hurdle_nll,0.7018903965556372,2.671840031941732,0.12427189946174622,0.14661823958158493,0.14661823958158493,2.5475682417551675,0.1860519637608833,0.12960983156422418
N4-E36_fold2_seed20261003,N4-E36,2,20261003,31,exact_joint_hurdle_nll,0.7018903965556372,2.659398158391317,0.12082346777121226,0.1430648217598597,0.1430648217598597,2.5385748545328775,0.18242029685810615,0.14282089976276746
N4-E36_fold2_seed20261003,N4-E36,2,20261003,32,exact_joint_hurdle_nll,0.7018903965556372,2.6266218026479087,0.11725933601458867,0.13930401454369226,0.13930401454369226,2.5093624591827393,0.17857864614315402,0.15054749185401922
N4-E36_fold2_seed20261003,N4-E36,2,20261003,33,exact_joint_hurdle_nll,0.7018903965556372,2.597827672958374,0.11343340575695038,0.13527671496073404,0.13527671496073404,2.484394073486328,0.1745972762952269,0.15204670802898534
N4-E36_fold2_seed20261003,N4-E36,2,20261003,34,exact_joint_hurdle_nll,0.7018903965556372,2.580104033152262,0.10954498251279195,0.1312901278336843,0.1312901278336843,2.470559040705363,0.17134435984151122,0.14461810417730356
N4-E36_fold2_seed20261003,N4-E36,2,20261003,35,exact_joint_hurdle_nll,0.7018903965556372,2.5603365898132324,0.10589390744765599,0.12748412787914276,0.12748412787914276,2.454442580540975,0.168663927458534,0.1309110258777419
N4-E36_fold2_seed20261003,N4-E36,2,20261003,36,exact_joint_hurdle_nll,0.7018903965556372,2.557725747426351,0.10263792922099431,0.12415213137865067,0.12415213137865067,2.4550878206888833,0.1662505333415586,0.12064953993850697
N4-E36_fold2_seed20261004,N4-E36,2,20261004,1,exact_joint_hurdle_nll,0.7018903965556372,3.993405342102051,1.0140287280082703,1.0402668118476868,1.0402668118476868,2.9793766339619956,1.0243309236849085,0.04755232960328888
N4-E36_fold2_seed20261004,N4-E36,2,20261004,2,exact_joint_hurdle_nll,0.7018903965556372,3.916167974472046,0.9718528389930725,0.9978087743123373,0.9978087743123373,2.944314956665039,0.9860117302993457,0.04773173758695223
N4-E36_fold2_seed20261004,N4-E36,2,20261004,3,exact_joint_hurdle_nll,0.7018903965556372,3.8573755423227944,0.933709184328715,0.959434986114502,0.959434986114502,2.92366631825765,0.9503558549033251,0.049112603976157757
N4-E36_fold2_seed20261004,N4-E36,2,20261004,4,exact_joint_hurdle_nll,0.7018903965556372,3.801502545674642,0.897098700205485,0.9226699670155843,0.9226699670155843,2.904404083887736,0.9158044266830625,0.0511323758322859
N4-E36_fold2_seed20261004,N4-E36,2,20261004,5,exact_joint_hurdle_nll,0.7018903965556372,3.73081644376119,0.8621666232744852,0.8874897162119547,0.8874897162119547,2.86864972114563,0.881813278436127,0.05117514323135661
N4-E36_fold2_seed20261004,N4-E36,2,20261004,6,exact_joint_hurdle_nll,0.7018903965556372,3.67710018157959,0.8279936909675598,0.8531065384546915,0.8531065384546915,2.849106709162394,0.8481258824885765,0.048500313266377486
N4-E36_fold2_seed20261004,N4-E36,2,20261004,7,exact_joint_hurdle_nll,0.7018903965556372,3.6241584618886313,0.7944044669469198,0.8192998369534811,0.8192998369534811,2.829754193623861,0.8146223194638387,0.04229913383782012
N4-E36_fold2_seed20261004,N4-E36,2,20261004,8,exact_joint_hurdle_nll,0.7018903965556372,3.573345343271891,0.7607701420783997,0.7854656974474589,0.7854656974474589,2.812575022379557,0.7811204598274168,0.034392718865556546
N4-E36_fold2_seed20261004,N4-E36,2,20261004,9,exact_joint_hurdle_nll,0.7018903965556372,3.513592084248861,0.7266357938448588,0.7511694431304932,0.7511694431304932,2.7869561513264975,0.7471626445928182,0.02904853584515918
N4-E36_fold2_seed20261004,N4-E36,2,20261004,10,exact_joint_hurdle_nll,0.7018903965556372,3.470876932144165,0.6913433869679769,0.7157670458157858,0.7157670458157858,2.779533863067627,0.7120067070167538,0.028593229528492713
N4-E36_fold2_seed20261004,N4-E36,2,20261004,11,exact_joint_hurdle_nll,0.7018903965556372,3.4075392882029214,0.6539766987164816,0.6781750520070394,0.6781750520070394,2.7535623709360757,0.6748707415037639,0.03232698301079273
N4-E36_fold2_seed20261004,N4-E36,2,20261004,12,exact_joint_hurdle_nll,0.7018903965556372,3.3525756200154624,0.6143573323885599,0.6384444435437521,0.6384444435437521,2.738218069076538,0.6359447298068707,0.038386688390000284
N4-E36_fold2_seed20261004,N4-E36,2,20261004,13,exact_joint_hurdle_nll,0.7018903965556372,3.287482420603434,0.5727849006652832,0.5966731707255045,0.5966731707255045,2.714697519938151,0.5965284636193472,0.041698416795065675
N4-E36_fold2_seed20261004,N4-E36,2,20261004,14,exact_joint_hurdle_nll,0.7018903965556372,3.250261068344116,0.530825118223826,0.5546136498451233,0.5546136498451233,2.7194358507792153,0.5588248872617493,0.03220558138758024
N4-E36_fold2_seed20261004,N4-E36,2,20261004,15,exact_joint_hurdle_nll,0.7018903965556372,3.203685919443766,0.49011434117952984,0.5139432648817698,0.5139432648817698,2.713571468989054,0.5250825796138877,0.01725009267118065
N4-E36_fold2_seed20261004,N4-E36,2,20261004,16,exact_joint_hurdle_nll,0.7018903965556372,3.1711410681406655,0.45253676176071167,0.47636916240056354,0.47636916240056354,2.718604246775309,0.4941402889806884,0.011102033617495191
N4-E36_fold2_seed20261004,N4-E36,2,20261004,17,exact_joint_hurdle_nll,0.7018903965556372,3.12727952003479,0.4184667766094208,0.44229071338971454,0.44229071338971454,2.7088127930959067,0.4626725270622672,0.010159212085243858
N4-E36_fold2_seed20261004,N4-E36,2,20261004,18,exact_joint_hurdle_nll,0.7018903965556372,3.093916654586792,0.3864462574323018,0.41019808252652484,0.41019808252652484,2.7074703375498452,0.4313199739728797,0.010021048468584452
N4-E36_fold2_seed20261004,N4-E36,2,20261004,19,exact_joint_hurdle_nll,0.7018903965556372,3.0483500162760415,0.3562658925851186,0.3799227178096771,0.3799227178096771,2.692083994547526,0.40256431243527174,0.010132092737937365
N4-E36_fold2_seed20261004,N4-E36,2,20261004,20,exact_joint_hurdle_nll,0.7018903965556372,3.000889539718628,0.3291902542114258,0.352665513753891,0.352665513753891,2.6716992060343423,0.37666719627577017,0.010445884940201346
N4-E36_fold2_seed20261004,N4-E36,2,20261004,21,exact_joint_hurdle_nll,0.7018903965556372,2.9543548425038657,0.305131067832311,0.3284270068009694,0.3284270068009694,2.649223883946737,0.3536226838940817,0.010965069241116348
N4-E36_fold2_seed20261004,N4-E36,2,20261004,22,exact_joint_hurdle_nll,0.7018903965556372,2.911359945933024,0.28437673052151996,0.3075218101342519,0.3075218101342519,2.626983165740967,0.33345251968368034,0.01185104747947598
N4-E36_fold2_seed20261004,N4-E36,2,20261004,23,exact_joint_hurdle_nll,0.7018903965556372,2.8683407306671143,0.2663397789001465,0.28933772444725037,0.28933772444725037,2.6020009517669678,0.31556620425697524,0.0136568794230832
N4-E36_fold2_seed20261004,N4-E36,2,20261004,24,exact_joint_hurdle_nll,0.7018903965556372,2.8416097164154053,0.2502609541018804,0.27310968438784283,0.27310968438784283,2.591348727544149,0.2993625913470915,0.017104568259431692
N4-E36_fold2_seed20261004,N4-E36,2,20261004,25,exact_joint_hurdle_nll,0.7018903965556372,2.8040572007497153,0.23558846612771353,0.2582685152689616,0.2582685152689616,2.5684684117635093,0.284920302897174,0.023185227925112416
N4-E36_fold2_seed20261004,N4-E36,2,20261004,26,exact_joint_hurdle_nll,0.7018903965556372,2.777760903040568,0.22224383056163788,0.2447634239991506,0.2447634239991506,2.5555173556009927,0.27242017743971275,0.03267411836329688
N4-E36_fold2_seed20261004,N4-E36,2,20261004,27,exact_joint_hurdle_nll,0.7018903965556372,2.7476748625437417,0.20983041326204935,0.23221949736277261,0.23221949736277261,2.53784449895223,0.2613716169264611,0.04773125557557353
N4-E36_fold2_seed20261004,N4-E36,2,20261004,28,exact_joint_hurdle_nll,0.7018903965556372,2.725636084874471,0.19797378281752268,0.22019460300604501,0.22019460300604501,2.52766219774882,0.25068433313026905,0.06555561602002109
N4-E36_fold2_seed20261004,N4-E36,2,20261004,29,exact_joint_hurdle_nll,0.7018903965556372,2.69034481048584,0.1862271030743917,0.20825646817684174,0.20825646817684174,2.504117568333944,0.23916910473955733,0.06539200892108821
N4-E36_fold2_seed20261004,N4-E36,2,20261004,30,exact_joint_hurdle_nll,0.7018903965556372,2.6591528256734214,0.17424799998601279,0.196119358142217,0.196119358142217,2.4849047660827637,0.22744989563390433,0.046811361263965776
N4-E36_fold2_seed20261004,N4-E36,2,20261004,31,exact_joint_hurdle_nll,0.7018903965556372,2.6297338008880615,0.1622036894162496,0.18389418224493662,0.18389418224493662,2.4675302505493164,0.21830340960508812,0.036932337292478086
N4-E36_fold2_seed20261004,N4-E36,2,20261004,32,exact_joint_hurdle_nll,0.7018903965556372,2.594924211502075,0.15202170610427856,0.17356315751870474,0.17356315751870474,2.4429023265838623,0.21165526986055877,0.034942584987624356
N4-E36_fold2_seed20261004,N4-E36,2,20261004,33,exact_joint_hurdle_nll,0.7018903965556372,2.5828376611073813,0.14540477593739828,0.16687381267547607,0.16687381267547607,2.4374330043792725,0.20639238667563267,0.03568662922103007
N4-E36_fold2_seed20261004,N4-E36,2,20261004,34,exact_joint_hurdle_nll,0.7018903965556372,2.5745819409688315,0.14035061995188394,0.16179120043913522,0.16179120043913522,2.4342312018076577,0.20185142195973282,0.037205891632533
N4-E36_fold2_seed20261004,N4-E36,2,20261004,35,exact_joint_hurdle_nll,0.7018903965556372,2.5646611054738364,0.13600036998589835,0.1573686252037684,0.1573686252037684,2.4286605517069497,0.19772686969966333,0.039726538327820665
N4-E36_fold2_seed20261004,N4-E36,2,20261004,36,exact_joint_hurdle_nll,0.7018903965556372,2.556416670481364,0.13202313085397085,0.15333345532417297,0.15333345532417297,2.424393574396769,0.19392976107536036,0.04352373081225477
N4-E36_fold2_seed20261005,N4-E36,2,20261005,1,exact_joint_hurdle_nll,0.7018903965556372,3.265017032623291,0.5083629290262858,0.532773474852244,0.532773474852244,2.7566538651784263,0.5459829733246623,0.054433046581257756
N4-E36_fold2_seed20261005,N4-E36,2,20261005,2,exact_joint_hurdle_nll,0.7018903965556372,3.201094071070353,0.4788435399532318,0.5029846330483755,0.5029846330483755,2.7222503821055093,0.5190047111806808,0.06823871852782282
N4-E36_fold2_seed20261005,N4-E36,2,20261005,3,exact_joint_hurdle_nll,0.7018903965556372,3.1651498476664224,0.4534008900324504,0.4773723582426707,0.4773723582426707,2.7117486794789634,0.4958163119365053,0.06648861083762375
N4-E36_fold2_seed20261005,N4-E36,2,20261005,4,exact_joint_hurdle_nll,0.7018903965556372,3.12027907371521,0.4308575987815857,0.4546056091785431,0.4546056091785431,2.6894214948018393,0.4754208196661339,0.06192938083159566
N4-E36_fold2_seed20261005,N4-E36,2,20261005,5,exact_joint_hurdle_nll,0.7018903965556372,3.0788111686706543,0.40964949131011963,0.4332083563009898,0.4332083563009898,2.669161558151245,0.4565835352363323,0.062380272782183784
N4-E36_fold2_seed20261005,N4-E36,2,20261005,6,exact_joint_hurdle_nll,0.7018903965556372,3.0456345876057944,0.3902217149734497,0.4135555326938629,0.4135555326938629,2.6554128328959146,0.438703379961893,0.06927835913840699
N4-E36_fold2_seed20261005,N4-E36,2,20261005,7,exact_joint_hurdle_nll,0.7018903965556372,3.014787038167318,0.3716683089733124,0.3948846956094106,0.3948846956094106,2.6431187788645425,0.42142387876785486,0.07760674839213656
N4-E36_fold2_seed20261005,N4-E36,2,20261005,8,exact_joint_hurdle_nll,0.7018903965556372,2.9668241341908774,0.35390325387318927,0.3769456346829732,0.3769456346829732,2.6129207611083984,0.40438527615946457,0.08218097983659065
N4-E36_fold2_seed20261005,N4-E36,2,20261005,9,exact_joint_hurdle_nll,0.7018903965556372,2.9369539419809976,0.33638080954551697,0.3592487871646881,0.3592487871646881,2.6005729039510093,0.3871896072573594,0.08107688855103265
N4-E36_fold2_seed20261005,N4-E36,2,20261005,10,exact_joint_hurdle_nll,0.7018903965556372,2.8931129773457847,0.3187178671360016,0.3414328595002492,0.3414328595002492,2.574395179748535,0.36963576132818676,0.07736033421625851
N4-E36_fold2_seed20261005,N4-E36,2,20261005,11,exact_joint_hurdle_nll,0.7018903965556372,2.8622729778289795,0.3010672926902771,0.32362375656763714,0.32362375656763714,2.561205784479777,0.35186228482373433,0.07537522498380808
N4-E36_fold2_seed20261005,N4-E36,2,20261005,12,exact_joint_hurdle_nll,0.7018903965556372,2.817647139231364,0.28334588805834454,0.3056934674580892,0.3056934674580892,2.5343013604482016,0.33379501401182277,0.0758853395755004
N4-E36_fold2_seed20261005,N4-E36,2,20261005,13,exact_joint_hurdle_nll,0.7018903965556372,2.785308599472046,0.2655445834000905,0.2877714733282725,0.2877714733282725,2.519763946533203,0.3155512376954362,0.07375544600277058
N4-E36_fold2_seed20261005,N4-E36,2,20261005,14,exact_joint_hurdle_nll,0.7018903965556372,2.752554496129354,0.24843751887480417,0.2705096701780955,0.2705096701780955,2.5041170914967856,0.29808046796432963,0.06677751488524955
N4-E36_fold2_seed20261005,N4-E36,2,20261005,15,exact_joint_hurdle_nll,0.7018903965556372,2.720127582550049,0.23269084095954895,0.25461260477701825,0.25461260477701825,2.487436612447103,0.28199572787190536,0.0628573302051377
N4-E36_fold2_seed20261005,N4-E36,2,20261005,16,exact_joint_hurdle_nll,0.7018903965556372,2.6899070739746094,0.21772811313470206,0.2395565907160441,0.2395565907160441,2.4721790154774985,0.2672167992648973,0.06818766528065665
N4-E36_fold2_seed20261005,N4-E36,2,20261005,17,exact_joint_hurdle_nll,0.7018903965556372,2.669553279876709,0.20387538770834604,0.22562581300735474,0.22562581300735474,2.4656778971354165,0.25388590855408855,0.08467069529859093
N4-E36_fold2_seed20261005,N4-E36,2,20261005,18,exact_joint_hurdle_nll,0.7018903965556372,2.641616106033325,0.19061351319154105,0.21223838130633035,0.21223838130633035,2.451002518335978,0.24212366663345578,0.10484194747651064
N4-E36_fold2_seed20261005,N4-E36,2,20261005,19,exact_joint_hurdle_nll,0.7018903965556372,2.6292783419291177,0.17864656448364258,0.20021594564119974,0.20021594564119974,2.450631856918335,0.23159230196788194,0.12902355693973241
N4-E36_fold2_seed20261005,N4-E36,2,20261005,20,exact_joint_hurdle_nll,0.7018903965556372,2.615085999170939,0.16764762500921884,0.18918578326702118,0.18918578326702118,2.447438398996989,0.22171595232210067,0.1613372017464996
N4-E36_fold2_seed20261005,N4-E36,2,20261005,21,exact_joint_hurdle_nll,0.7018903965556372,2.5995230674743652,0.1574906756480535,0.17899217208226523,0.17899217208226523,2.4420324166615806,0.212178360759113,0.18926041152339484
N4-E36_fold2_seed20261005,N4-E36,2,20261005,22,exact_joint_hurdle_nll,0.7018903965556372,2.5841663678487143,0.14797749121983847,0.16946366429328918,0.16946366429328918,2.4361888567606607,0.20307083941752502,0.20070704512754842
N4-E36_fold2_seed20261005,N4-E36,2,20261005,23,exact_joint_hurdle_nll,0.7018903965556372,2.5744075775146484,0.1393845727046331,0.16083082060019174,0.16083082060019174,2.435022989908854,0.19492286540459353,0.20206480047828226
N4-E36_fold2_seed20261005,N4-E36,2,20261005,24,exact_joint_hurdle_nll,0.7018903965556372,2.5582285722096763,0.13179118434588113,0.1531839668750763,0.1531839668750763,2.4264372984568277,0.18803851714679376,0.19683910164751914
N4-E36_fold2_seed20261005,N4-E36,2,20261005,25,exact_joint_hurdle_nll,0.7018903965556372,2.5399301846822104,0.12506241103013357,0.14639409879843393,0.14639409879843393,2.414867639541626,0.18220756590098977,0.18231256686435382
N4-E36_fold2_seed20261005,N4-E36,2,20261005,26,exact_joint_hurdle_nll,0.7018903965556372,2.5233089129130044,0.11920562386512756,0.1404374117652575,0.1404374117652575,2.4041035175323486,0.1772957999834654,0.16781235424564842
N4-E36_fold2_seed20261005,N4-E36,2,20261005,27,exact_joint_hurdle_nll,0.7018903965556372,2.517125447591146,0.1137109026312828,0.1348829468091329,0.1348829468091329,2.403414487838745,0.17324018158081483,0.1661708227321491
N4-E36_fold2_seed20261005,N4-E36,2,20261005,28,exact_joint_hurdle_nll,0.7018903965556372,2.506460428237915,0.10899668683608373,0.1300938973824183,0.1300938973824183,2.39746363957723,0.16987611058662413,0.17441951731042646
N4-E36_fold2_seed20261005,N4-E36,2,20261005,29,exact_joint_hurdle_nll,0.7018903965556372,2.4930688540140786,0.1051977848013242,0.12625044832626978,0.12625044832626978,2.387871026992798,0.16709731625669294,0.18258792465905405
N4-E36_fold2_seed20261005,N4-E36,2,20261005,30,exact_joint_hurdle_nll,0.7018903965556372,2.485714594523112,0.1020343005657196,0.12303223212560017,0.12303223212560017,2.3836801846822104,0.16473545921797436,0.18756798412115008
N4-E36_fold2_seed20261005,N4-E36,2,20261005,31,exact_joint_hurdle_nll,0.7018903965556372,2.475498596827189,0.09936574598153432,0.12031805018583934,0.12031805018583934,2.3761328061421714,0.16262569253519912,0.19001928351314262
N4-E36_fold2_seed20261005,N4-E36,2,20261005,32,exact_joint_hurdle_nll,0.7018903965556372,2.470157782236735,0.09705562144517899,0.1179805522163709,0.1179805522163709,2.373102347056071,0.1606981715669253,0.19142629170865494
N4-E36_fold2_seed20261005,N4-E36,2,20261005,33,exact_joint_hurdle_nll,0.7018903965556372,2.4648729960123696,0.09505090365807216,0.11593994498252869,0.11593994498252869,2.3698220252990723,0.1589562040755059,0.19249164093704985
N4-E36_fold2_seed20261005,N4-E36,2,20261005,34,exact_joint_hurdle_nll,0.7018903965556372,2.458754062652588,0.09320609271526337,0.11406570672988892,0.11406570672988892,2.3655477364857993,0.15740131514536443,0.19341332724531976
N4-E36_fold2_seed20261005,N4-E36,2,20261005,35,exact_joint_hurdle_nll,0.7018903965556372,2.450284560521444,0.09171108901500702,0.1125437964995702,0.1125437964995702,2.3585734367370605,0.15600012983713804,0.19444135836942625
N4-E36_fold2_seed20261005,N4-E36,2,20261005,36,exact_joint_hurdle_nll,0.7018903965556372,2.4437994956970215,0.09024331718683243,0.11105498174826305,0.11105498174826305,2.353556235631307,0.15471924321356784,0.19580211341050097
N4-E36_fold2_seed20261006,N4-E36,2,20261006,1,exact_joint_hurdle_nll,0.7018903965556372,3.4141637484232583,0.48708770672480267,0.5126596689224243,0.5126596689224243,2.92707626024882,0.5201561849409515,0.01058721481039256
N4-E36_fold2_seed20261006,N4-E36,2,20261006,2,exact_joint_hurdle_nll,0.7018903965556372,3.3574277559916177,0.4608241816361745,0.4861234426498413,0.4861234426498413,2.896603504816691,0.49412879379329977,0.0105725233081857
N4-E36_fold2_seed20261006,N4-E36,2,20261006,3,exact_joint_hurdle_nll,0.7018903965556372,3.306288798650106,0.43658597270647687,0.4616754651069641,0.4616754651069641,2.8697028954823813,0.4701639935938374,0.010674980709549987
N4-E36_fold2_seed20261006,N4-E36,2,20261006,4,exact_joint_hurdle_nll,0.7018903965556372,3.248915354410807,0.4129076699415843,0.43777448932329815,0.43777448932329815,2.8360074361165366,0.44732888150074523,0.010893442819266156
N4-E36_fold2_seed20261006,N4-E36,2,20261006,5,exact_joint_hurdle_nll,0.7018903965556372,3.2034988403320312,0.3889154891173045,0.4135531485080719,0.4135531485080719,2.8145833810170493,0.4249568439463469,0.01127481677729791
N4-E36_fold2_seed20261006,N4-E36,2,20261006,6,exact_joint_hurdle_nll,0.7018903965556372,3.1552871068318686,0.3646078209082286,0.3890274961789449,0.3890274961789449,2.7906795342763266,0.4025179024171903,0.011974828093377719
N4-E36_fold2_seed20261006,N4-E36,2,20261006,7,exact_joint_hurdle_nll,0.7018903965556372,3.1091509660085044,0.34082698822021484,0.36510855952898663,0.36510855952898663,2.7683239777882895,0.38005978426505643,0.01318562586707741
N4-E36_fold2_seed20261006,N4-E36,2,20261006,8,exact_joint_hurdle_nll,0.7018903965556372,3.0601301987965903,0.3185832003752391,0.3426210979620616,0.3426210979620616,2.7415472666422525,0.35850224441826706,0.014489767925485059
N4-E36_fold2_seed20261006,N4-E36,2,20261006,9,exact_joint_hurdle_nll,0.7018903965556372,3.0215116341908774,0.29842254519462585,0.3223397731781006,0.3223397731781006,2.7230891386667886,0.3392183261744583,0.015266814044007256
N4-E36_fold2_seed20261006,N4-E36,2,20261006,10,exact_joint_hurdle_nll,0.7018903965556372,2.9786036809285483,0.27994321783383685,0.3037554124991099,0.3037554124991099,2.6986605326334634,0.32196196666452137,0.015361573142565959
N4-E36_fold2_seed20261006,N4-E36,2,20261006,11,exact_joint_hurdle_nll,0.7018903965556372,2.9494572480519614,0.2627004285653432,0.2864082952340444,0.2864082952340444,2.686756690343221,0.3057684930351378,0.014979436037912412
N4-E36_fold2_seed20261006,N4-E36,2,20261006,12,exact_joint_hurdle_nll,0.7018903965556372,2.923577626546224,0.2459716002146403,0.2696102162202199,0.2696102162202199,2.6776061058044434,0.29005280105444653,0.014579375675463928
N4-E36_fold2_seed20261006,N4-E36,2,20261006,13,exact_joint_hurdle_nll,0.7018903965556372,2.91711163520813,0.22951531410217285,0.25313079357147217,0.25313079357147217,2.687596321105957,0.274696465639189,0.014135946657769639
N4-E36_fold2_seed20261006,N4-E36,2,20261006,14,exact_joint_hurdle_nll,0.7018903965556372,2.88260817527771,0.21345016360282898,0.23698462545871735,0.23698462545871735,2.6691578229268393,0.25987037029473586,0.013591348088419886
N4-E36_fold2_seed20261006,N4-E36,2,20261006,15,exact_joint_hurdle_nll,0.7018903965556372,2.873427708943685,0.19769452512264252,0.22120989859104156,0.22120989859104156,2.6757332483927407,0.24585871145533136,0.013470991233654733
N4-E36_fold2_seed20261006,N4-E36,2,20261006,16,exact_joint_hurdle_nll,0.7018903965556372,2.846202532450358,0.18275338411331177,0.20624569555123648,0.20624569555123648,2.6634491284688315,0.23292376406308618,0.01406911570898649
N4-E36_fold2_seed20261006,N4-E36,2,20261006,17,exact_joint_hurdle_nll,0.7018903965556372,2.8154752254486084,0.16932365794976553,0.19270159304141998,0.19270159304141998,2.6461514631907144,0.22148278973412405,0.015330148943798083
N4-E36_fold2_seed20261006,N4-E36,2,20261006,18,exact_joint_hurdle_nll,0.7018903965556372,2.8036927382151284,0.1575747231642405,0.18090315659840903,0.18090315659840903,2.64611808458964,0.21195280730734736,0.01674361900494921
N4-E36_fold2_seed20261006,N4-E36,2,20261006,19,exact_joint_hurdle_nll,0.7018903965556372,2.7806384563446045,0.14795038104057312,0.17119275530179343,0.17119275530179343,2.632687966028849,0.20413000457018696,0.018306142225435924
N4-E36_fold2_seed20261006,N4-E36,2,20261006,20,exact_joint_hurdle_nll,0.7018903965556372,2.7615249951680503,0.1397188405195872,0.1628677248954773,0.1628677248954773,2.6218058268229165,0.19730040126603612,0.020455191220746956
N4-E36_fold2_seed20261006,N4-E36,2,20261006,21,exact_joint_hurdle_nll,0.7018903965556372,2.73750376701355,0.13240128507216772,0.15544215341409048,0.15544215341409048,2.60510261853536,0.1911005031931233,0.024178317454726365
N4-E36_fold2_seed20261006,N4-E36,2,20261006,22,exact_joint_hurdle_nll,0.7018903965556372,2.723719517389933,0.12560757994651794,0.1485433280467987,0.1485433280467987,2.598112106323242,0.18549562706620806,0.03198144498717304
N4-E36_fold2_seed20261006,N4-E36,2,20261006,23,exact_joint_hurdle_nll,0.7018903965556372,2.706967353820801,0.11926281452178955,0.1420677825808525,0.1420677825808525,2.587704579035441,0.18039715498216818,0.04372663818102698
N4-E36_fold2_seed20261006,N4-E36,2,20261006,24,exact_joint_hurdle_nll,0.7018903965556372,2.6894137064615884,0.11367477476596832,0.1363158623377482,0.1363158623377482,2.5757389863332114,0.17570817340456682,0.05684766061813
N4-E36_fold2_seed20261006,N4-E36,2,20261006,25,exact_joint_hurdle_nll,0.7018903965556372,2.660693407058716,0.1084076960881551,0.13095092525084814,0.13095092525084814,2.55228583017985,0.17139847469024252,0.07384495191140536
N4-E36_fold2_seed20261006,N4-E36,2,20261006,26,exact_joint_hurdle_nll,0.7018903965556372,2.6468961238861084,0.10391130050023396,0.12635596096515656,0.12635596096515656,2.5429848035176597,0.1675193554089823,0.10030512162696954
N4-E36_fold2_seed20261006,N4-E36,2,20261006,27,exact_joint_hurdle_nll,0.7018903965556372,2.629631598790487,0.09994314859310786,0.12226733813683192,0.12226733813683192,2.5296884377797446,0.1641204544602218,0.13404270527570178
N4-E36_fold2_seed20261006,N4-E36,2,20261006,28,exact_joint_hurdle_nll,0.7018903965556372,2.620293140411377,0.0963623970746994,0.11861429363489151,0.11861429363489151,2.523930867513021,0.1611790375397734,0.16645097225812291
N4-E36_fold2_seed20261006,N4-E36,2,20261006,29,exact_joint_hurdle_nll,0.7018903965556372,2.6057207584381104,0.09318430473407109,0.1153593361377716,0.1153593361377716,2.5125362078348794,0.15854182994547816,0.19356927808531801
N4-E36_fold2_seed20261006,N4-E36,2,20261006,30,exact_joint_hurdle_nll,0.7018903965556372,2.5966691970825195,0.09021329631408055,0.11232492576042812,0.11232492576042812,2.506455898284912,0.15605540962012868,0.215009836785941
N4-E36_fold2_seed20261006,N4-E36,2,20261006,31,exact_joint_hurdle_nll,0.7018903965556372,2.5881407260894775,0.08736136307319005,0.10941426207621892,0.10941426207621892,2.500779310862223,0.15371437527610513,0.23093907653605142
N4-E36_fold2_seed20261006,N4-E36,2,20261006,32,exact_joint_hurdle_nll,0.7018903965556372,2.5853213469187417,0.08479576309521993,0.10681742678085963,0.10681742678085963,2.500525951385498,0.15160910886932438,0.2440258827955558
N4-E36_fold2_seed20261006,N4-E36,2,20261006,33,exact_joint_hurdle_nll,0.7018903965556372,2.5704922676086426,0.08261896918217342,0.10455687592426936,0.10455687592426936,2.4878732363382974,0.1497110032021023,0.25851626351005147
N4-E36_fold2_seed20261006,N4-E36,2,20261006,34,exact_joint_hurdle_nll,0.7018903965556372,2.5658172766367593,0.0808333804210027,0.10269893954197566,0.10269893954197566,2.4849840005238852,0.14801884347730904,0.27269194976884475
N4-E36_fold2_seed20261006,N4-E36,2,20261006,35,exact_joint_hurdle_nll,0.7018903965556372,2.5423309008280435,0.07936468968788783,0.10111997028191884,0.10111997028191884,2.462966044743856,0.1467997362277116,0.2748395819805321
N4-E36_fold2_seed20261006,N4-E36,2,20261006,36,exact_joint_hurdle_nll,0.7018903965556372,2.541696548461914,0.07812592511375745,0.09985494365294774,0.09985494365294774,2.4635704358418784,0.14589115359629176,0.2711055201817268
N4-E36_fold3_seed20261002,N4-E36,3,20261002,1,exact_joint_hurdle_nll,0.7018903965556372,4.479698538780212,1.0585856139659882,1.0967022478580475,1.0967022478580475,3.4211131930351257,1.150944571534216,0.009359291967127642
N4-E36_fold3_seed20261002,N4-E36,3,20261002,2,exact_joint_hurdle_nll,0.7018903965556372,4.340988397598267,0.9848555773496628,1.0223242044448853,1.0223242044448853,3.3561328053474426,1.0748217432148652,0.009395138210407748
N4-E36_fold3_seed20261002,N4-E36,3,20261002,3,exact_joint_hurdle_nll,0.7018903965556372,4.2212302684783936,0.9175686985254288,0.9543628543615341,0.9543628543615341,3.303661584854126,1.0068783152402447,0.009418188908812287
N4-E36_fold3_seed20261002,N4-E36,3,20261002,4,exact_joint_hurdle_nll,0.7018903965556372,4.112571537494659,0.8585025072097778,0.8948405086994171,0.8948405086994171,3.254069149494171,0.949281267641144,0.009399530533688506
N4-E36_fold3_seed20261002,N4-E36,3,20261002,5,exact_joint_hurdle_nll,0.7018903965556372,4.016932010650635,0.8077978491783142,0.8435671329498291,0.8435671329498291,3.2091339230537415,0.8995586001323155,0.009342336699813759
N4-E36_fold3_seed20261002,N4-E36,3,20261002,6,exact_joint_hurdle_nll,0.7018903965556372,3.924668788909912,0.762441024184227,0.7977167367935181,0.7977167367935181,3.1622278094291687,0.8537608241305804,0.009269201582351111
N4-E36_fold3_seed20261002,N4-E36,3,20261002,7,exact_joint_hurdle_nll,0.7018903965556372,3.8297030329704285,0.7195193767547607,0.7542066872119904,0.7542066872119904,3.110183596611023,0.8096381694976601,0.009216999483956137
N4-E36_fold3_seed20261002,N4-E36,3,20261002,8,exact_joint_hurdle_nll,0.7018903965556372,3.741084098815918,0.6778882145881653,0.7120820581912994,0.7120820581912994,3.0631958842277527,0.7656842356900174,0.009197063417316959
N4-E36_fold3_seed20261002,N4-E36,3,20261002,9,exact_joint_hurdle_nll,0.7018903965556372,3.6451377272605896,0.6365529894828796,0.670233279466629,0.670233279466629,3.00858473777771,0.7209637616230131,0.009207575869614612
N4-E36_fold3_seed20261002,N4-E36,3,20261002,10,exact_joint_hurdle_nll,0.7018903965556372,3.5581365823745728,0.5956977158784866,0.6288309246301651,0.6288309246301651,2.9624385237693787,0.6750493350255312,0.009255721224110365
N4-E36_fold3_seed20261002,N4-E36,3,20261002,11,exact_joint_hurdle_nll,0.7018903965556372,3.4740235805511475,0.5554110705852509,0.588003396987915,0.588003396987915,2.918612539768219,0.6295982210062538,0.00934068629611358
N4-E36_fold3_seed20261002,N4-E36,3,20261002,12,exact_joint_hurdle_nll,0.7018903965556372,3.373721718788147,0.5180007144808769,0.5499295294284821,0.5499295294284821,2.855721175670624,0.5879059947584925,0.009351043772937129
N4-E36_fold3_seed20261002,N4-E36,3,20261002,13,exact_joint_hurdle_nll,0.7018903965556372,3.290663242340088,0.48560965061187744,0.5170205309987068,0.5170205309987068,2.8050536513328552,0.552286909829188,0.009281255398986804
N4-E36_fold3_seed20261002,N4-E36,3,20261002,14,exact_joint_hurdle_nll,0.7018903965556372,3.229232430458069,0.45924531668424606,0.4902658313512802,0.4902658313512802,2.7699872851371765,0.5226287283898785,0.009249846571707196
N4-E36_fold3_seed20261002,N4-E36,3,20261002,15,exact_joint_hurdle_nll,0.7018903965556372,3.1792231798171997,0.4360823705792427,0.4667690247297287,0.4667690247297287,2.7431408166885376,0.49610568421188433,0.0092598824121543
N4-E36_fold3_seed20261002,N4-E36,3,20261002,16,exact_joint_hurdle_nll,0.7018903965556372,3.12842059135437,0.41424670815467834,0.4445907175540924,0.4445907175540924,2.7141738533973694,0.4705551096541637,0.009290542829749166
N4-E36_fold3_seed20261002,N4-E36,3,20261002,17,exact_joint_hurdle_nll,0.7018903965556372,3.0712421536445618,0.3919871300458908,0.4220424219965935,0.4220424219965935,2.6792551279067993,0.4446261770941294,0.009377510172400025
N4-E36_fold3_seed20261002,N4-E36,3,20261002,18,exact_joint_hurdle_nll,0.7018903965556372,3.018792510032654,0.3693006709218025,0.3990563228726387,0.3990563228726387,2.649491786956787,0.417938297755682,0.009507658311779575
N4-E36_fold3_seed20261002,N4-E36,3,20261002,19,exact_joint_hurdle_nll,0.7018903965556372,2.976826548576355,0.34651605784893036,0.37604693323373795,0.37604693323373795,2.630310356616974,0.3904249637493938,0.009862942623433336
N4-E36_fold3_seed20261002,N4-E36,3,20261002,20,exact_joint_hurdle_nll,0.7018903965556372,2.925263226032257,0.3234453946352005,0.3526917099952698,0.3526917099952698,2.6018177270889282,0.36329855139373757,0.010656702563006387
N4-E36_fold3_seed20261002,N4-E36,3,20261002,21,exact_joint_hurdle_nll,0.7018903965556372,2.876512050628662,0.30093101412057877,0.3298858627676964,0.3298858627676964,2.5755808353424072,0.33939318531450513,0.011506520944434651
N4-E36_fold3_seed20261002,N4-E36,3,20261002,22,exact_joint_hurdle_nll,0.7018903965556372,2.8337206840515137,0.2799941897392273,0.3086806908249855,0.3086806908249855,2.5537264943122864,0.317422055775835,0.012384008358757255
N4-E36_fold3_seed20261002,N4-E36,3,20261002,23,exact_joint_hurdle_nll,0.7018903965556372,2.796174466609955,0.2593468129634857,0.28780826926231384,0.28780826926231384,2.536827564239502,0.2956121269673808,0.013317576741632146
N4-E36_fold3_seed20261002,N4-E36,3,20261002,24,exact_joint_hurdle_nll,0.7018903965556372,2.796370565891266,0.2382817193865776,0.2668404392898083,0.2668404392898083,2.558088958263397,0.27411928152373793,0.015495593656456575
N4-E36_fold3_seed20261002,N4-E36,3,20261002,25,exact_joint_hurdle_nll,0.7018903965556372,2.7916776537895203,0.22066442668437958,0.24944234639406204,0.24944234639406204,2.5710132122039795,0.25676828337753504,0.0195829973891497
N4-E36_fold3_seed20261002,N4-E36,3,20261002,26,exact_joint_hurdle_nll,0.7018903965556372,2.7860432267189026,0.20725462213158607,0.23605135083198547,0.23605135083198547,2.5787885189056396,0.2428565223139384,0.023569653436671174
N4-E36_fold3_seed20261002,N4-E36,3,20261002,27,exact_joint_hurdle_nll,0.7018903965556372,2.7588788866996765,0.19633658602833748,0.2250269427895546,0.2250269427895546,2.5625422596931458,0.23125662783432432,0.02574374384946988
N4-E36_fold3_seed20261002,N4-E36,3,20261002,28,exact_joint_hurdle_nll,0.7018903965556372,2.7316550612449646,0.18676165491342545,0.2152312658727169,0.2152312658727169,2.544893264770508,0.22083200033379452,0.030100269446935855
N4-E36_fold3_seed20261002,N4-E36,3,20261002,29,exact_joint_hurdle_nll,0.7018903965556372,2.6982955932617188,0.17870644479990005,0.20690391585230827,0.20690391585230827,2.5195892453193665,0.21219092417061305,0.03724701042932927
N4-E36_fold3_seed20261002,N4-E36,3,20261002,30,exact_joint_hurdle_nll,0.7018903965556372,2.670840859413147,0.17179211229085922,0.1997232660651207,0.1997232660651207,2.4990488290786743,0.20499200821214458,0.04264977229234138
N4-E36_fold3_seed20261002,N4-E36,3,20261002,31,exact_joint_hurdle_nll,0.7018903965556372,2.647088408470154,0.1656733602285385,0.19336877018213272,0.19336877018213272,2.4814149141311646,0.19876623640372684,0.04457638751579156
N4-E36_fold3_seed20261002,N4-E36,3,20261002,32,exact_joint_hurdle_nll,0.7018903965556372,2.6279680132865906,0.15982640534639359,0.18735188990831375,0.18735188990831375,2.4681414365768433,0.19300839431926428,0.045611046556431716
N4-E36_fold3_seed20261002,N4-E36,3,20261002,33,exact_joint_hurdle_nll,0.7018903965556372,2.6056137084960938,0.15412726625800133,0.18151522800326347,0.18151522800326347,2.451486587524414,0.18756356538951177,0.049046767454184265
N4-E36_fold3_seed20261002,N4-E36,3,20261002,34,exact_joint_hurdle_nll,0.7018903965556372,2.5939624905586243,0.14901816844940186,0.17633235827088356,0.17633235827088356,2.444944202899933,0.18272110162548794,0.051759105368230994
N4-E36_fold3_seed20261002,N4-E36,3,20261002,35,exact_joint_hurdle_nll,0.7018903965556372,2.5837745666503906,0.14416126534342766,0.17142708599567413,0.17142708599567413,2.439613103866577,0.17826906263434827,0.05359603136550783
N4-E36_fold3_seed20261002,N4-E36,3,20261002,36,exact_joint_hurdle_nll,0.7018903965556372,2.5735644698143005,0.13954702764749527,0.16675462201237679,0.16675462201237679,2.4340174198150635,0.17410409233812105,0.05556153714007863
N4-E36_fold3_seed20261003,N4-E36,3,20261003,1,exact_joint_hurdle_nll,0.7018903965556372,3.368068039417267,0.5763632506132126,0.6073696464300156,0.6073696464300156,2.791704773902893,0.5621859107698701,0.049174911925785075
N4-E36_fold3_seed20261003,N4-E36,3,20261003,2,exact_joint_hurdle_nll,0.7018903965556372,3.319347083568573,0.5273538380861282,0.5583095252513885,0.5583095252513885,2.7919933795928955,0.521304747558611,0.037188310559542456
N4-E36_fold3_seed20261003,N4-E36,3,20261003,3,exact_joint_hurdle_nll,0.7018903965556372,3.2716795802116394,0.4844105616211891,0.5153551995754242,0.5153551995754242,2.7872692346572876,0.48279105941367556,0.02812432740220745
N4-E36_fold3_seed20261003,N4-E36,3,20261003,4,exact_joint_hurdle_nll,0.7018903965556372,3.2353151440620422,0.4464614912867546,0.4774887263774872,0.4774887263774872,2.7888535261154175,0.44691931511083494,0.025810867060547478
N4-E36_fold3_seed20261003,N4-E36,3,20261003,5,exact_joint_hurdle_nll,0.7018903965556372,3.2060858011245728,0.41273947805166245,0.44389107823371887,0.44389107823371887,2.7933464646339417,0.414485045590616,0.023636188764194592
N4-E36_fold3_seed20261003,N4-E36,3,20261003,6,exact_joint_hurdle_nll,0.7018903965556372,3.1768122911453247,0.3825080245733261,0.4137491434812546,0.4137491434812546,2.7943040132522583,0.38637796985964273,0.022295679799731984
N4-E36_fold3_seed20261003,N4-E36,3,20261003,7,exact_joint_hurdle_nll,0.7018903965556372,3.164043962955475,0.3552948087453842,0.38664909452199936,0.38664909452199936,2.8087490797042847,0.36098504732859243,0.02252149640997425
N4-E36_fold3_seed20261003,N4-E36,3,20261003,8,exact_joint_hurdle_nll,0.7018903965556372,3.1287503838539124,0.32998862862586975,0.3613756448030472,0.3613756448030472,2.7987619638442993,0.33716373270396033,0.02375775660144153
N4-E36_fold3_seed20261003,N4-E36,3,20261003,9,exact_joint_hurdle_nll,0.7018903965556372,3.1073171496391296,0.3057600408792496,0.3371591418981552,0.3371591418981552,2.8015570044517517,0.31469351442946547,0.02666839003027356
N4-E36_fold3_seed20261003,N4-E36,3,20261003,10,exact_joint_hurdle_nll,0.7018903965556372,3.086716413497925,0.282745324075222,0.3141513913869858,0.3141513913869858,2.803970694541931,0.294152639874542,0.031300826395436784
N4-E36_fold3_seed20261003,N4-E36,3,20261003,11,exact_joint_hurdle_nll,0.7018903965556372,3.0583600997924805,0.261111855506897,0.2923852205276489,0.2923852205276489,2.7972482442855835,0.27612339199518293,0.03427594787916247
N4-E36_fold3_seed20261003,N4-E36,3,20261003,12,exact_joint_hurdle_nll,0.7018903965556372,3.0179086923599243,0.24143628031015396,0.2724803723394871,0.2724803723394871,2.7764722108840942,0.2601401879597867,0.03420324664088306
N4-E36_fold3_seed20261003,N4-E36,3,20261003,13,exact_joint_hurdle_nll,0.7018903965556372,2.983938753604889,0.22350600361824036,0.2544076219201088,0.2544076219201088,2.760432541370392,0.24570493295398213,0.03266564301432305
N4-E36_fold3_seed20261003,N4-E36,3,20261003,14,exact_joint_hurdle_nll,0.7018903965556372,2.9554558992385864,0.20741614699363708,0.23813707381486893,0.23813707381486893,2.7480396032333374,0.23269785906145737,0.031921660018889964
N4-E36_fold3_seed20261003,N4-E36,3,20261003,15,exact_joint_hurdle_nll,0.7018903965556372,2.917065441608429,0.19294170662760735,0.22335020452737808,0.22335020452737808,2.7241235971450806,0.22098851712802106,0.0326597376559154
N4-E36_fold3_seed20261003,N4-E36,3,20261003,16,exact_joint_hurdle_nll,0.7018903965556372,2.8750306367874146,0.1801498420536518,0.2101551964879036,0.2101551964879036,2.694880783557892,0.2107865797293478,0.033065696438470044
N4-E36_fold3_seed20261003,N4-E36,3,20261003,17,exact_joint_hurdle_nll,0.7018903965556372,2.8277313709259033,0.16925255581736565,0.19890941679477692,0.19890941679477692,2.658478796482086,0.20204961415655845,0.030691724936665638
N4-E36_fold3_seed20261003,N4-E36,3,20261003,18,exact_joint_hurdle_nll,0.7018903965556372,2.789879620075226,0.15973088890314102,0.18906927108764648,0.18906927108764648,2.630148708820343,0.1942539176605813,0.027779989002986435
N4-E36_fold3_seed20261003,N4-E36,3,20261003,19,exact_joint_hurdle_nll,0.7018903965556372,2.755001664161682,0.15112536773085594,0.18019801750779152,0.18019801750779152,2.603876233100891,0.1870580737702559,0.025547880112914114
N4-E36_fold3_seed20261003,N4-E36,3,20261003,20,exact_joint_hurdle_nll,0.7018903965556372,2.721277356147766,0.14322633296251297,0.1719876453280449,0.1719876453280449,2.578050911426544,0.1804504714866085,0.02556025129477764
N4-E36_fold3_seed20261003,N4-E36,3,20261003,21,exact_joint_hurdle_nll,0.7018903965556372,2.6901440024375916,0.1365637257695198,0.16501500084996223,0.16501500084996223,2.553580343723297,0.17457363485992589,0.02761808282364854
N4-E36_fold3_seed20261003,N4-E36,3,20261003,22,exact_joint_hurdle_nll,0.7018903965556372,2.6559172868728638,0.1306480709463358,0.15883322805166245,0.15883322805166245,2.5252692103385925,0.16938907987414156,0.03104109733275519
N4-E36_fold3_seed20261003,N4-E36,3,20261003,23,exact_joint_hurdle_nll,0.7018903965556372,2.629270374774933,0.12549989856779575,0.15344009175896645,0.15344009175896645,2.503770351409912,0.16489200925664751,0.035054214509568186
N4-E36_fold3_seed20261003,N4-E36,3,20261003,24,exact_joint_hurdle_nll,0.7018903965556372,2.5988081097602844,0.12084430642426014,0.1485547311604023,0.1485547311604023,2.4779638051986694,0.16089538315546728,0.03904788429545761
N4-E36_fold3_seed20261003,N4-E36,3,20261003,25,exact_joint_hurdle_nll,0.7018903965556372,2.588587522506714,0.11664162762463093,0.14420117996633053,0.14420117996633053,2.471945881843567,0.15726570357036895,0.043447930410053355
N4-E36_fold3_seed20261003,N4-E36,3,20261003,26,exact_joint_hurdle_nll,0.7018903965556372,2.56537663936615,0.11303688958287239,0.14041327685117722,0.14041327685117722,2.452339768409729,0.15397435545366103,0.048988194550935935
N4-E36_fold3_seed20261003,N4-E36,3,20261003,27,exact_joint_hurdle_nll,0.7018903965556372,2.549403190612793,0.10989080183207989,0.13711913861334324,0.13711913861334324,2.4395124912261963,0.1510124666941444,0.05557819100288717
N4-E36_fold3_seed20261003,N4-E36,3,20261003,28,exact_joint_hurdle_nll,0.7018903965556372,2.5386770963668823,0.10709492862224579,0.13425002805888653,0.13425002805888653,2.431582033634186,0.14836875910432967,0.06135655156115966
N4-E36_fold3_seed20261003,N4-E36,3,20261003,29,exact_joint_hurdle_nll,0.7018903965556372,2.5225812196731567,0.10426332429051399,0.1312894243746996,0.1312894243746996,2.4183178544044495,0.14557199690043301,0.06521662906822603
N4-E36_fold3_seed20261003,N4-E36,3,20261003,30,exact_joint_hurdle_nll,0.7018903965556372,2.507931709289551,0.10086207278072834,0.12777256406843662,0.12777256406843662,2.4070695638656616,0.1426671239610126,0.06379080375700122
N4-E36_fold3_seed20261003,N4-E36,3,20261003,31,exact_joint_hurdle_nll,0.7018903965556372,2.4955562353134155,0.09746574983000755,0.124278973788023,0.124278973788023,2.3980906009674072,0.14011645726317623,0.056943314215047454
N4-E36_fold3_seed20261003,N4-E36,3,20261003,32,exact_joint_hurdle_nll,0.7018903965556372,2.47508305311203,0.09406942501664162,0.12072673812508583,0.12072673812508583,2.381013572216034,0.1371843135147995,0.05162003671322155
N4-E36_fold3_seed20261003,N4-E36,3,20261003,33,exact_joint_hurdle_nll,0.7018903965556372,2.46260267496109,0.09046544693410397,0.1170249842107296,0.1170249842107296,2.3721373081207275,0.1339226627208265,0.04809035095301608
N4-E36_fold3_seed20261003,N4-E36,3,20261003,34,exact_joint_hurdle_nll,0.7018903965556372,2.449768602848053,0.08708252012729645,0.11353262886404991,0.11353262886404991,2.362685978412628,0.13103129606483624,0.049503573260719164
N4-E36_fold3_seed20261003,N4-E36,3,20261003,35,exact_joint_hurdle_nll,0.7018903965556372,2.4467758536338806,0.08443157002329826,0.11079076677560806,0.11079076677560806,2.362344205379486,0.12879804819444346,0.05675591694496805
N4-E36_fold3_seed20261003,N4-E36,3,20261003,36,exact_joint_hurdle_nll,0.7018903965556372,2.4301781058311462,0.0826373603194952,0.10893506929278374,0.10893506929278374,2.3475406765937805,0.12731254943991577,0.06319991598319587
N4-E36_fold3_seed20261004,N4-E36,3,20261004,1,exact_joint_hurdle_nll,0.7018903965556372,3.979905605316162,1.0034310668706894,1.036737710237503,1.036737710237503,2.976474642753601,0.9575924182847905,0.035295965570563144
N4-E36_fold3_seed20261004,N4-E36,3,20261004,2,exact_joint_hurdle_nll,0.7018903965556372,3.893489122390747,0.9500249922275543,0.9829488545656204,0.9829488545656204,2.9434641003608704,0.9089001763056099,0.03526321206839483
N4-E36_fold3_seed20261004,N4-E36,3,20261004,3,exact_joint_hurdle_nll,0.7018903965556372,3.813962161540985,0.9017993211746216,0.9343070536851883,0.9343070536851883,2.912163197994232,0.8644075186683347,0.035721184369952905
N4-E36_fold3_seed20261004,N4-E36,3,20261004,4,exact_joint_hurdle_nll,0.7018903965556372,3.7275862097740173,0.8563277572393417,0.8884990960359573,0.8884990960359573,2.871258497238159,0.8216039150436965,0.036641737095359526
N4-E36_fold3_seed20261004,N4-E36,3,20261004,5,exact_joint_hurdle_nll,0.7018903965556372,3.6449299454689026,0.8118230849504471,0.8436130285263062,0.8436130285263062,2.833106756210327,0.7790278141730689,0.037122886052606704
N4-E36_fold3_seed20261004,N4-E36,3,20261004,6,exact_joint_hurdle_nll,0.7018903965556372,3.576558232307434,0.768161803483963,0.7996217459440231,0.7996217459440231,2.8083963990211487,0.7358081196378566,0.03795064561139697
N4-E36_fold3_seed20261004,N4-E36,3,20261004,7,exact_joint_hurdle_nll,0.7018903965556372,3.510252594947815,0.723178967833519,0.7543545961380005,0.7543545961380005,2.7870734333992004,0.6914540328488977,0.042003766329033576
N4-E36_fold3_seed20261004,N4-E36,3,20261004,8,exact_joint_hurdle_nll,0.7018903965556372,3.434206247329712,0.6758214682340622,0.7066916674375534,0.7066916674375534,2.7583848237991333,0.64513939231603,0.05326807457083978
N4-E36_fold3_seed20261004,N4-E36,3,20261004,9,exact_joint_hurdle_nll,0.7018903965556372,3.3691447377204895,0.6245687901973724,0.6552373915910721,0.6552373915910721,2.7445759177207947,0.5978744453871186,0.05648179494969562
N4-E36_fold3_seed20261004,N4-E36,3,20261004,10,exact_joint_hurdle_nll,0.7018903965556372,3.29038405418396,0.570629209280014,0.6010594218969345,0.6010594218969345,2.719754934310913,0.5537289021952144,0.04173780988857304
N4-E36_fold3_seed20261004,N4-E36,3,20261004,11,exact_joint_hurdle_nll,0.7018903965556372,3.2374594807624817,0.5188824683427811,0.5492012649774551,0.5492012649774551,2.7185769081115723,0.5155474535095702,0.0146958668816509
N4-E36_fold3_seed20261004,N4-E36,3,20261004,12,exact_joint_hurdle_nll,0.7018903965556372,3.194805383682251,0.4728597030043602,0.5032259672880173,0.5032259672880173,2.7219457030296326,0.4787549963222355,0.010007575382721673
N4-E36_fold3_seed20261004,N4-E36,3,20261004,13,exact_joint_hurdle_nll,0.7018903965556372,3.1539668440818787,0.43103446811437607,0.4613862484693527,0.4613862484693527,2.7229321599006653,0.43947509507343635,0.009418882998390167
N4-E36_fold3_seed20261004,N4-E36,3,20261004,14,exact_joint_hurdle_nll,0.7018903965556372,3.0904374718666077,0.38961613923311234,0.41980283707380295,0.41980283707380295,2.7008214592933655,0.4002460169554292,0.009422503915779567
N4-E36_fold3_seed20261004,N4-E36,3,20261004,15,exact_joint_hurdle_nll,0.7018903965556372,3.0212205052375793,0.3504892587661743,0.38038840144872665,0.38038840144872665,2.6707313656806946,0.36447303098048744,0.009665126457171288
N4-E36_fold3_seed20261004,N4-E36,3,20261004,16,exact_joint_hurdle_nll,0.7018903965556372,2.9567149877548218,0.31544379144907,0.34500523656606674,0.34500523656606674,2.641271471977234,0.3331996297774355,0.010100096850961401
N4-E36_fold3_seed20261004,N4-E36,3,20261004,17,exact_joint_hurdle_nll,0.7018903965556372,2.904579520225525,0.28507761657238007,0.31435807794332504,0.31435807794332504,2.6195018887519836,0.3073383571192872,0.010552611433588762
N4-E36_fold3_seed20261004,N4-E36,3,20261004,18,exact_joint_hurdle_nll,0.7018903965556372,2.852732241153717,0.25991157442331314,0.28893548995256424,0.28893548995256424,2.592820644378662,0.2866126230640828,0.01064473265260336
N4-E36_fold3_seed20261004,N4-E36,3,20261004,19,exact_joint_hurdle_nll,0.7018903965556372,2.8028661012649536,0.23853853717446327,0.2673245891928673,0.2673245891928673,2.564327597618103,0.2692573804421504,0.010514286753947498
N4-E36_fold3_seed20261004,N4-E36,3,20261004,20,exact_joint_hurdle_nll,0.7018903965556372,2.764465570449829,0.21942437812685966,0.2479800134897232,0.2479800134897232,2.54504132270813,0.2533696435314213,0.010502484483563496
N4-E36_fold3_seed20261004,N4-E36,3,20261004,21,exact_joint_hurdle_nll,0.7018903965556372,2.733977258205414,0.20199210196733475,0.23034470155835152,0.23034470155835152,2.531985104084015,0.2371553688853265,0.010677091057736905
N4-E36_fold3_seed20261004,N4-E36,3,20261004,22,exact_joint_hurdle_nll,0.7018903965556372,2.6930606961250305,0.18525245785713196,0.21338747814297676,0.21338747814297676,2.5078083276748657,0.22113878270556062,0.010867494044193153
N4-E36_fold3_seed20261004,N4-E36,3,20261004,23,exact_joint_hurdle_nll,0.7018903965556372,2.6567007899284363,0.1703958548605442,0.19824284315109253,0.19824284315109253,2.486304998397827,0.20870024530591666,0.010903039887334565
N4-E36_fold3_seed20261004,N4-E36,3,20261004,24,exact_joint_hurdle_nll,0.7018903965556372,2.625437617301941,0.1601339727640152,0.18777591735124588,0.18777591735124588,2.4653034806251526,0.20004776996955462,0.011361908091216495
N4-E36_fold3_seed20261004,N4-E36,3,20261004,25,exact_joint_hurdle_nll,0.7018903965556372,2.6127317547798157,0.15273210033774376,0.1803046092391014,0.1803046092391014,2.459999680519104,0.19315295767495594,0.011968076736696948
N4-E36_fold3_seed20261004,N4-E36,3,20261004,26,exact_joint_hurdle_nll,0.7018903965556372,2.5956124663352966,0.14641699194908142,0.1739002764225006,0.1739002764225006,2.449195384979248,0.1872005774645628,0.012674082482734094
N4-E36_fold3_seed20261004,N4-E36,3,20261004,27,exact_joint_hurdle_nll,0.7018903965556372,2.5816749334335327,0.14092278480529785,0.16829688474535942,0.16829688474535942,2.4407522082328796,0.18194154633106532,0.013524536698036391
N4-E36_fold3_seed20261004,N4-E36,3,20261004,28,exact_joint_hurdle_nll,0.7018903965556372,2.5656659603118896,0.13602290488779545,0.16328644752502441,0.16328644752502441,2.429643213748932,0.1772550039438374,0.014590811051319808
N4-E36_fold3_seed20261004,N4-E36,3,20261004,29,exact_joint_hurdle_nll,0.7018903965556372,2.5501204133033752,0.13165158964693546,0.15877795219421387,0.15877795219421387,2.418468952178955,0.17300753228917046,0.015953260020355693
N4-E36_fold3_seed20261004,N4-E36,3,20261004,30,exact_joint_hurdle_nll,0.7018903965556372,2.536923348903656,0.12766788713634014,0.15467967092990875,0.15467967092990875,2.4092554450035095,0.16922290961835085,0.017128282746306678
N4-E36_fold3_seed20261004,N4-E36,3,20261004,31,exact_joint_hurdle_nll,0.7018903965556372,2.5309621691703796,0.12405638955533504,0.1509353704750538,0.1509353704750538,2.406905710697174,0.165945382323612,0.017073487530849307
N4-E36_fold3_seed20261004,N4-E36,3,20261004,32,exact_joint_hurdle_nll,0.7018903965556372,2.5117506980895996,0.12065823934972286,0.14741885289549828,0.14741885289549828,2.391092360019684,0.1629308168015464,0.016796171750082432
N4-E36_fold3_seed20261004,N4-E36,3,20261004,33,exact_joint_hurdle_nll,0.7018903965556372,2.497017562389374,0.11736974120140076,0.14400020614266396,0.14400020614266396,2.3796478509902954,0.15989074701066106,0.01749258279299116
N4-E36_fold3_seed20261004,N4-E36,3,20261004,34,exact_joint_hurdle_nll,0.7018903965556372,2.485123336315155,0.11391922272741795,0.14044895209372044,0.14044895209372044,2.371204137802124,0.15677517188002082,0.01934143659709489
N4-E36_fold3_seed20261004,N4-E36,3,20261004,35,exact_joint_hurdle_nll,0.7018903965556372,2.475837290287018,0.11062205955386162,0.13706236146390438,0.13706236146390438,2.3652151226997375,0.1537294453874993,0.02176782592466378
N4-E36_fold3_seed20261004,N4-E36,3,20261004,36,exact_joint_hurdle_nll,0.7018903965556372,2.462490499019623,0.10754998959600925,0.13393326476216316,0.13393326476216316,2.3549405932426453,0.1509942151381199,0.02423508466651097
N4-E36_fold3_seed20261005,N4-E36,3,20261005,1,exact_joint_hurdle_nll,0.7018903965556372,3.269646167755127,0.5054444968700409,0.5365501940250397,0.5365501940250397,2.7642014622688293,0.522179962761316,0.023861901614078557
N4-E36_fold3_seed20261005,N4-E36,3,20261005,2,exact_joint_hurdle_nll,0.7018903965556372,3.196524202823639,0.4687138646841049,0.49938976019620895,0.49938976019620895,2.7278104424476624,0.4884841090840561,0.026290260001383535
N4-E36_fold3_seed20261005,N4-E36,3,20261005,3,exact_joint_hurdle_nll,0.7018903965556372,3.1408825516700745,0.4388921484351158,0.469247505068779,0.469247505068779,2.7019903659820557,0.4601252023695383,0.028095425765593634
N4-E36_fold3_seed20261005,N4-E36,3,20261005,4,exact_joint_hurdle_nll,0.7018903965556372,3.0825559496879578,0.4124712273478508,0.44245436787605286,0.44245436787605286,2.6700847148895264,0.4341142349555517,0.031112031538330358
N4-E36_fold3_seed20261005,N4-E36,3,20261005,5,exact_joint_hurdle_nll,0.7018903965556372,3.0367481112480164,0.38775455951690674,0.41742994636297226,0.41742994636297226,2.6489935517311096,0.40905492130421006,0.03625245895454385
N4-E36_fold3_seed20261005,N4-E36,3,20261005,6,exact_joint_hurdle_nll,0.7018903965556372,2.982094645500183,0.36423803120851517,0.39361122250556946,0.39361122250556946,2.617856442928314,0.3845001506247799,0.04221419836909297
N4-E36_fold3_seed20261005,N4-E36,3,20261005,7,exact_joint_hurdle_nll,0.7018903965556372,2.944726347923279,0.3412114754319191,0.3703627735376358,0.3703627735376358,2.603514790534973,0.3601772284961849,0.04543254778901027
N4-E36_fold3_seed20261005,N4-E36,3,20261005,8,exact_joint_hurdle_nll,0.7018903965556372,2.8956024050712585,0.31797876954078674,0.3467956781387329,0.3467956781387329,2.5776236057281494,0.3358218480600627,0.04838095117845909
N4-E36_fold3_seed20261005,N4-E36,3,20261005,9,exact_joint_hurdle_nll,0.7018903965556372,2.8479788303375244,0.2945619747042656,0.3230775222182274,0.3230775222182274,2.5534170269966125,0.3117726945999834,0.055069922372190924
N4-E36_fold3_seed20261005,N4-E36,3,20261005,10,exact_joint_hurdle_nll,0.7018903965556372,2.7942190170288086,0.2711854428052902,0.299430713057518,0.299430713057518,2.5230334401130676,0.28867708567544864,0.06502665407182406
N4-E36_fold3_seed20261005,N4-E36,3,20261005,11,exact_joint_hurdle_nll,0.7018903965556372,2.7462241649627686,0.24847900494933128,0.27646931260824203,0.27646931260824203,2.497745096683502,0.266917926874806,0.07027597862476333
N4-E36_fold3_seed20261005,N4-E36,3,20261005,12,exact_joint_hurdle_nll,0.7018903965556372,2.7106571197509766,0.22802454978227615,0.2558208853006363,0.2558208853006363,2.482632577419281,0.2466148294081394,0.07236497872192386
N4-E36_fold3_seed20261005,N4-E36,3,20261005,13,exact_joint_hurdle_nll,0.7018903965556372,2.6785747408866882,0.2100207731127739,0.23767288029193878,0.23767288029193878,2.4685539603233337,0.2285075657704823,0.07990747862937367
N4-E36_fold3_seed20261005,N4-E36,3,20261005,14,exact_joint_hurdle_nll,0.7018903965556372,2.6462578177452087,0.1936328001320362,0.2211528792977333,0.2211528792977333,2.4526251554489136,0.2128483428946178,0.0889939798486
N4-E36_fold3_seed20261005,N4-E36,3,20261005,15,exact_joint_hurdle_nll,0.7018903965556372,2.6289696097373962,0.17818093299865723,0.20564545691013336,0.20564545691013336,2.450788676738739,0.19884174777325317,0.09498727412546774
N4-E36_fold3_seed20261005,N4-E36,3,20261005,16,exact_joint_hurdle_nll,0.7018903965556372,2.6025707125663757,0.16327066347002983,0.1906093880534172,0.1906093880534172,2.439300060272217,0.18628690501803188,0.10159689469138394
N4-E36_fold3_seed20261005,N4-E36,3,20261005,17,exact_joint_hurdle_nll,0.7018903965556372,2.580745279788971,0.1495746746659279,0.1768089272081852,0.1768089272081852,2.4311704635620117,0.17576060374845182,0.11184593950718677
N4-E36_fold3_seed20261005,N4-E36,3,20261005,18,exact_joint_hurdle_nll,0.7018903965556372,2.5597034692764282,0.13826178759336472,0.16534215956926346,0.16534215956926346,2.421441674232483,0.16776146078850326,0.11262893015523079
N4-E36_fold3_seed20261005,N4-E36,3,20261005,19,exact_joint_hurdle_nll,0.7018903965556372,2.538244843482971,0.12915704026818275,0.15611335821449757,0.15611335821449757,2.4090880155563354,0.16153813098140038,0.11105698918389084
N4-E36_fold3_seed20261005,N4-E36,3,20261005,20,exact_joint_hurdle_nll,0.7018903965556372,2.517616868019104,0.12175817787647247,0.14859815128147602,0.14859815128147602,2.395858645439148,0.156468931730029,0.10963931842009364
N4-E36_fold3_seed20261005,N4-E36,3,20261005,21,exact_joint_hurdle_nll,0.7018903965556372,2.501699447631836,0.11597029119729996,0.1427168808877468,0.1427168808877468,2.3857293128967285,0.15217096993416787,0.1117005387812285
N4-E36_fold3_seed20261005,N4-E36,3,20261005,22,exact_joint_hurdle_nll,0.7018903965556372,2.492633819580078,0.11106657236814499,0.13776453770697117,0.13776453770697117,2.3815674781799316,0.14849121256811532,0.11654195647695002
N4-E36_fold3_seed20261005,N4-E36,3,20261005,23,exact_joint_hurdle_nll,0.7018903965556372,2.483609974384308,0.10707392357289791,0.13369510509073734,0.13369510509073734,2.3765360713005066,0.14548188212195376,0.12070138887792156
N4-E36_fold3_seed20261005,N4-E36,3,20261005,24,exact_joint_hurdle_nll,0.7018903965556372,2.4802032113075256,0.10361015610396862,0.13020642288029194,0.13020642288029194,2.3765931725502014,0.14295859165962801,0.12212433113027811
N4-E36_fold3_seed20261005,N4-E36,3,20261005,25,exact_joint_hurdle_nll,0.7018903965556372,2.474485993385315,0.10063722543418407,0.1271420381963253,0.1271420381963253,2.373848855495453,0.14067109301037195,0.12119444288663303
N4-E36_fold3_seed20261005,N4-E36,3,20261005,26,exact_joint_hurdle_nll,0.7018903965556372,2.460668921470642,0.09773953631520271,0.12417261488735676,0.12417261488735676,2.362929403781891,0.13824247168755394,0.11897378370386384
N4-E36_fold3_seed20261005,N4-E36,3,20261005,27,exact_joint_hurdle_nll,0.7018903965556372,2.448858141899109,0.09483426064252853,0.12118744477629662,0.12118744477629662,2.3540241718292236,0.13560824260182883,0.12225747917293367
N4-E36_fold3_seed20261005,N4-E36,3,20261005,28,exact_joint_hurdle_nll,0.7018903965556372,2.4464088082313538,0.09228051267564297,0.11859017424285412,0.11859017424285412,2.3541281819343567,0.1333754922963,0.12793332093353457
N4-E36_fold3_seed20261005,N4-E36,3,20261005,29,exact_joint_hurdle_nll,0.7018903965556372,2.4354166388511658,0.09010929986834526,0.11636870354413986,0.11636870354413986,2.3453072905540466,0.13152861537981994,0.1313834915723382
N4-E36_fold3_seed20261005,N4-E36,3,20261005,30,exact_joint_hurdle_nll,0.7018903965556372,2.428890109062195,0.08810688555240631,0.1143370121717453,0.1143370121717453,2.340783178806305,0.13002741540055232,0.12756756410025716
N4-E36_fold3_seed20261005,N4-E36,3,20261005,31,exact_joint_hurdle_nll,0.7018903965556372,2.429758667945862,0.08625144697725773,0.11245473101735115,0.11245473101735115,2.34350723028183,0.12841572430286144,0.12291440835239363
N4-E36_fold3_seed20261005,N4-E36,3,20261005,32,exact_joint_hurdle_nll,0.7018903965556372,2.4184234142303467,0.08395234681665897,0.11010360531508923,0.11010360531508923,2.33447128534317,0.12601945880926343,0.12013855355072015
N4-E36_fold3_seed20261005,N4-E36,3,20261005,33,exact_joint_hurdle_nll,0.7018903965556372,2.411614775657654,0.08113872911781073,0.1072494862601161,0.1072494862601161,2.330475926399231,0.12370278830946979,0.12314606273820838
N4-E36_fold3_seed20261005,N4-E36,3,20261005,34,exact_joint_hurdle_nll,0.7018903965556372,2.410387635231018,0.0793160879984498,0.10540866106748581,0.10540866106748581,2.3310714960098267,0.12247743524677826,0.12682737617838474
N4-E36_fold3_seed20261005,N4-E36,3,20261005,35,exact_joint_hurdle_nll,0.7018903965556372,2.404628574848175,0.07815315946936607,0.10422785207629204,0.10422785207629204,2.3264752626419067,0.12159230158487198,0.12966645763409101
N4-E36_fold3_seed20261005,N4-E36,3,20261005,36,exact_joint_hurdle_nll,0.7018903965556372,2.3998207449913025,0.07712843734771013,0.10313362721353769,0.10313362721353769,2.3226921558380127,0.1208314812942592,0.1320894116204944
N4-E36_fold3_seed20261006,N4-E36,3,20261006,1,exact_joint_hurdle_nll,0.7018903965556372,3.405838131904602,0.4825126379728317,0.5150674134492874,0.5150674134492874,2.9233253598213196,0.5051463650179172,0.010367497191335206
N4-E36_fold3_seed20261006,N4-E36,3,20261006,2,exact_joint_hurdle_nll,0.7018903965556372,3.3334049582481384,0.4483666568994522,0.4804629608988762,0.4804629608988762,2.885038375854492,0.46987633239660664,0.010884781327564647
N4-E36_fold3_seed20261006,N4-E36,3,20261006,3,exact_joint_hurdle_nll,0.7018903965556372,3.260579824447632,0.41706450283527374,0.4487622603774071,0.4487622603774071,2.8435153365135193,0.4383460080489249,0.011533317384337147
N4-E36_fold3_seed20261006,N4-E36,3,20261006,4,exact_joint_hurdle_nll,0.7018903965556372,3.1990652680397034,0.3863433748483658,0.41769684106111526,0.41769684106111526,2.8127219676971436,0.4092816908419662,0.01206516935769599
N4-E36_fold3_seed20261006,N4-E36,3,20261006,5,exact_joint_hurdle_nll,0.7018903965556372,3.1304635405540466,0.355356365442276,0.38636501133441925,0.38636501133441925,2.775106966495514,0.38105423403526667,0.01256906501369791
N4-E36_fold3_seed20261006,N4-E36,3,20261006,6,exact_joint_hurdle_nll,0.7018903965556372,3.073365807533264,0.3257070556282997,0.35641714930534363,0.35641714930534363,2.7476590275764465,0.35306667179713747,0.01280524926494218
N4-E36_fold3_seed20261006,N4-E36,3,20261006,7,exact_joint_hurdle_nll,0.7018903965556372,3.013216555118561,0.29912836849689484,0.3295314460992813,0.3295314460992813,2.7140883207321167,0.3264786622428747,0.012326803941720185
N4-E36_fold3_seed20261006,N4-E36,3,20261006,8,exact_joint_hurdle_nll,0.7018903965556372,2.9772512316703796,0.2756047546863556,0.30584143847227097,0.30584143847227097,2.7016465067863464,0.3018561072602648,0.011934458155466822
N4-E36_fold3_seed20261006,N4-E36,3,20261006,9,exact_joint_hurdle_nll,0.7018903965556372,2.938931405544281,0.25364092737436295,0.2838003560900688,0.2838003560900688,2.685290217399597,0.27906267356743303,0.011832511158451948
N4-E36_fold3_seed20261006,N4-E36,3,20261006,10,exact_joint_hurdle_nll,0.7018903965556372,2.917802095413208,0.2323225736618042,0.26237083971500397,0.26237083971500397,2.6854795813560486,0.25778387856326646,0.011573766186071466
N4-E36_fold3_seed20261006,N4-E36,3,20261006,11,exact_joint_hurdle_nll,0.7018903965556372,2.8888405561447144,0.2115444801747799,0.24153195694088936,0.24153195694088936,2.677296280860901,0.23801086352626522,0.011127560731537126
N4-E36_fold3_seed20261006,N4-E36,3,20261006,12,exact_joint_hurdle_nll,0.7018903965556372,2.846510887145996,0.19195792078971863,0.22178282588720322,0.22178282588720322,2.6545528173446655,0.2196907097742639,0.011054555100225343
N4-E36_fold3_seed20261006,N4-E36,3,20261006,13,exact_joint_hurdle_nll,0.7018903965556372,2.824831783771515,0.17451371252536774,0.20419153571128845,0.20419153571128845,2.650318145751953,0.20388256316118453,0.011480100531950716
N4-E36_fold3_seed20261006,N4-E36,3,20261006,14,exact_joint_hurdle_nll,0.7018903965556372,2.792302370071411,0.16036954522132874,0.18992720544338226,0.18992720544338226,2.631932556629181,0.1914467905984415,0.012013236453205308
N4-E36_fold3_seed20261006,N4-E36,3,20261006,15,exact_joint_hurdle_nll,0.7018903965556372,2.763053297996521,0.14907437190413475,0.17840925604104996,0.17840925604104996,2.613978862762451,0.18156754398386246,0.012579268396572647
N4-E36_fold3_seed20261006,N4-E36,3,20261006,16,exact_joint_hurdle_nll,0.7018903965556372,2.738285541534424,0.1394011154770851,0.16854770854115486,0.16854770854115486,2.5988845825195312,0.17311866388351135,0.013508815026171763
N4-E36_fold3_seed20261006,N4-E36,3,20261006,17,exact_joint_hurdle_nll,0.7018903965556372,2.7153382301330566,0.1309535950422287,0.1599213108420372,0.1599213108420372,2.584384262561798,0.16556963844828987,0.015312753460577113
N4-E36_fold3_seed20261006,N4-E36,3,20261006,18,exact_joint_hurdle_nll,0.7018903965556372,2.6876049041748047,0.12328383140265942,0.15205341391265392,0.15205341391265392,2.564320921897888,0.15886919762513318,0.019090311798232805
N4-E36_fold3_seed20261006,N4-E36,3,20261006,19,exact_joint_hurdle_nll,0.7018903965556372,2.6633691787719727,0.1163727231323719,0.1449222695082426,0.1449222695082426,2.5469963550567627,0.152920346033806,0.02447338083864168
N4-E36_fold3_seed20261006,N4-E36,3,20261006,20,exact_joint_hurdle_nll,0.7018903965556372,2.646319568157196,0.11023863777518272,0.13863355293869972,0.13863355293869972,2.5360806584358215,0.14760704360841076,0.03216940256791792
N4-E36_fold3_seed20261006,N4-E36,3,20261006,21,exact_joint_hurdle_nll,0.7018903965556372,2.62581604719162,0.104994872584939,0.1331952828913927,0.1331952828913927,2.5208210945129395,0.14285948755874922,0.04722807784687751
N4-E36_fold3_seed20261006,N4-E36,3,20261006,22,exact_joint_hurdle_nll,0.7018903965556372,2.6012784838676453,0.10039322823286057,0.1284480132162571,0.1284480132162571,2.5008853673934937,0.13872921167407187,0.07325144869316935
N4-E36_fold3_seed20261006,N4-E36,3,20261006,23,exact_joint_hurdle_nll,0.7018903965556372,2.5862168073654175,0.09659184701740742,0.12449091300368309,0.12449091300368309,2.489624857902527,0.13515058552957643,0.10004377585715134
N4-E36_fold3_seed20261006,N4-E36,3,20261006,24,exact_joint_hurdle_nll,0.7018903965556372,2.571063220500946,0.09308401681482792,0.12084800191223621,0.12084800191223621,2.4779791831970215,0.13190015896655086,0.11923090808767126
N4-E36_fold3_seed20261006,N4-E36,3,20261006,25,exact_joint_hurdle_nll,0.7018903965556372,2.5539584159851074,0.08970043435692787,0.11734652332961559,0.11734652332961559,2.464257597923279,0.12908003157630882,0.1330150543626024
N4-E36_fold3_seed20261006,N4-E36,3,20261006,26,exact_joint_hurdle_nll,0.7018903965556372,2.539553642272949,0.08667150512337685,0.11412379518151283,0.11412379518151283,2.45288223028183,0.12708478832696732,0.14422307542822124
N4-E36_fold3_seed20261006,N4-E36,3,20261006,27,exact_joint_hurdle_nll,0.7018903965556372,2.5223591327667236,0.0845432449132204,0.11183874681591988,0.11183874681591988,2.4378161430358887,0.12595687520414564,0.14284111170697344
N4-E36_fold3_seed20261006,N4-E36,3,20261006,28,exact_joint_hurdle_nll,0.7018903965556372,2.514861822128296,0.08322127629071474,0.11042863316833973,0.11042863316833973,2.431640625,0.12552013068367834,0.12979667034567757
N4-E36_fold3_seed20261006,N4-E36,3,20261006,29,exact_joint_hurdle_nll,0.7018903965556372,2.5046189427375793,0.08211674354970455,0.10921833664178848,0.10921833664178848,2.4225021600723267,0.12499790018333973,0.12205763793347887
N4-E36_fold3_seed20261006,N4-E36,3,20261006,30,exact_joint_hurdle_nll,0.7018903965556372,2.4962833523750305,0.08096002228558064,0.10799917206168175,0.10799917206168175,2.415323495864868,0.12423079227293948,0.12029281229092945
N4-E36_fold3_seed20261006,N4-E36,3,20261006,31,exact_joint_hurdle_nll,0.7018903965556372,2.4859118461608887,0.0798052167519927,0.10677604842931032,0.10677604842931032,2.4061065316200256,0.12337761829216405,0.12150168882087777
N4-E36_fold3_seed20261006,N4-E36,3,20261006,32,exact_joint_hurdle_nll,0.7018903965556372,2.4824763536453247,0.07876765169203281,0.10567558370530605,0.10567558370530605,2.4037086367607117,0.12256303434412744,0.12251830997496133
N4-E36_fold3_seed20261006,N4-E36,3,20261006,33,exact_joint_hurdle_nll,0.7018903965556372,2.4767362475395203,0.07782422006130219,0.1046844320371747,0.1046844320371747,2.398911952972412,0.12172848410776865,0.12466966512015407
N4-E36_fold3_seed20261006,N4-E36,3,20261006,34,exact_joint_hurdle_nll,0.7018903965556372,2.4737477898597717,0.07686390355229378,0.10370173305273056,0.10370173305273056,2.396883964538574,0.12076313174434991,0.13224324332561618
N4-E36_fold3_seed20261006,N4-E36,3,20261006,35,exact_joint_hurdle_nll,0.7018903965556372,2.466426372528076,0.07601107656955719,0.1028482411056757,0.1028482411056757,2.3904151916503906,0.12007703112272719,0.136500564519944
N4-E36_fold3_seed20261006,N4-E36,3,20261006,36,exact_joint_hurdle_nll,0.7018903965556372,2.4659393429756165,0.07541783433407545,0.10218370705842972,0.10218370705842972,2.3905214071273804,0.11952632112773366,0.13752289882217844
N4-E36_fold4_seed20261002,N4-E36,4,20261002,1,exact_joint_hurdle_nll,0.7018903965556372,4.111185121536255,1.072247362136841,1.10785813331604,1.10785813331604,3.038937711715698,1.0667846824725205,0.017911604977297345
N4-E36_fold4_seed20261002,N4-E36,4,20261002,2,exact_joint_hurdle_nll,0.7018903965556372,3.9501771450042726,0.9815434813499451,1.0164358973503114,1.0164358973503114,2.9686338186264036,0.974710865925995,0.01844963572076064
N4-E36_fold4_seed20261002,N4-E36,4,20261002,3,exact_joint_hurdle_nll,0.7018903965556372,3.821316432952881,0.9022661566734314,0.9365393400192261,0.9365393400192261,2.919050431251526,0.898375588690859,0.018584398054266125
N4-E36_fold4_seed20261002,N4-E36,4,20261002,4,exact_joint_hurdle_nll,0.7018903965556372,3.711129331588745,0.8353146910667419,0.8691048979759216,0.8691048979759216,2.8758147239685057,0.8347284535779849,0.018256751005208315
N4-E36_fold4_seed20261002,N4-E36,4,20261002,5,exact_joint_hurdle_nll,0.7018903965556372,3.6065507411956785,0.7762507677078248,0.8095609664916992,0.8095609664916992,2.830299997329712,0.7774253239613023,0.01763180200868624
N4-E36_fold4_seed20261002,N4-E36,4,20261002,6,exact_joint_hurdle_nll,0.7018903965556372,3.4963110446929933,0.7201176047325134,0.7528570055961609,0.7528570055961609,2.776193642616272,0.7234762453779776,0.01716719488343156
N4-E36_fold4_seed20261002,N4-E36,4,20261002,7,exact_joint_hurdle_nll,0.7018903965556372,3.3999597072601317,0.665435254573822,0.6976444959640503,0.6976444959640503,2.7345242738723754,0.6734651457752457,0.016956481648108444
N4-E36_fold4_seed20261002,N4-E36,4,20261002,8,exact_joint_hurdle_nll,0.7018903965556372,3.294566249847412,0.6139894843101501,0.6456743955612183,0.6456743955612183,2.6805768728256227,0.6263109512845534,0.01724822373534285
N4-E36_fold4_seed20261002,N4-E36,4,20261002,9,exact_joint_hurdle_nll,0.7018903965556372,3.1935598850250244,0.5644688963890075,0.595581877231598,0.595581877231598,2.6290908813476563,0.5800762679171139,0.01843541906949361
N4-E36_fold4_seed20261002,N4-E36,4,20261002,10,exact_joint_hurdle_nll,0.7018903965556372,3.093238282203674,0.5190354883670807,0.5495131731033325,0.5495131731033325,2.5742027759552,0.5385793999552719,0.01895594460674316
N4-E36_fold4_seed20261002,N4-E36,4,20261002,11,exact_joint_hurdle_nll,0.7018903965556372,3.0056440830230713,0.48056680560112,0.5104817390441895,0.5104817390441895,2.52507746219635,0.5041374366506033,0.018388111440624848
N4-E36_fold4_seed20261002,N4-E36,4,20261002,12,exact_joint_hurdle_nll,0.7018903965556372,2.934790277481079,0.4483160853385925,0.47789177894592283,0.47789177894592283,2.4864742040634153,0.4759698590554848,0.018085147832657675
N4-E36_fold4_seed20261002,N4-E36,4,20261002,13,exact_joint_hurdle_nll,0.7018903965556372,2.8884654521942137,0.41955642104148866,0.44886407256126404,0.44886407256126404,2.4689090251922607,0.4506056682481528,0.01804785269508389
N4-E36_fold4_seed20261002,N4-E36,4,20261002,14,exact_joint_hurdle_nll,0.7018903965556372,2.833855485916138,0.39129558801651,0.4203162431716919,0.4203162431716919,2.4425599336624146,0.42508721679712547,0.01810566587562848
N4-E36_fold4_seed20261002,N4-E36,4,20261002,15,exact_joint_hurdle_nll,0.7018903965556372,2.7792272329330445,0.3619505941867828,0.3907232522964478,0.3907232522964478,2.417276453971863,0.3972214694248103,0.019511281846478438
N4-E36_fold4_seed20261002,N4-E36,4,20261002,16,exact_joint_hurdle_nll,0.7018903965556372,2.7255913972854615,0.3312861084938049,0.35980632305145266,0.35980632305145266,2.394305443763733,0.3678037741401322,0.025534874711834108
N4-E36_fold4_seed20261002,N4-E36,4,20261002,17,exact_joint_hurdle_nll,0.7018903965556372,2.6793612241744995,0.3016441106796265,0.3299564063549042,0.3299564063549042,2.3777171850204466,0.34219818907759125,0.03301084531530907
N4-E36_fold4_seed20261002,N4-E36,4,20261002,18,exact_joint_hurdle_nll,0.7018903965556372,2.624098515510559,0.2741685152053833,0.30220969319343566,0.30220969319343566,2.349929857254028,0.31936908251616813,0.0366828528770666
N4-E36_fold4_seed20261002,N4-E36,4,20261002,19,exact_joint_hurdle_nll,0.7018903965556372,2.6005194664001463,0.24704260528087615,0.27503553628921507,0.27503553628921507,2.353476905822754,0.2970563768465484,0.03986774016544323
N4-E36_fold4_seed20261002,N4-E36,4,20261002,20,exact_joint_hurdle_nll,0.7018903965556372,2.59549994468689,0.22588185966014862,0.25407613515853883,0.25407613515853883,2.3696180105209352,0.2809114450977809,0.04747740337691265
N4-E36_fold4_seed20261002,N4-E36,4,20261002,21,exact_joint_hurdle_nll,0.7018903965556372,2.5769176959991453,0.2094951331615448,0.23768224716186523,0.23768224716186523,2.36742262840271,0.2676475425129708,0.0566072664221133
N4-E36_fold4_seed20261002,N4-E36,4,20261002,22,exact_joint_hurdle_nll,0.7018903965556372,2.548782563209534,0.19442111551761626,0.22250940501689911,0.22250940501689911,2.35436155796051,0.25484891809126126,0.06872052708488788
N4-E36_fold4_seed20261002,N4-E36,4,20261002,23,exact_joint_hurdle_nll,0.7018903965556372,2.5246784925460815,0.18210044801235198,0.21002574861049653,0.21002574861049653,2.3425782203674315,0.24435566438972228,0.08426321546502205
N4-E36_fold4_seed20261002,N4-E36,4,20261002,24,exact_joint_hurdle_nll,0.7018903965556372,2.5022232055664064,0.17277238070964812,0.20050175487995148,0.20050175487995148,2.329450750350952,0.23633334201580863,0.0970889866077953
N4-E36_fold4_seed20261002,N4-E36,4,20261002,25,exact_joint_hurdle_nll,0.7018903965556372,2.4776645421981813,0.16525527834892273,0.19278865158557892,0.19278865158557892,2.3124091625213623,0.22997931797076684,0.10233876566465618
N4-E36_fold4_seed20261002,N4-E36,4,20261002,26,exact_joint_hurdle_nll,0.7018903965556372,2.4490890741348266,0.158783021569252,0.18609579205513,0.18609579205513,2.290306234359741,0.22478739320896834,0.10373581380626223
N4-E36_fold4_seed20261002,N4-E36,4,20261002,27,exact_joint_hurdle_nll,0.7018903965556372,2.4284741401672365,0.15299624502658843,0.18012641966342927,0.18012641966342927,2.275477886199951,0.22040207750780996,0.09714481903363811
N4-E36_fold4_seed20261002,N4-E36,4,20261002,28,exact_joint_hurdle_nll,0.7018903965556372,2.4123232126235963,0.14737139642238617,0.17438896596431733,0.17438896596431733,2.2649518489837646,0.21640823492520853,0.08698311175803511
N4-E36_fold4_seed20261002,N4-E36,4,20261002,29,exact_joint_hurdle_nll,0.7018903965556372,2.4056520223617555,0.1419857606291771,0.16898930072784424,0.16898930072784424,2.2636661529541016,0.21268154299627753,0.08175347655714202
N4-E36_fold4_seed20261002,N4-E36,4,20261002,30,exact_joint_hurdle_nll,0.7018903965556372,2.400016212463379,0.13699159473180772,0.16396352350711824,0.16396352350711824,2.263024616241455,0.2092417244797322,0.07748899064810638
N4-E36_fold4_seed20261002,N4-E36,4,20261002,31,exact_joint_hurdle_nll,0.7018903965556372,2.3867891788482667,0.13225083202123641,0.1591602310538292,0.1591602310538292,2.2545382976531982,0.20598722354161844,0.07697639634011998
N4-E36_fold4_seed20261002,N4-E36,4,20261002,32,exact_joint_hurdle_nll,0.7018903965556372,2.3782999753952025,0.12809038609266282,0.15496384650468825,0.15496384650468825,2.2502095222473146,0.2031006380754956,0.07828485342654724
N4-E36_fold4_seed20261002,N4-E36,4,20261002,33,exact_joint_hurdle_nll,0.7018903965556372,2.3710997343063354,0.12435051798820496,0.15119500011205672,0.15119500011205672,2.2467490434646606,0.20051330882782178,0.0798636977270425
N4-E36_fold4_seed20261002,N4-E36,4,20261002,34,exact_joint_hurdle_nll,0.7018903965556372,2.3587167501449584,0.12108224183321,0.14786373376846312,0.14786373376846312,2.2376344203948975,0.19815900049714477,0.08217170499366992
N4-E36_fold4_seed20261002,N4-E36,4,20261002,35,exact_joint_hurdle_nll,0.7018903965556372,2.3508875131607057,0.11795522272586823,0.14469204992055892,0.14469204992055892,2.2329323530197143,0.1960686541163355,0.0838151652272592
N4-E36_fold4_seed20261002,N4-E36,4,20261002,36,exact_joint_hurdle_nll,0.7018903965556372,2.3452450752258303,0.115382219851017,0.1420387089252472,0.1420387089252472,2.229862856864929,0.1941952570525692,0.08508118861996507
N4-E36_fold4_seed20261003,N4-E36,4,20261003,1,exact_joint_hurdle_nll,0.7018903965556372,3.089061069488525,0.5688934206962586,0.5985852599143981,0.5985852599143981,2.5201675415039064,0.6004138321787645,0.030874833530097897
N4-E36_fold4_seed20261003,N4-E36,4,20261003,2,exact_joint_hurdle_nll,0.7018903965556372,3.0314244270324706,0.5111564457416534,0.5408056378364563,0.5408056378364563,2.5202680587768556,0.5482644358625451,0.02388598973896328
N4-E36_fold4_seed20261003,N4-E36,4,20261003,3,exact_joint_hurdle_nll,0.7018903965556372,2.9769397974014282,0.46146597266197203,0.4911791205406189,0.4911791205406189,2.5154738903045653,0.5026386470285821,0.021989979816148635
N4-E36_fold4_seed20261003,N4-E36,4,20261003,4,exact_joint_hurdle_nll,0.7018903965556372,2.942006301879883,0.4183075249195099,0.4481130182743073,0.4481130182743073,2.5236987829208375,0.463674765097325,0.020643082547169213
N4-E36_fold4_seed20261003,N4-E36,4,20261003,5,exact_joint_hurdle_nll,0.7018903965556372,2.9079437255859375,0.3807102918624878,0.4105945110321045,0.4105945110321045,2.527233290672302,0.4306186091765766,0.02015616098795553
N4-E36_fold4_seed20261003,N4-E36,4,20261003,6,exact_joint_hurdle_nll,0.7018903965556372,2.879007601737976,0.3471492528915405,0.37717210650444033,0.37717210650444033,2.531858444213867,0.40010652346819175,0.020733475179542694
N4-E36_fold4_seed20261003,N4-E36,4,20261003,7,exact_joint_hurdle_nll,0.7018903965556372,2.8469799995422362,0.3157439351081848,0.34585562348365784,0.34585562348365784,2.53123619556427,0.367988636018741,0.02222110203655603
N4-E36_fold4_seed20261003,N4-E36,4,20261003,8,exact_joint_hurdle_nll,0.7018903965556372,2.8224349498748778,0.2860636591911316,0.31619988679885863,0.31619988679885863,2.536371278762817,0.3355772427806147,0.025467457553883084
N4-E36_fold4_seed20261003,N4-E36,4,20261003,9,exact_joint_hurdle_nll,0.7018903965556372,2.791257691383362,0.25842356085777285,0.2885301411151886,0.2885301411151886,2.5328341007232664,0.3078818283858811,0.03170089153353646
N4-E36_fold4_seed20261003,N4-E36,4,20261003,10,exact_joint_hurdle_nll,0.7018903965556372,2.7636585235595703,0.233939728140831,0.26388926804065704,0.26388926804065704,2.529718852043152,0.28611580676563825,0.03890417919584491
N4-E36_fold4_seed20261003,N4-E36,4,20261003,11,exact_joint_hurdle_nll,0.7018903965556372,2.7283221960067747,0.2135452389717102,0.24326074123382568,0.24326074123382568,2.514777112007141,0.2693781437106783,0.04392024237730039
N4-E36_fold4_seed20261003,N4-E36,4,20261003,12,exact_joint_hurdle_nll,0.7018903965556372,2.6951760768890383,0.1967126578092575,0.22622675001621245,0.22622675001621245,2.4984633207321165,0.25611341627284556,0.045568120837674926
N4-E36_fold4_seed20261003,N4-E36,4,20261003,13,exact_joint_hurdle_nll,0.7018903965556372,2.64823956489563,0.18221386075019835,0.21145881712436676,0.21145881712436676,2.4660255908966064,0.24467912639465328,0.04586268344250524
N4-E36_fold4_seed20261003,N4-E36,4,20261003,14,exact_joint_hurdle_nll,0.7018903965556372,2.603724145889282,0.1695734053850174,0.19839088320732118,0.19839088320732118,2.4341506958007812,0.23448624122897715,0.04656238387560218
N4-E36_fold4_seed20261003,N4-E36,4,20261003,15,exact_joint_hurdle_nll,0.7018903965556372,2.5594279289245607,0.15875302255153656,0.1872508019208908,0.1872508019208908,2.400675082206726,0.22575035033305269,0.04464980242861633
N4-E36_fold4_seed20261003,N4-E36,4,20261003,16,exact_joint_hurdle_nll,0.7018903965556372,2.5245821952819822,0.14931706786155702,0.1775397092103958,0.1775397092103958,2.3752649068832397,0.2181430826789204,0.041170988353902885
N4-E36_fold4_seed20261003,N4-E36,4,20261003,17,exact_joint_hurdle_nll,0.7018903965556372,2.493583559989929,0.14079539179801942,0.16871927678585052,0.16871927678585052,2.352788209915161,0.2114664672164047,0.0398350358557302
N4-E36_fold4_seed20261003,N4-E36,4,20261003,18,exact_joint_hurdle_nll,0.7018903965556372,2.459803652763367,0.13330810368061066,0.16095519363880156,0.16095519363880156,2.3264954805374147,0.20580557175806571,0.04271422867431638
N4-E36_fold4_seed20261003,N4-E36,4,20261003,19,exact_joint_hurdle_nll,0.7018903965556372,2.42457320690155,0.12691839337348937,0.1543117880821228,0.1543117880821228,2.297654891014099,0.2009094956166071,0.049371050801673325
N4-E36_fold4_seed20261003,N4-E36,4,20261003,20,exact_joint_hurdle_nll,0.7018903965556372,2.4025403261184692,0.1213159441947937,0.14850220531225206,0.14850220531225206,2.2812244176864622,0.19645225597250046,0.061866346500951
N4-E36_fold4_seed20261003,N4-E36,4,20261003,21,exact_joint_hurdle_nll,0.7018903965556372,2.3854848623275755,0.1163874551653862,0.14346473515033722,0.14346473515033722,2.269097328186035,0.19244658972256987,0.08262449332154553
N4-E36_fold4_seed20261003,N4-E36,4,20261003,22,exact_joint_hurdle_nll,0.7018903965556372,2.373126983642578,0.1122042715549469,0.1391654670238495,0.1391654670238495,2.260922884941101,0.18903515590618117,0.11361006907259476
N4-E36_fold4_seed20261003,N4-E36,4,20261003,23,exact_joint_hurdle_nll,0.7018903965556372,2.359005308151245,0.10865025818347931,0.13552384376525878,0.13552384376525878,2.2503549575805666,0.1862476126705348,0.1419605102232439
N4-E36_fold4_seed20261003,N4-E36,4,20261003,24,exact_joint_hurdle_nll,0.7018903965556372,2.3469482421875,0.10556135624647141,0.1323888346552849,0.1323888346552849,2.2413869142532348,0.1838373236071614,0.16768155400407803
N4-E36_fold4_seed20261003,N4-E36,4,20261003,25,exact_joint_hurdle_nll,0.7018903965556372,2.340643072128296,0.10274106413125991,0.1295017659664154,0.1295017659664154,2.2379020929336546,0.1816889176868375,0.18249670082261815
N4-E36_fold4_seed20261003,N4-E36,4,20261003,26,exact_joint_hurdle_nll,0.7018903965556372,2.3314313650131226,0.0992572322487831,0.12598144859075547,0.12598144859075547,2.2321741580963135,0.17916788387935656,0.17770091083905779
N4-E36_fold4_seed20261003,N4-E36,4,20261003,27,exact_joint_hurdle_nll,0.7018903965556372,2.3176350831985473,0.09461905658245087,0.12124963998794555,0.12124963998794555,2.22301607131958,0.1764850874655189,0.16355112485758552
N4-E36_fold4_seed20261003,N4-E36,4,20261003,28,exact_joint_hurdle_nll,0.7018903965556372,2.3080414056777956,0.09065637588500977,0.11721977144479752,0.11721977144479752,2.2173849821090696,0.1745848759144132,0.15579812287118894
N4-E36_fold4_seed20261003,N4-E36,4,20261003,29,exact_joint_hurdle_nll,0.7018903965556372,2.2929219245910644,0.08736033886671066,0.11381536424160003,0.11381536424160003,2.2055616855621336,0.17282792271204178,0.1559762061957082
N4-E36_fold4_seed20261003,N4-E36,4,20261003,30,exact_joint_hurdle_nll,0.7018903965556372,2.280386233329773,0.08442548662424088,0.11080973595380783,0.11080973595380783,2.1959606647491454,0.17073500643757647,0.17138231258862116
N4-E36_fold4_seed20261003,N4-E36,4,20261003,31,exact_joint_hurdle_nll,0.7018903965556372,2.273502492904663,0.08215130493044853,0.10845490097999573,0.10845490097999573,2.191351222991943,0.1692286160275052,0.18750042598939892
N4-E36_fold4_seed20261003,N4-E36,4,20261003,32,exact_joint_hurdle_nll,0.7018903965556372,2.2702529191970826,0.08054261356592178,0.10681607127189637,0.10681607127189637,2.189710283279419,0.1682495676650906,0.1959469621240621
N4-E36_fold4_seed20261003,N4-E36,4,20261003,33,exact_joint_hurdle_nll,0.7018903965556372,2.265266942977905,0.07903011292219161,0.1052882730960846,0.1052882730960846,2.186236763000488,0.16730711499463033,0.20399633059654226
N4-E36_fold4_seed20261003,N4-E36,4,20261003,34,exact_joint_hurdle_nll,0.7018903965556372,2.2639980554580688,0.0776788517832756,0.10391714423894882,0.10391714423894882,2.1863192319869995,0.16633954501690926,0.21162460348788012
N4-E36_fold4_seed20261003,N4-E36,4,20261003,35,exact_joint_hurdle_nll,0.7018903965556372,2.257234716415405,0.07638230100274086,0.10259161740541459,0.10259161740541459,2.1808522939682007,0.16541464699671093,0.21915643060459578
N4-E36_fold4_seed20261003,N4-E36,4,20261003,36,exact_joint_hurdle_nll,0.7018903965556372,2.2528642892837523,0.07505545392632484,0.10122958421707154,0.10122958421707154,2.1778088808059692,0.1645585182415282,0.22643272092498415
N4-E36_fold4_seed20261004,N4-E36,4,20261004,1,exact_joint_hurdle_nll,0.7018903965556372,3.657690238952637,0.9898469567298889,1.021375298500061,1.021375298500061,2.6678433418273926,0.9891884387866846,0.031897780686842035
N4-E36_fold4_seed20261004,N4-E36,4,20261004,2,exact_joint_hurdle_nll,0.7018903965556372,3.5608773708343504,0.9254011392593384,0.9566082239151001,0.9566082239151001,2.6354762077331544,0.9299226147465807,0.02893986877792358
N4-E36_fold4_seed20261004,N4-E36,4,20261004,3,exact_joint_hurdle_nll,0.7018903965556372,3.4641061305999754,0.8678096890449524,0.8985820531845092,0.8985820531845092,2.596296548843384,0.8740840576928172,0.02809327041158937
N4-E36_fold4_seed20261004,N4-E36,4,20261004,4,exact_joint_hurdle_nll,0.7018903965556372,3.3878351211547852,0.8125985622406006,0.8430708765983581,0.8430708765983581,2.5752365589141846,0.8186699159002914,0.029058026314562238
N4-E36_fold4_seed20261004,N4-E36,4,20261004,5,exact_joint_hurdle_nll,0.7018903965556372,3.3072556018829347,0.7576087713241577,0.7877340078353882,0.7877340078353882,2.5496467113494874,0.7624524868754359,0.031959486137061774
N4-E36_fold4_seed20261004,N4-E36,4,20261004,6,exact_joint_hurdle_nll,0.7018903965556372,3.2117077827453615,0.7012198209762573,0.7310248136520385,0.7310248136520385,2.51048800945282,0.7051594195695762,0.03777499631595653
N4-E36_fold4_seed20261004,N4-E36,4,20261004,7,exact_joint_hurdle_nll,0.7018903965556372,3.1331906795501707,0.6413718700408936,0.670913827419281,0.670913827419281,2.4918186902999877,0.6469062879152463,0.046880681958352544
N4-E36_fold4_seed20261004,N4-E36,4,20261004,8,exact_joint_hurdle_nll,0.7018903965556372,3.0477481365203856,0.5789327621459961,0.6082604050636291,0.6082604050636291,2.468815326690674,0.5884808080205445,0.048110452234520346
N4-E36_fold4_seed20261004,N4-E36,4,20261004,9,exact_joint_hurdle_nll,0.7018903965556372,2.9839826822280884,0.5196244359016419,0.5488140463829041,0.5488140463829041,2.464358162879944,0.5391856344447293,0.028688694097662695
N4-E36_fold4_seed20261004,N4-E36,4,20261004,10,exact_joint_hurdle_nll,0.7018903965556372,2.9300892114639283,0.467652702331543,0.49690274596214296,0.49690274596214296,2.4624365329742433,0.4960116699650477,0.018026858778164453
N4-E36_fold4_seed20261004,N4-E36,4,20261004,11,exact_joint_hurdle_nll,0.7018903965556372,2.891006875038147,0.42056604027748107,0.4498208940029144,0.4498208940029144,2.470440912246704,0.45220763599305736,0.01690248248799857
N4-E36_fold4_seed20261004,N4-E36,4,20261004,12,exact_joint_hurdle_nll,0.7018903965556372,2.820668888092041,0.37470359206199644,0.4037812054157257,0.4037812054157257,2.445965361595154,0.4094409090486439,0.016880497478992486
N4-E36_fold4_seed20261004,N4-E36,4,20261004,13,exact_joint_hurdle_nll,0.7018903965556372,2.7521265029907225,0.3315794110298157,0.3603880345821381,0.3603880345821381,2.4205468893051147,0.369772390145367,0.0173721191663832
N4-E36_fold4_seed20261004,N4-E36,4,20261004,14,exact_joint_hurdle_nll,0.7018903965556372,2.68833966255188,0.2929029881954193,0.3213907599449158,0.3213907599449158,2.3954365730285643,0.33530207475936746,0.018106339399333253
N4-E36_fold4_seed20261004,N4-E36,4,20261004,15,exact_joint_hurdle_nll,0.7018903965556372,2.6340466260910036,0.25982646346092225,0.2880870342254639,0.2880870342254639,2.3742202281951905,0.3070164222423848,0.018778455595143656
N4-E36_fold4_seed20261004,N4-E36,4,20261004,16,exact_joint_hurdle_nll,0.7018903965556372,2.590479826927185,0.23133144080638884,0.2594033479690552,0.2594033479690552,2.3591482400894166,0.28364884213912933,0.01960216860469049
N4-E36_fold4_seed20261004,N4-E36,4,20261004,17,exact_joint_hurdle_nll,0.7018903965556372,2.546094059944153,0.20713724195957184,0.2350584477186203,0.2350584477186203,2.3389567136764526,0.2612529842744621,0.023612332058400715
N4-E36_fold4_seed20261004,N4-E36,4,20261004,18,exact_joint_hurdle_nll,0.7018903965556372,2.5113543033599854,0.18602794110774995,0.21376565098762512,0.21376565098762512,2.3253264904022215,0.24243856761381036,0.029681960547694595
N4-E36_fold4_seed20261004,N4-E36,4,20261004,19,exact_joint_hurdle_nll,0.7018903965556372,2.477844977378845,0.16779662370681764,0.19531288743019104,0.19531288743019104,2.3100482702255247,0.23060347335424336,0.02847120503557972
N4-E36_fold4_seed20261004,N4-E36,4,20261004,20,exact_joint_hurdle_nll,0.7018903965556372,2.4373931646347047,0.15584202110767365,0.18312690556049346,0.18312690556049346,2.281551170349121,0.22309631495440443,0.02989283193229879
N4-E36_fold4_seed20261004,N4-E36,4,20261004,21,exact_joint_hurdle_nll,0.7018903965556372,2.4185468912124635,0.14788319170475006,0.17503615617752075,0.17503615617752075,2.270663690567017,0.216746172427216,0.03896207902871308
N4-E36_fold4_seed20261004,N4-E36,4,20261004,22,exact_joint_hurdle_nll,0.7018903965556372,2.4022853851318358,0.14113324284553527,0.16820821762084961,0.16820821762084961,2.261152172088623,0.21129323280872161,0.05107069071278099
N4-E36_fold4_seed20261004,N4-E36,4,20261004,23,exact_joint_hurdle_nll,0.7018903965556372,2.388814926147461,0.1354818046092987,0.16245004832744597,0.16245004832744597,2.253333067893982,0.20682295145149898,0.06286510117238864
N4-E36_fold4_seed20261004,N4-E36,4,20261004,24,exact_joint_hurdle_nll,0.7018903965556372,2.3741642475128173,0.13049036711454393,0.1573701322078705,0.1573701322078705,2.243673872947693,0.20307611178904159,0.0741633899458964
N4-E36_fold4_seed20261004,N4-E36,4,20261004,25,exact_joint_hurdle_nll,0.7018903965556372,2.3613959074020388,0.1263749346137047,0.15316344052553177,0.15316344052553177,2.2350210189819335,0.19992858443224162,0.08449281030562997
N4-E36_fold4_seed20261004,N4-E36,4,20261004,26,exact_joint_hurdle_nll,0.7018903965556372,2.3517429351806642,0.12253411114215851,0.1492390900850296,0.1492390900850296,2.2292088747024534,0.19714842583948394,0.0947871741589956
N4-E36_fold4_seed20261004,N4-E36,4,20261004,27,exact_joint_hurdle_nll,0.7018903965556372,2.337852692604065,0.11906093209981919,0.1456847995519638,0.1456847995519638,2.2187917947769167,0.1946261145449669,0.10462712916755962
N4-E36_fold4_seed20261004,N4-E36,4,20261004,28,exact_joint_hurdle_nll,0.7018903965556372,2.3280475616455076,0.11586205512285233,0.14241658449172973,0.14241658449172973,2.2121854543685915,0.19227986986999723,0.11450467311659385
N4-E36_fold4_seed20261004,N4-E36,4,20261004,29,exact_joint_hurdle_nll,0.7018903965556372,2.3236735343933104,0.11278186440467834,0.13927438855171204,0.13927438855171204,2.210891580581665,0.19009485682747376,0.12319149659953677
N4-E36_fold4_seed20261004,N4-E36,4,20261004,30,exact_joint_hurdle_nll,0.7018903965556372,2.3153476238250734,0.10986372530460357,0.13630135953426362,0.13630135953426362,2.205483889579773,0.18815465242513127,0.12761841159092052
N4-E36_fold4_seed20261004,N4-E36,4,20261004,31,exact_joint_hurdle_nll,0.7018903965556372,2.303857159614563,0.10705636590719222,0.13342845886945726,0.13342845886945726,2.1968008995056154,0.18664315043882265,0.12165174965563659
N4-E36_fold4_seed20261004,N4-E36,4,20261004,32,exact_joint_hurdle_nll,0.7018903965556372,2.2949738264083863,0.10424257218837737,0.13054426163434982,0.13054426163434982,2.190731143951416,0.1851576487893558,0.1164405727913295
N4-E36_fold4_seed20261004,N4-E36,4,20261004,33,exact_joint_hurdle_nll,0.7018903965556372,2.2842690467834474,0.10121240317821503,0.12744975835084915,0.12744975835084915,2.183056640625,0.18315062588820552,0.1207812205649816
N4-E36_fold4_seed20261004,N4-E36,4,20261004,34,exact_joint_hurdle_nll,0.7018903965556372,2.2758827686309813,0.09810386598110199,0.12429185807704926,0.12429185807704926,2.1777788639068603,0.18085806778824062,0.1294955980575712
N4-E36_fold4_seed20261004,N4-E36,4,20261004,35,exact_joint_hurdle_nll,0.7018903965556372,2.271076965332031,0.09544207900762558,0.12160883098840714,0.12160883098840714,2.1756349563598634,0.17888524723169744,0.13749211789935223
N4-E36_fold4_seed20261004,N4-E36,4,20261004,36,exact_joint_hurdle_nll,0.7018903965556372,2.266745686531067,0.09323762655258179,0.11936592608690262,0.11936592608690262,2.173508071899414,0.17730262563069218,0.1455720684983223
N4-E36_fold4_seed20261005,N4-E36,4,20261005,1,exact_joint_hurdle_nll,0.7018903965556372,3.000827264785767,0.5043719291687012,0.5341179728507995,0.5341179728507995,2.496455216407776,0.5321472874512448,0.0419805569118115
N4-E36_fold4_seed20261005,N4-E36,4,20261005,2,exact_joint_hurdle_nll,0.7018903965556372,2.9273432970046995,0.46092739701271057,0.4902831852436066,0.4902831852436066,2.4664159297943113,0.4893752111179648,0.05611685774845581
N4-E36_fold4_seed20261005,N4-E36,4,20261005,3,exact_joint_hurdle_nll,0.7018903965556372,2.8672223329544066,0.42633368372917174,0.4553763628005981,0.4553763628005981,2.4408886671066283,0.45427488094675733,0.06527969336032714
N4-E36_fold4_seed20261005,N4-E36,4,20261005,4,exact_joint_hurdle_nll,0.7018903965556372,2.8044246673583983,0.3949946165084839,0.42370991706848143,0.42370991706848143,2.409430003166199,0.4222372597045472,0.0728456203130081
N4-E36_fold4_seed20261005,N4-E36,4,20261005,5,exact_joint_hurdle_nll,0.7018903965556372,2.756648635864258,0.3653044641017914,0.39377639889717103,0.39377639889717103,2.391344165802002,0.3926326927149405,0.07241245926927156
N4-E36_fold4_seed20261005,N4-E36,4,20261005,6,exact_joint_hurdle_nll,0.7018903965556372,2.712680459022522,0.3359216332435608,0.36417790651321413,0.36417790651321413,2.3767588138580322,0.3653624951463386,0.07293954731227814
N4-E36_fold4_seed20261005,N4-E36,4,20261005,7,exact_joint_hurdle_nll,0.7018903965556372,2.6545982122421266,0.3064191162586212,0.3343946814537048,0.3343946814537048,2.348179078102112,0.3402893178094555,0.07753440200229215
N4-E36_fold4_seed20261005,N4-E36,4,20261005,8,exact_joint_hurdle_nll,0.7018903965556372,2.6003491163253782,0.27710752487182616,0.3048061907291412,0.3048061907291412,2.3232415437698366,0.31759395325650575,0.08578946108907655
N4-E36_fold4_seed20261005,N4-E36,4,20261005,9,exact_joint_hurdle_nll,0.7018903965556372,2.5531840562820434,0.24895945489406585,0.27647538781166076,0.27647538781166076,2.3042245864868165,0.29649213588414486,0.09640040828423996
N4-E36_fold4_seed20261005,N4-E36,4,20261005,10,exact_joint_hurdle_nll,0.7018903965556372,2.5076871871948243,0.22344913482666015,0.2507658004760742,0.2507658004760742,2.284237813949585,0.2776414014751663,0.10510474416277271
N4-E36_fold4_seed20261005,N4-E36,4,20261005,11,exact_joint_hurdle_nll,0.7018903965556372,2.4808034658432008,0.20168042182922363,0.22890583276748658,0.22890583276748658,2.2791231155395506,0.2606851998705372,0.11082894733075059
N4-E36_fold4_seed20261005,N4-E36,4,20261005,12,exact_joint_hurdle_nll,0.7018903965556372,2.4504892826080322,0.18218437135219573,0.2093278467655182,0.2093278467655182,2.268304872512817,0.24418724969851738,0.11727748212183153
N4-E36_fold4_seed20261005,N4-E36,4,20261005,13,exact_joint_hurdle_nll,0.7018903965556372,2.430104637145996,0.164307302236557,0.19138835668563842,0.19138835668563842,2.2657974481582643,0.22924609232362805,0.11627752257202431
N4-E36_fold4_seed20261005,N4-E36,4,20261005,14,exact_joint_hurdle_nll,0.7018903965556372,2.4061028003692626,0.14945687353610992,0.17645013332366943,0.17645013332366943,2.2566458702087404,0.21743400451463218,0.12419590025266765
N4-E36_fold4_seed20261005,N4-E36,4,20261005,15,exact_joint_hurdle_nll,0.7018903965556372,2.3822772979736326,0.13751137107610703,0.16435899436473847,0.16435899436473847,2.244766020774841,0.20813620793699789,0.14720618701505211
N4-E36_fold4_seed20261005,N4-E36,4,20261005,16,exact_joint_hurdle_nll,0.7018903965556372,2.360295557975769,0.12806471139192582,0.15482259243726731,0.15482259243726731,2.232230854034424,0.20066445461635757,0.16680488432871213
N4-E36_fold4_seed20261005,N4-E36,4,20261005,17,exact_joint_hurdle_nll,0.7018903965556372,2.349688243865967,0.12069199681282043,0.14739700704813002,0.14739700704813002,2.228996157646179,0.19500297839244196,0.1731291364264392
N4-E36_fold4_seed20261005,N4-E36,4,20261005,18,exact_joint_hurdle_nll,0.7018903965556372,2.329109621047974,0.11449828147888183,0.14111533761024475,0.14111533761024475,2.2146111488342286,0.1903553601888833,0.17751840739572097
N4-E36_fold4_seed20261005,N4-E36,4,20261005,19,exact_joint_hurdle_nll,0.7018903965556372,2.324615001678467,0.10918691009283066,0.13577389866113662,0.13577389866113662,2.2154279947280884,0.1863599852577822,0.18553339103285796
N4-E36_fold4_seed20261005,N4-E36,4,20261005,20,exact_joint_hurdle_nll,0.7018903965556372,2.3150516510009767,0.10474605113267899,0.13128721117973327,0.13128721117973327,2.2103055715560913,0.18317657625437536,0.19467953100590568
N4-E36_fold4_seed20261005,N4-E36,4,20261005,21,exact_joint_hurdle_nll,0.7018903965556372,2.308123731613159,0.10122019499540329,0.1277299627661705,0.1277299627661705,2.2069033861160277,0.1808003023546737,0.20154528497907265
N4-E36_fold4_seed20261005,N4-E36,4,20261005,22,exact_joint_hurdle_nll,0.7018903965556372,2.3055559396743774,0.09823935478925705,0.12472393363714218,0.12472393363714218,2.2073166131973267,0.17904411670566509,0.20088198784079236
N4-E36_fold4_seed20261005,N4-E36,4,20261005,23,exact_joint_hurdle_nll,0.7018903965556372,2.2970566749572754,0.09567005187273026,0.12208772450685501,0.12208772450685501,2.201386594772339,0.1779249878818375,0.18161104721619079
N4-E36_fold4_seed20261005,N4-E36,4,20261005,24,exact_joint_hurdle_nll,0.7018903965556372,2.288492965698242,0.0929228276014328,0.1192911759018898,0.1192911759018898,2.1955700874328614,0.1766836433326931,0.16025957005999766
N4-E36_fold4_seed20261005,N4-E36,4,20261005,25,exact_joint_hurdle_nll,0.7018903965556372,2.2797769784927366,0.08876326829195022,0.11511834412813186,0.11511834412813186,2.1910136938095093,0.17321135073119248,0.16397973824349324
N4-E36_fold4_seed20261005,N4-E36,4,20261005,26,exact_joint_hurdle_nll,0.7018903965556372,2.2748194694519044,0.08470758870244026,0.11101959347724914,0.11101959347724914,2.190111780166626,0.17053230557318433,0.17761473309858483
N4-E36_fold4_seed20261005,N4-E36,4,20261005,27,exact_joint_hurdle_nll,0.7018903965556372,2.2689327239990233,0.08264160752296448,0.1089184120297432,0.1089184120297432,2.1862911939620973,0.1694493513610985,0.18560590935074622
N4-E36_fold4_seed20261005,N4-E36,4,20261005,28,exact_joint_hurdle_nll,0.7018903965556372,2.2667037725448607,0.08119916319847106,0.10747178941965103,0.10747178941965103,2.1855046272277834,0.16875921241611516,0.18946708441358234
N4-E36_fold4_seed20261005,N4-E36,4,20261005,29,exact_joint_hurdle_nll,0.7018903965556372,2.261462092399597,0.08002324923872947,0.10626126304268838,0.10626126304268838,2.181438755989075,0.16814545806115266,0.1929452032605691
N4-E36_fold4_seed20261005,N4-E36,4,20261005,30,exact_joint_hurdle_nll,0.7018903965556372,2.2588651895523073,0.07896127030253411,0.10519620999693871,0.10519620999693871,2.1799037933349608,0.16751361716548058,0.1968345808650126
N4-E36_fold4_seed20261005,N4-E36,4,20261005,31,exact_joint_hurdle_nll,0.7018903965556372,2.256922721862793,0.0778391107916832,0.10405008271336555,0.10405008271336555,2.179083561897278,0.1668260958301944,0.20105310477849167
N4-E36_fold4_seed20261005,N4-E36,4,20261005,32,exact_joint_hurdle_nll,0.7018903965556372,2.25123770236969,0.0767727442085743,0.1029501996934414,0.1029501996934414,2.1744649410247803,0.1660273222598906,0.20563746929660132
N4-E36_fold4_seed20261005,N4-E36,4,20261005,33,exact_joint_hurdle_nll,0.7018903965556372,2.2509243965148924,0.07561421915888786,0.10179969519376755,0.10179969519376755,2.175310182571411,0.16515069667197393,0.21058289048114098
N4-E36_fold4_seed20261005,N4-E36,4,20261005,34,exact_joint_hurdle_nll,0.7018903965556372,2.2455567121505737,0.07441138699650765,0.10058410540223121,0.10058410540223121,2.171145439147949,0.1643402083991868,0.2162112838697748
N4-E36_fold4_seed20261005,N4-E36,4,20261005,35,exact_joint_hurdle_nll,0.7018903965556372,2.24228093624115,0.0733891710639,0.09952788949012756,0.09952788949012756,2.168891763687134,0.16360709715965774,0.22178521167168663
N4-E36_fold4_seed20261005,N4-E36,4,20261005,36,exact_joint_hurdle_nll,0.7018903965556372,2.2400778770446776,0.07242296636104584,0.0985590860247612,0.0985590860247612,2.1676548957824706,0.16293111165898314,0.22706634864924222
N4-E36_fold4_seed20261006,N4-E36,4,20261006,1,exact_joint_hurdle_nll,0.7018903965556372,3.110078001022339,0.4825521171092987,0.5135111212730408,0.5135111212730408,2.6275259017944337,0.5272241655942755,0.018479561101757986
N4-E36_fold4_seed20261006,N4-E36,4,20261006,2,exact_joint_hurdle_nll,0.7018903965556372,3.0332683801651,0.4403542518615723,0.4708548665046692,0.4708548665046692,2.5929140567779543,0.48560495561941713,0.019893857908575636
N4-E36_fold4_seed20261006,N4-E36,4,20261006,3,exact_joint_hurdle_nll,0.7018903965556372,2.957744073867798,0.40225534439086913,0.4323910176753998,0.4323910176753998,2.555488657951355,0.4486170102871009,0.02083066890440462
N4-E36_fold4_seed20261006,N4-E36,4,20261006,4,exact_joint_hurdle_nll,0.7018903965556372,2.8916378736495973,0.365474009513855,0.395284903049469,0.395284903049469,2.5261637449264525,0.4151591919132191,0.021164869738500274
N4-E36_fold4_seed20261006,N4-E36,4,20261006,5,exact_joint_hurdle_nll,0.7018903965556372,2.82128050327301,0.32953731417655946,0.3590472102165222,0.3590472102165222,2.4917433977127077,0.38344038901075256,0.020808158136918536
N4-E36_fold4_seed20261006,N4-E36,4,20261006,6,exact_joint_hurdle_nll,0.7018903965556372,2.760072612762451,0.2968918800354004,0.32613109350204467,0.32613109350204467,2.4631808757781983,0.35347432037697735,0.020266520972697884
N4-E36_fold4_seed20261006,N4-E36,4,20261006,7,exact_joint_hurdle_nll,0.7018903965556372,2.7168523550033568,0.2682133376598358,0.29731695652008056,0.29731695652008056,2.448638892173767,0.3256156733099254,0.019852616970669455
N4-E36_fold4_seed20261006,N4-E36,4,20261006,8,exact_joint_hurdle_nll,0.7018903965556372,2.6812652111053468,0.24138418436050416,0.27040182054042816,0.27040182054042816,2.4398809909820556,0.30000102809559975,0.019550824009593286
N4-E36_fold4_seed20261006,N4-E36,4,20261006,9,exact_joint_hurdle_nll,0.7018903965556372,2.65445339679718,0.21602142751216888,0.24500987827777862,0.24500987827777862,2.4384320735931397,0.27653695626054686,0.01861346981037059
N4-E36_fold4_seed20261006,N4-E36,4,20261006,10,exact_joint_hurdle_nll,0.7018903965556372,2.6253182649612428,0.19224792420864106,0.22119192779064178,0.22119192779064178,2.4330702781677247,0.25557846889387204,0.018305511300910567
N4-E36_fold4_seed20261006,N4-E36,4,20261006,11,exact_joint_hurdle_nll,0.7018903965556372,2.586387825012207,0.17202928364276887,0.20076829195022583,0.20076829195022583,2.4143583297729494,0.23863619836736116,0.019299554026660216
N4-E36_fold4_seed20261006,N4-E36,4,20261006,12,exact_joint_hurdle_nll,0.7018903965556372,2.559355282783508,0.15672071874141694,0.18530213534832002,0.18530213534832002,2.402634835243225,0.22612774409200775,0.020613383481515733
N4-E36_fold4_seed20261006,N4-E36,4,20261006,13,exact_joint_hurdle_nll,0.7018903965556372,2.5350114345550536,0.14450508654117583,0.17291069626808167,0.17291069626808167,2.390506315231323,0.21603409044729266,0.02283469459843657
N4-E36_fold4_seed20261006,N4-E36,4,20261006,14,exact_joint_hurdle_nll,0.7018903965556372,2.500413656234741,0.13411180973052977,0.16234925091266633,0.16234925091266633,2.3663018226623533,0.20720345521472924,0.0270218789122117
N4-E36_fold4_seed20261006,N4-E36,4,20261006,15,exact_joint_hurdle_nll,0.7018903965556372,2.476809597015381,0.12462360858917236,0.15272164046764375,0.15272164046764375,2.3521859884262084,0.198913513834458,0.03555048395313384
N4-E36_fold4_seed20261006,N4-E36,4,20261006,16,exact_joint_hurdle_nll,0.7018903965556372,2.4527441024780274,0.11590053588151931,0.14378546327352523,0.14378546327352523,2.336843657493591,0.19142462923805775,0.05453357281979547
N4-E36_fold4_seed20261006,N4-E36,4,20261006,17,exact_joint_hurdle_nll,0.7018903965556372,2.427900218963623,0.10795143842697144,0.13568680733442307,0.13568680733442307,2.319948935508728,0.18559158725011798,0.07059371887877935
N4-E36_fold4_seed20261006,N4-E36,4,20261006,18,exact_joint_hurdle_nll,0.7018903965556372,2.4084944486618043,0.10110358595848083,0.1286902219057083,0.1286902219057083,2.307390737533569,0.18105293885584464,0.08667658905772505
N4-E36_fold4_seed20261006,N4-E36,4,20261006,19,exact_joint_hurdle_nll,0.7018903965556372,2.3854276180267333,0.09567184746265411,0.1230345606803894,0.1230345606803894,2.289755845069885,0.17769647216769294,0.11351923232405958
N4-E36_fold4_seed20261006,N4-E36,4,20261006,20,exact_joint_hurdle_nll,0.7018903965556372,2.3726717472076415,0.09212329834699631,0.11933930516242981,0.11933930516242981,2.2805485248565676,0.17574474088295444,0.13577181757517673
N4-E36_fold4_seed20261006,N4-E36,4,20261006,21,exact_joint_hurdle_nll,0.7018903965556372,2.355538177490234,0.0900557667016983,0.1171465277671814,0.1171465277671814,2.2654823780059816,0.17489752747611081,0.1408647965798963
N4-E36_fold4_seed20261006,N4-E36,4,20261006,22,exact_joint_hurdle_nll,0.7018903965556372,2.34647421836853,0.08831962123513222,0.1153208315372467,0.1153208315372467,2.258154535293579,0.17415003584112543,0.14144839282515265
N4-E36_fold4_seed20261006,N4-E36,4,20261006,23,exact_joint_hurdle_nll,0.7018903965556372,2.3419917106628416,0.08662135750055314,0.11356143057346343,0.11356143057346343,2.2553704738616944,0.1732526705964,0.14443652511620692
N4-E36_fold4_seed20261006,N4-E36,4,20261006,24,exact_joint_hurdle_nll,0.7018903965556372,2.3317113876342774,0.08512513116002082,0.1119819551706314,0.1119819551706314,2.2465861082077025,0.17236372881346168,0.14950266578133378
N4-E36_fold4_seed20261006,N4-E36,4,20261006,25,exact_joint_hurdle_nll,0.7018903965556372,2.3253184080123903,0.08385603949427604,0.11066249161958694,0.11066249161958694,2.2414624452590943,0.17154696483403023,0.1557899207824585
N4-E36_fold4_seed20261006,N4-E36,4,20261006,26,exact_joint_hurdle_nll,0.7018903965556372,2.322165274620056,0.08270226418972015,0.1094732254743576,0.1094732254743576,2.2394629955291747,0.1707357315189369,0.16323144949937113
N4-E36_fold4_seed20261006,N4-E36,4,20261006,27,exact_joint_hurdle_nll,0.7018903965556372,2.3128953695297243,0.08164858594536781,0.1083471991121769,0.1083471991121769,2.2312469244003297,0.16992388275421863,0.17059470021829365
N4-E36_fold4_seed20261006,N4-E36,4,20261006,28,exact_joint_hurdle_nll,0.7018903965556372,2.3090301752090454,0.08052255734801292,0.10720992535352707,0.10720992535352707,2.228507471084595,0.168765518449277,0.18101616811304508
N4-E36_fold4_seed20261006,N4-E36,4,20261006,29,exact_joint_hurdle_nll,0.7018903965556372,2.300462818145752,0.0794117160141468,0.10608376637101173,0.10608376637101173,2.221051001548767,0.16719730691424753,0.19629505632938246
N4-E36_fold4_seed20261006,N4-E36,4,20261006,30,exact_joint_hurdle_nll,0.7018903965556372,2.3007663249969483,0.07872860059142113,0.10536153316497802,0.10536153316497802,2.222037649154663,0.16651548105264993,0.20189437335867155
N4-E36_fold4_seed20261006,N4-E36,4,20261006,31,exact_joint_hurdle_nll,0.7018903965556372,2.2931429386138915,0.07752029597759247,0.1041005365550518,0.1041005365550518,2.215622568130493,0.1663001936381347,0.2015785639140561
N4-E36_fold4_seed20261006,N4-E36,4,20261006,32,exact_joint_hurdle_nll,0.7018903965556372,2.284610891342163,0.07653528898954391,0.10303540378808976,0.10303540378808976,2.2080756187438966,0.16577754351825302,0.20564477774160325
N4-E36_fold4_seed20261006,N4-E36,4,20261006,33,exact_joint_hurdle_nll,0.7018903965556372,2.282182288169861,0.07557655647397041,0.10208494663238525,0.10208494663238525,2.2066057682037354,0.16491145015753259,0.21304541625606177
N4-E36_fold4_seed20261006,N4-E36,4,20261006,34,exact_joint_hurdle_nll,0.7018903965556372,2.283159637451172,0.07479737997055054,0.10125286355614663,0.10125286355614663,2.2083622217178345,0.1643030459324287,0.2180339019393404
N4-E36_fold4_seed20261006,N4-E36,4,20261006,35,exact_joint_hurdle_nll,0.7018903965556372,2.276114296913147,0.07394036650657654,0.1003568135201931,0.1003568135201931,2.202173924446106,0.16392748648831074,0.22093751131034434
N4-E36_fold4_seed20261006,N4-E36,4,20261006,36,exact_joint_hurdle_nll,0.7018903965556372,2.2746499300003054,0.07313457503914833,0.09954989030957222,0.09954989030957222,2.2015151977539062,0.16356298992523213,0.2237821425650702
