task_id,model_id,fold,seed,validation_week_index,observed_prevalence,mean_predicted_probability,brier,pr_auc
N1-R_fold1_seed20261002,N1-R,1,20261002,26,0.012453920494171565,0.5043268650375133,0.2552205775338131,0.010581481596909754
N1-R_fold1_seed20261002,N1-R,1,20261002,27,0.01384875958951878,0.5056693722307349,0.2564649213243005,0.012434475188404697
N1-R_fold1_seed20261002,N1-R,1,20261002,28,0.015343230048819368,0.5043996638627147,0.2553340826998159,0.01225972881165842
N1-R_fold1_seed20261002,N1-R,1,20261002,29,0.015542492776726114,0.5031185533823629,0.2539002303260089,0.015045225980311404
N1-R_fold1_seed20261002,N1-R,1,20261002,30,0.015542492776726114,0.5029770869885478,0.2537046295755466,0.015865475992047025
N1-R_fold1_seed20261002,N1-R,1,20261002,31,0.015642124140679486,0.5040312570202812,0.2546222709877342,0.020269135930500056
N1-R_fold1_seed20261002,N1-R,1,20261002,32,0.017335857327886818,0.5025823106726105,0.2531755538249976,0.019576387223154617
N1-R_fold1_seed20261002,N1-R,1,20261002,33,0.018033276875560427,0.502088526199982,0.25256092980105144,0.029229474568934873
N1-R_fold1_seed20261002,N1-R,1,20261002,34,0.016140280960446347,0.5034900939989927,0.2540584970901561,0.018170797380426762
N1-R_fold1_seed20261002,N1-R,1,20261002,35,0.0170369632360267,0.5024574614242145,0.2531296434401626,0.020866285221584728
N1-R_fold1_seed20261002,N1-R,1,20261002,36,0.016837700508119956,0.5030822898398836,0.25353811492360373,0.02466878570916915
N1-R_fold1_seed20261002,N1-R,1,20261002,37,0.016837700508119956,0.5026081776530149,0.25296345059796616,0.023892705669151613
N1-R_fold1_seed20261002,N1-R,1,20261002,38,0.016040649596492977,0.5053463483718992,0.25570834781872037,0.022502169138023977
N1-R_fold1_seed20261003,N1-R,1,20261003,26,0.012453920494171565,0.342973318604263,0.12144747646782034,0.0501761453655061
N1-R_fold1_seed20261003,N1-R,1,20261003,27,0.01384875958951878,0.3469447886783544,0.12429194752147654,0.06170084767848287
N1-R_fold1_seed20261003,N1-R,1,20261003,28,0.015343230048819368,0.3466840768471353,0.12442702554341938,0.09163328734926045
N1-R_fold1_seed20261003,N1-R,1,20261003,29,0.015542492776726114,0.3453131978663322,0.1236141155132728,0.07895090181240821
N1-R_fold1_seed20261003,N1-R,1,20261003,30,0.015542492776726114,0.3455503404616731,0.12381077242849327,0.07351724223934615
N1-R_fold1_seed20261003,N1-R,1,20261003,31,0.015642124140679486,0.34899669160398267,0.12624422620351286,0.060176051872882594
N1-R_fold1_seed20261003,N1-R,1,20261003,32,0.017335857327886818,0.34813665017810663,0.1259083580063263,0.08599630230278944
N1-R_fold1_seed20261003,N1-R,1,20261003,33,0.018033276875560427,0.34744271980435376,0.12563665338034305,0.08794577708379948
N1-R_fold1_seed20261003,N1-R,1,20261003,34,0.016140280960446347,0.34041993011581345,0.12062872921054855,0.10139332975204182
N1-R_fold1_seed20261003,N1-R,1,20261003,35,0.0170369632360267,0.33909677916587444,0.11995447569934109,0.12165634106735128
N1-R_fold1_seed20261003,N1-R,1,20261003,36,0.016837700508119956,0.33498251207675067,0.11731366716319278,0.0952411589414365
N1-R_fold1_seed20261003,N1-R,1,20261003,37,0.016837700508119956,0.33784361766435983,0.11911088069354087,0.09830295574211947
N1-R_fold1_seed20261003,N1-R,1,20261003,38,0.016040649596492977,0.3422983108943664,0.12177040201584129,0.10235619727166882
N1-R_fold1_seed20261004,N1-R,1,20261004,26,0.012453920494171565,0.569129910062083,0.32240461424179984,0.020476526620167326
N1-R_fold1_seed20261004,N1-R,1,20261004,27,0.01384875958951878,0.5705579637113706,0.3237343378273743,0.027340603767311487
N1-R_fold1_seed20261004,N1-R,1,20261004,28,0.015343230048819368,0.572624945819487,0.3259933366450046,0.01900334504048129
N1-R_fold1_seed20261004,N1-R,1,20261004,29,0.015542492776726114,0.5728451636306144,0.3261891239759048,0.020566859109850903
N1-R_fold1_seed20261004,N1-R,1,20261004,30,0.015542492776726114,0.5710435326662991,0.3240532955316581,0.030336858762803225
N1-R_fold1_seed20261004,N1-R,1,20261004,31,0.015642124140679486,0.5700493978538403,0.32296412843208394,0.025002546508947048
N1-R_fold1_seed20261004,N1-R,1,20261004,32,0.017335857327886818,0.5744740549894596,0.3278114796719384,0.019588941155678958
N1-R_fold1_seed20261004,N1-R,1,20261004,33,0.018033276875560427,0.574739228930023,0.32786599541393857,0.03205031350335545
N1-R_fold1_seed20261004,N1-R,1,20261004,34,0.016140280960446347,0.5736323349629339,0.32681190243950653,0.03909292283583518
N1-R_fold1_seed20261004,N1-R,1,20261004,35,0.0170369632360267,0.5739575499572033,0.3271827326890559,0.023138323580218764
N1-R_fold1_seed20261004,N1-R,1,20261004,36,0.016837700508119956,0.5729394887252335,0.3257402679950532,0.05129650892175628
N1-R_fold1_seed20261004,N1-R,1,20261004,37,0.016837700508119956,0.5736915979289055,0.32631934686759007,0.11333360065049984
N1-R_fold1_seed20261004,N1-R,1,20261004,38,0.016040649596492977,0.5716238036536087,0.32450996987415737,0.037972783591103156
N1-R_fold1_seed20261005,N1-R,1,20261005,26,0.012453920494171565,0.33107725412659605,0.11425565255674336,0.03216555728707613
N1-R_fold1_seed20261005,N1-R,1,20261005,27,0.01384875958951878,0.3305112515772731,0.11436733902675131,0.036180161141844566
N1-R_fold1_seed20261005,N1-R,1,20261005,28,0.015343230048819368,0.33185571520439405,0.11565360648362256,0.045355838783240204
N1-R_fold1_seed20261005,N1-R,1,20261005,29,0.015542492776726114,0.3309876093487869,0.11519740838932564,0.04117414474038366
N1-R_fold1_seed20261005,N1-R,1,20261005,30,0.015542492776726114,0.32892931467074693,0.11387691352805088,0.03733199680874461
N1-R_fold1_seed20261005,N1-R,1,20261005,31,0.015642124140679486,0.3269072631124976,0.11265151647147445,0.03849291961532856
N1-R_fold1_seed20261005,N1-R,1,20261005,32,0.017335857327886818,0.33076174070357156,0.11558260879687463,0.04179470110160848
N1-R_fold1_seed20261005,N1-R,1,20261005,33,0.018033276875560427,0.3319685327529619,0.11658610064037049,0.037110833884852965
N1-R_fold1_seed20261005,N1-R,1,20261005,34,0.016140280960446347,0.325503367840408,0.11154086939662239,0.048983756545417735
N1-R_fold1_seed20261005,N1-R,1,20261005,35,0.0170369632360267,0.3263802901979861,0.11228074295939933,0.05466135976927256
N1-R_fold1_seed20261005,N1-R,1,20261005,36,0.016837700508119956,0.32496581400327235,0.11122184022701788,0.07237624527183359
N1-R_fold1_seed20261005,N1-R,1,20261005,37,0.016837700508119956,0.33019461295099123,0.11474347701236988,0.041575033680465986
N1-R_fold1_seed20261005,N1-R,1,20261005,38,0.016040649596492977,0.32917509506412973,0.1138341086144965,0.047302785486897446
N1-R_fold1_seed20261006,N1-R,1,20261006,26,0.012453920494171565,0.26603841179378074,0.0768316701988644,0.014685507155634514
N1-R_fold1_seed20261006,N1-R,1,20261006,27,0.01384875958951878,0.26483130282396755,0.07695626395530909,0.01789847959489639
N1-R_fold1_seed20261006,N1-R,1,20261006,28,0.015343230048819368,0.26273017233136364,0.07650206135866108,0.019574331339955193
N1-R_fold1_seed20261006,N1-R,1,20261006,29,0.015542492776726114,0.26314394204999786,0.07685264745209232,0.020715770573171845
N1-R_fold1_seed20261006,N1-R,1,20261006,30,0.015542492776726114,0.2635926974390361,0.0771046504539942,0.02105658540499784
N1-R_fold1_seed20261006,N1-R,1,20261006,31,0.015642124140679486,0.26493714373243565,0.0778682402384458,0.020511700574531944
N1-R_fold1_seed20261006,N1-R,1,20261006,32,0.017335857327886818,0.26290733993565085,0.07746396860586621,0.024669373100318057
N1-R_fold1_seed20261006,N1-R,1,20261006,33,0.018033276875560427,0.2627579059431335,0.07769935793695104,0.024518856544271918
N1-R_fold1_seed20261006,N1-R,1,20261006,34,0.016140280960446347,0.26117437956310874,0.07589753413204,0.024760315947560268
N1-R_fold1_seed20261006,N1-R,1,20261006,35,0.0170369632360267,0.26038688327622667,0.07588276554305053,0.029139691151483987
N1-R_fold1_seed20261006,N1-R,1,20261006,36,0.016837700508119956,0.2606153464993695,0.07585791830931615,0.031429749529552464
N1-R_fold1_seed20261006,N1-R,1,20261006,37,0.016837700508119956,0.2605539349956762,0.07581320223851884,0.031458729503143046
N1-R_fold1_seed20261006,N1-R,1,20261006,38,0.016040649596492977,0.259942244440037,0.07511683636176006,0.03165212399120152
N1-R_fold2_seed20261002,N1-R,2,20261002,39,0.01693733187207333,0.44946515723018937,0.2046726010041948,0.015468689330748034
N1-R_fold2_seed20261002,N1-R,2,20261002,40,0.016738069144166583,0.4537863962732816,0.2079017011370541,0.0213401448987475
N1-R_fold2_seed20261002,N1-R,2,20261002,41,0.016837700508119956,0.4551047018848209,0.20988288931499857,0.01626296179405449
N1-R_fold2_seed20261002,N1-R,2,20261002,42,0.02251668825346219,0.45983725353553134,0.21477308241202916,0.018641440396374408
N1-R_fold2_seed20261002,N1-R,2,20261002,43,0.018631065059280662,0.4719765192363809,0.22584188009740666,0.01297986739205507
N1-R_fold2_seed20261002,N1-R,2,20261002,44,0.01902959051509415,0.46984778279025663,0.2237497778675769,0.014114369479062909
N1-R_fold2_seed20261002,N1-R,2,20261002,45,0.01773438278370031,0.4842839534402854,0.23749799964459611,0.011421474666949094
N1-R_fold2_seed20261002,N1-R,2,20261002,46,0.017236225963933448,0.47053267563043516,0.2244457365816826,0.011582779110496617
N1-R_fold2_seed20261002,N1-R,2,20261002,47,0.02012553551858125,0.49737921121063466,0.2519341751677179,0.012290775872894353
N1-R_fold2_seed20261002,N1-R,2,20261002,48,0.019228853243000898,0.5061650358765232,0.2612124051209011,0.011278843119467528
N1-R_fold2_seed20261002,N1-R,2,20261002,49,0.019527747334861015,0.5097062028991719,0.2640307379280427,0.011433681967947404
N1-R_fold2_seed20261002,N1-R,2,20261002,50,0.018631065059280662,0.5096106180302723,0.2637524277085367,0.010341953901336558
N1-R_fold2_seed20261002,N1-R,2,20261002,51,0.01464581050114576,0.48052499075366384,0.2342561816553932,0.009287809161084676
N1-R_fold2_seed20261003,N1-R,2,20261003,39,0.01693733187207333,0.2663771413764171,0.07718878473075097,0.3593194745294284
N1-R_fold2_seed20261003,N1-R,2,20261003,40,0.016738069144166583,0.2705622809978463,0.07933753517534539,0.3660210147773925
N1-R_fold2_seed20261003,N1-R,2,20261003,41,0.016837700508119956,0.2633106198032451,0.07554958106415909,0.35202344384162026
N1-R_fold2_seed20261003,N1-R,2,20261003,42,0.02251668825346219,0.26640855778258576,0.07880952265516558,0.4780501306820276
N1-R_fold2_seed20261003,N1-R,2,20261003,43,0.018631065059280662,0.27663235716186096,0.08329762882945332,0.3655164396368197
N1-R_fold2_seed20261003,N1-R,2,20261003,44,0.01902959051509415,0.27762623595667874,0.08382092038837047,0.4378105877442166
N1-R_fold2_seed20261003,N1-R,2,20261003,45,0.01773438278370031,0.27169591011003474,0.08040825463636514,0.3798080255006511
N1-R_fold2_seed20261003,N1-R,2,20261003,46,0.017236225963933448,0.27270503104444765,0.08038355588639048,0.37064295463429936
N1-R_fold2_seed20261003,N1-R,2,20261003,47,0.02012553551858125,0.27144092649184604,0.08081916247465526,0.408240641478869
N1-R_fold2_seed20261003,N1-R,2,20261003,48,0.019228853243000898,0.2765300132595364,0.08321193907261108,0.3782648651537567
N1-R_fold2_seed20261003,N1-R,2,20261003,49,0.019527747334861015,0.27640883734818067,0.08326393822729762,0.3571839089231783
N1-R_fold2_seed20261003,N1-R,2,20261003,50,0.018631065059280662,0.2705908380089513,0.08012652133684928,0.3545986384751551
N1-R_fold2_seed20261003,N1-R,2,20261003,51,0.01464581050114576,0.27796217081861957,0.0826654545482379,0.2733989146890828
N1-R_fold2_seed20261004,N1-R,2,20261004,39,0.01693733187207333,0.49187102340675093,0.24205732207642378,0.05997425656332521
N1-R_fold2_seed20261004,N1-R,2,20261004,40,0.016738069144166583,0.49333509227526806,0.24337929104988248,0.0780538660484015
N1-R_fold2_seed20261004,N1-R,2,20261004,41,0.016837700508119956,0.485202858022424,0.23581027643196814,0.07823234627869206
N1-R_fold2_seed20261004,N1-R,2,20261004,42,0.02251668825346219,0.4777951566230825,0.22843611662493557,0.1344464256341912
N1-R_fold2_seed20261004,N1-R,2,20261004,43,0.018631065059280662,0.47041291759316467,0.22164853065072251,0.13500518649900586
N1-R_fold2_seed20261004,N1-R,2,20261004,44,0.01902959051509415,0.47181584333318444,0.2228377546759524,0.12490893657717883
N1-R_fold2_seed20261004,N1-R,2,20261004,45,0.01773438278370031,0.46874363170689265,0.21987220785430533,0.18513294145948953
N1-R_fold2_seed20261004,N1-R,2,20261004,46,0.017236225963933448,0.47753792828681324,0.22845036531531604,0.09521003114795416
N1-R_fold2_seed20261004,N1-R,2,20261004,47,0.02012553551858125,0.4633001245321258,0.2149631705785613,0.16942438697562145
N1-R_fold2_seed20261004,N1-R,2,20261004,48,0.019228853243000898,0.4675417529115912,0.21907626654572587,0.12442425607519879
N1-R_fold2_seed20261004,N1-R,2,20261004,49,0.019527747334861015,0.46257958728426946,0.21420373178756058,0.17328268409454997
N1-R_fold2_seed20261004,N1-R,2,20261004,50,0.018631065059280662,0.4636999409527617,0.21529935381191853,0.16780840010099132
N1-R_fold2_seed20261004,N1-R,2,20261004,51,0.01464581050114576,0.4705667881262938,0.22183206989067908,0.149468471253119
N1-R_fold2_seed20261005,N1-R,2,20261005,39,0.01693733187207333,0.24580887567998833,0.06868083720861422,0.06517495943838751
N1-R_fold2_seed20261005,N1-R,2,20261005,40,0.016738069144166583,0.24749210049331255,0.06937700460186255,0.06204231388948077
N1-R_fold2_seed20261005,N1-R,2,20261005,41,0.016837700508119956,0.24525204742769555,0.06832142924191725,0.06887228962637436
N1-R_fold2_seed20261005,N1-R,2,20261005,42,0.02251668825346219,0.24415621757465936,0.07029247424434605,0.1041705227829922
N1-R_fold2_seed20261005,N1-R,2,20261005,43,0.018631065059280662,0.24702325827266425,0.07051363712649926,0.03960304753109529
N1-R_fold2_seed20261005,N1-R,2,20261005,44,0.01902959051509415,0.24383123029261194,0.06873930688005839,0.06644385614760318
N1-R_fold2_seed20261005,N1-R,2,20261005,45,0.01773438278370031,0.2431702413831315,0.06785325967336936,0.06018923191684545
N1-R_fold2_seed20261005,N1-R,2,20261005,46,0.017236225963933448,0.2526500839683773,0.07215039523354574,0.057021383723249316
N1-R_fold2_seed20261005,N1-R,2,20261005,47,0.02012553551858125,0.2546619244653233,0.07468473701902226,0.04634375865439596
N1-R_fold2_seed20261005,N1-R,2,20261005,48,0.019228853243000898,0.256399711679442,0.07501496021548315,0.05482775968310196
N1-R_fold2_seed20261005,N1-R,2,20261005,49,0.019527747334861015,0.2517712549872837,0.07268421581944398,0.08022309771591044
N1-R_fold2_seed20261005,N1-R,2,20261005,50,0.018631065059280662,0.2465803721584154,0.06999528768899702,0.052535891445371324
N1-R_fold2_seed20261005,N1-R,2,20261005,51,0.01464581050114576,0.2504244563641698,0.06996223995348871,0.046627981162943366
N1-R_fold2_seed20261006,N1-R,2,20261006,39,0.01693733187207333,0.22104755576081517,0.05790607476737285,0.06102117921767797
N1-R_fold2_seed20261006,N1-R,2,20261006,40,0.016738069144166583,0.21974134010918644,0.057182032752731225,0.08901784813359173
N1-R_fold2_seed20261006,N1-R,2,20261006,41,0.016837700508119956,0.21948471391507257,0.05714650134905854,0.08278624081908513
N1-R_fold2_seed20261006,N1-R,2,20261006,42,0.02251668825346219,0.22046141628161198,0.06055264956968484,0.088917861380036
N1-R_fold2_seed20261006,N1-R,2,20261006,43,0.018631065059280662,0.22184288436192462,0.0592786155562191,0.046834174028366836
N1-R_fold2_seed20261006,N1-R,2,20261006,44,0.01902959051509415,0.22251198565320493,0.05975943252706091,0.047735867669305286
N1-R_fold2_seed20261006,N1-R,2,20261006,45,0.01773438278370031,0.22259741198166247,0.059135899532497,0.041631058212509064
N1-R_fold2_seed20261006,N1-R,2,20261006,46,0.017236225963933448,0.21740054103620243,0.05649854443363686,0.08065298293884995
N1-R_fold2_seed20261006,N1-R,2,20261006,47,0.02012553551858125,0.22512385922140782,0.06161349224757179,0.03827386538036461
N1-R_fold2_seed20261006,N1-R,2,20261006,48,0.019228853243000898,0.2295450399429864,0.06324436499358033,0.02974101660544231
N1-R_fold2_seed20261006,N1-R,2,20261006,49,0.019527747334861015,0.2359589233361219,0.06635257790995903,0.02321775837935188
N1-R_fold2_seed20261006,N1-R,2,20261006,50,0.018631065059280662,0.23752285576673401,0.0668645027782094,0.019675982701669023
N1-R_fold2_seed20261006,N1-R,2,20261006,51,0.01464581050114576,0.2238554689090196,0.05816419145041076,0.030040181716559616
N1-R_fold3_seed20261002,N1-R,3,20261002,52,0.011656869582544586,0.4480003597031683,0.20534571685871109,0.00628338368722235
N1-R_fold3_seed20261002,N1-R,3,20261002,53,0.016638437780213212,0.4401724702067348,0.2002391173092467,0.008958888661128827
N1-R_fold3_seed20261002,N1-R,3,20261002,54,0.02022516688253462,0.4654648438825899,0.22322798184362416,0.01074504891630217
N1-R_fold3_seed20261002,N1-R,3,20261002,55,0.01972701006276776,0.4624004116877615,0.2206488817033908,0.010442724688834457
N1-R_fold3_seed20261002,N1-R,3,20261002,56,0.014745441865099133,0.4721097090922904,0.22826634107689683,0.007752881675081597
N1-R_fold3_seed20261002,N1-R,3,20261002,57,0.016638437780213212,0.4510001641379994,0.2088783853068249,0.008897534609076361
N1-R_fold3_seed20261002,N1-R,3,20261002,58,0.016638437780213212,0.43234521744694654,0.19244671597747537,0.00912515327520151
N1-R_fold3_seed20261002,N1-R,3,20261002,59,0.022616319617415562,0.435137473218184,0.19720810303478917,0.012216812294959979
N1-R_fold3_seed20261003,N1-R,3,20261003,52,0.011656869582544586,0.22562658770651045,0.05650655782376934,0.17312309918695643
N1-R_fold3_seed20261003,N1-R,3,20261003,53,0.016638437780213212,0.22938169927420243,0.060277361916748935,0.19710383179729388
N1-R_fold3_seed20261003,N1-R,3,20261003,54,0.02022516688253462,0.22167948391850342,0.058635250036141125,0.23929084068530057
N1-R_fold3_seed20261003,N1-R,3,20261003,55,0.01972701006276776,0.22881595207802985,0.061425626622293804,0.23151751342756993
N1-R_fold3_seed20261003,N1-R,3,20261003,56,0.014745441865099133,0.224308012595264,0.05743146663037033,0.1690312721820686
N1-R_fold3_seed20261003,N1-R,3,20261003,57,0.016638437780213212,0.22516909987861314,0.05866680546629058,0.187794332857653
N1-R_fold3_seed20261003,N1-R,3,20261003,58,0.016638437780213212,0.22883279540306423,0.06007577331243605,0.25050886261223737
N1-R_fold3_seed20261003,N1-R,3,20261003,59,0.022616319617415562,0.2292088984814617,0.06310162733575686,0.22182314968919056
N1-R_fold3_seed20261004,N1-R,3,20261004,52,0.011656869582544586,0.3896455640516698,0.1540821640211801,0.1126332500543188
N1-R_fold3_seed20261004,N1-R,3,20261004,53,0.016638437780213212,0.39147699180320183,0.15636718849226275,0.1175607225204578
N1-R_fold3_seed20261004,N1-R,3,20261004,54,0.02022516688253462,0.3873326013521055,0.15359726417892883,0.1721312149200233
N1-R_fold3_seed20261004,N1-R,3,20261004,55,0.01972701006276776,0.3919363501426197,0.15707048699380907,0.14591598691813448
N1-R_fold3_seed20261004,N1-R,3,20261004,56,0.014745441865099133,0.3913708611225927,0.15598369517331187,0.10958959182735067
N1-R_fold3_seed20261004,N1-R,3,20261004,57,0.016638437780213212,0.39143527982583226,0.15639046856538866,0.11218767603085295
N1-R_fold3_seed20261004,N1-R,3,20261004,58,0.016638437780213212,0.3938859635212676,0.15831180831557176,0.0759339225013188
N1-R_fold3_seed20261004,N1-R,3,20261004,59,0.022616319617415562,0.38936936480501577,0.15577544982158578,0.11732298676683789
N1-R_fold3_seed20261005,N1-R,3,20261005,52,0.011656869582544586,0.1844268826803151,0.041234893380372534,0.04311642539704958
N1-R_fold3_seed20261005,N1-R,3,20261005,53,0.016638437780213212,0.18699365594382705,0.045217784433010895,0.04400148315110915
N1-R_fold3_seed20261005,N1-R,3,20261005,54,0.02022516688253462,0.1814549387108818,0.04526513470777442,0.07337021884005593
N1-R_fold3_seed20261005,N1-R,3,20261005,55,0.01972701006276776,0.18176780718455807,0.04494711379341441,0.08688871209056005
N1-R_fold3_seed20261005,N1-R,3,20261005,56,0.014745441865099133,0.18145569833502986,0.04203350776004889,0.05484109082841905
N1-R_fold3_seed20261005,N1-R,3,20261005,57,0.016638437780213212,0.18507179169451896,0.044512002669202425,0.047811162826381044
N1-R_fold3_seed20261005,N1-R,3,20261005,58,0.016638437780213212,0.18765993890632618,0.045413425961336885,0.045961296339228706
N1-R_fold3_seed20261005,N1-R,3,20261005,59,0.022616319617415562,0.18888962165911743,0.04922928620536318,0.07904692883772646
N1-R_fold3_seed20261006,N1-R,3,20261006,52,0.011656869582544586,0.18696416053129175,0.042457972505045516,0.014587480046697028
N1-R_fold3_seed20261006,N1-R,3,20261006,53,0.016638437780213212,0.184834346749099,0.044764824035361105,0.020582624650258514
N1-R_fold3_seed20261006,N1-R,3,20261006,54,0.02022516688253462,0.1915393869153167,0.049593618968714746,0.018540032428182494
N1-R_fold3_seed20261006,N1-R,3,20261006,55,0.01972701006276776,0.19200323242342043,0.04955324407826555,0.01745310431115432
N1-R_fold3_seed20261006,N1-R,3,20261006,56,0.014745441865099133,0.1985636054622577,0.04902275501331113,0.010550703707322848
N1-R_fold3_seed20261006,N1-R,3,20261006,57,0.016638437780213212,0.19590223327570305,0.04920063114316406,0.011875803973220722
N1-R_fold3_seed20261006,N1-R,3,20261006,58,0.016638437780213212,0.19005368490607852,0.046870828298020834,0.014300529279158421
N1-R_fold3_seed20261006,N1-R,3,20261006,59,0.022616319617415562,0.19016807959246604,0.05057891655838051,0.02015732646021146
N1-R_fold4_seed20261002,N1-R,4,20261002,60,0.02640231144764372,0.3770015052653162,0.15118409529147647,0.01716092493473339
N1-R_fold4_seed20261002,N1-R,4,20261002,61,0.027099730995317328,0.3624638473464679,0.14101612033956237,0.018054787731373038
N1-R_fold4_seed20261002,N1-R,4,20261002,62,0.02879346418252466,0.35878938569249247,0.13869756595612956,0.02176303608589959
N1-R_fold4_seed20261002,N1-R,4,20261002,63,0.028295307362757795,0.35973718102191665,0.13873206173964975,0.021184924075254616
N1-R_fold4_seed20261002,N1-R,4,20261002,64,0.029391252366244895,0.34861761997695034,0.1312441637060037,0.02875343804074313
N1-R_fold4_seed20261002,N1-R,4,20261002,65,0.02570489189997011,0.34676473401101005,0.12917817581244442,0.02539260664670602
N1-R_fold4_seed20261002,N1-R,4,20261002,66,0.03307761283251968,0.346889899121881,0.13116125979785537,0.03411469175278736
N1-R_fold4_seed20261002,N1-R,4,20261002,67,0.030586828733685366,0.34891452794797806,0.13255698191542553,0.025939367324302243
N1-R_fold4_seed20261003,N1-R,4,20261003,60,0.02640231144764372,0.18154217626249494,0.04820371690988052,0.17284500672392752
N1-R_fold4_seed20261003,N1-R,4,20261003,61,0.027099730995317328,0.1893035812156381,0.05045779172442993,0.23056625995967736
N1-R_fold4_seed20261003,N1-R,4,20261003,62,0.02879346418252466,0.18295511347611038,0.04914251691259644,0.24475485365180952
N1-R_fold4_seed20261003,N1-R,4,20261003,63,0.028295307362757795,0.18436257337434359,0.04998573475770397,0.178186184384474
N1-R_fold4_seed20261003,N1-R,4,20261003,64,0.029391252366244895,0.1841346608711856,0.05009302250136304,0.22480750799785998
N1-R_fold4_seed20261003,N1-R,4,20261003,65,0.02570489189997011,0.18727202267570964,0.04874699096795719,0.22629341764191807
N1-R_fold4_seed20261003,N1-R,4,20261003,66,0.03307761283251968,0.18551692469465902,0.051872578477946234,0.2776187744286882
N1-R_fold4_seed20261003,N1-R,4,20261003,67,0.030586828733685366,0.1862726179802917,0.050964565583239065,0.25367877185863164
N1-R_fold4_seed20261004,N1-R,4,20261004,60,0.02640231144764372,0.330284027737992,0.11705096571756954,0.13537863111532794
N1-R_fold4_seed20261004,N1-R,4,20261004,61,0.027099730995317328,0.3364841336400661,0.12114478352782201,0.11455009495814207
N1-R_fold4_seed20261004,N1-R,4,20261004,62,0.02879346418252466,0.3333345972163936,0.11943355430475314,0.14462294896955694
N1-R_fold4_seed20261004,N1-R,4,20261004,63,0.028295307362757795,0.3310012316317801,0.11823173049441077,0.12165418752060485
N1-R_fold4_seed20261004,N1-R,4,20261004,64,0.029391252366244895,0.3355330226971195,0.12139420297371387,0.11239378005889647
N1-R_fold4_seed20261004,N1-R,4,20261004,65,0.02570489189997011,0.34009657405825455,0.12326399226278718,0.08053974314287754
N1-R_fold4_seed20261004,N1-R,4,20261004,66,0.03307761283251968,0.34062627861177625,0.12512655078407808,0.15761642801586404
N1-R_fold4_seed20261004,N1-R,4,20261004,67,0.030586828733685366,0.3379086982522346,0.12314933693575758,0.10368560110476716
N1-R_fold4_seed20261005,N1-R,4,20261005,60,0.02640231144764372,0.14525867406224294,0.038691986869338835,0.12329656275173154
N1-R_fold4_seed20261005,N1-R,4,20261005,61,0.027099730995317328,0.14754648853229627,0.03948455874958329,0.13004347160005844
N1-R_fold4_seed20261005,N1-R,4,20261005,62,0.02879346418252466,0.1483288354732268,0.04089269101861588,0.13419021101143982
N1-R_fold4_seed20261005,N1-R,4,20261005,63,0.028295307362757795,0.1497521248339647,0.04149946451343091,0.08621289015629006
N1-R_fold4_seed20261005,N1-R,4,20261005,64,0.029391252366244895,0.15101779460492204,0.04231575650004441,0.10742520374210865
N1-R_fold4_seed20261005,N1-R,4,20261005,65,0.02570489189997011,0.15078706745275955,0.03977879499387226,0.09406860480322046
N1-R_fold4_seed20261005,N1-R,4,20261005,66,0.03307761283251968,0.1505457603248398,0.04459614256430151,0.11806075497796344
N1-R_fold4_seed20261005,N1-R,4,20261005,67,0.030586828733685366,0.15151399847987762,0.04317082548544385,0.1104885472783303
N1-R_fold4_seed20261006,N1-R,4,20261006,60,0.02640231144764372,0.15256983838970925,0.04125971876227983,0.07113636019529876
N1-R_fold4_seed20261006,N1-R,4,20261006,61,0.027099730995317328,0.15285736906154088,0.04166854288014112,0.09767493813865424
N1-R_fold4_seed20261006,N1-R,4,20261006,62,0.02879346418252466,0.15483164975527478,0.043386139952802834,0.09738457265427461
N1-R_fold4_seed20261006,N1-R,4,20261006,63,0.028295307362757795,0.15644385237160024,0.043610472227948276,0.05545542895090818
N1-R_fold4_seed20261006,N1-R,4,20261006,64,0.029391252366244895,0.15417272867359672,0.04359671028173617,0.11643698205167184
N1-R_fold4_seed20261006,N1-R,4,20261006,65,0.02570489189997011,0.15437913241926415,0.04118266024206612,0.10888990256181796
N1-R_fold4_seed20261006,N1-R,4,20261006,66,0.03307761283251968,0.1543957756411402,0.04612282194639625,0.13554840114932853
N1-R_fold4_seed20261006,N1-R,4,20261006,67,0.030586828733685366,0.15458104138734655,0.04461539268754283,0.09035285172095026
N1-E_fold1_seed20261002,N1-E,1,20261002,26,0.012453920494171565,0.48138316767276196,0.23316725381393089,0.010237828448231623
N1-E_fold1_seed20261002,N1-E,1,20261002,27,0.01384875958951878,0.4827833915592354,0.2343081730057344,0.012436528339928692
N1-E_fold1_seed20261002,N1-E,1,20261002,28,0.015343230048819368,0.4820480619206539,0.23389801164678845,0.011841795195498803
N1-E_fold1_seed20261002,N1-E,1,20261002,29,0.015542492776726114,0.48125571057569544,0.23293737704523568,0.01409562554566667
N1-E_fold1_seed20261002,N1-E,1,20261002,30,0.015542492776726114,0.4809706104245088,0.2326426481994863,0.014550953251442116
N1-E_fold1_seed20261002,N1-E,1,20261002,31,0.015642124140679486,0.48187135651567137,0.23339016600265902,0.017017922696516145
N1-E_fold1_seed20261002,N1-E,1,20261002,32,0.017335857327886818,0.48104558628669075,0.23271429909991315,0.018046462095050068
N1-E_fold1_seed20261002,N1-E,1,20261002,33,0.018033276875560427,0.48047985181092756,0.23209443935436413,0.023746302065425627
N1-E_fold1_seed20261002,N1-E,1,20261002,34,0.016140280960446347,0.4823369009282558,0.23390521305937825,0.016311594674747527
N1-E_fold1_seed20261002,N1-E,1,20261002,35,0.0170369632360267,0.48121321663558714,0.23303979761162008,0.016950279380490277
N1-E_fold1_seed20261002,N1-E,1,20261002,36,0.016837700508119956,0.48179652881852364,0.23338250046338901,0.01877743324771758
N1-E_fold1_seed20261002,N1-E,1,20261002,37,0.016837700508119956,0.48122013224252763,0.23270321306402383,0.020531566066648556
N1-E_fold1_seed20261002,N1-E,1,20261002,38,0.016040649596492977,0.48382036989547444,0.23516171421191073,0.017027995892556234
N1-E_fold1_seed20261003,N1-E,1,20261003,26,0.012453920494171565,0.27798297854239506,0.08348919612528505,0.010102236935708693
N1-E_fold1_seed20261003,N1-E,1,20261003,27,0.01384875958951878,0.2773880821721698,0.08385130690206316,0.011742998308503089
N1-E_fold1_seed20261003,N1-E,1,20261003,28,0.015343230048819368,0.2752156695196328,0.08335588516846178,0.014084415096114699
N1-E_fold1_seed20261003,N1-E,1,20261003,29,0.015542492776726114,0.2777150361379765,0.0849219740324255,0.015069012971376921
N1-E_fold1_seed20261003,N1-E,1,20261003,30,0.015542492776726114,0.28051407290812774,0.08634410826200763,0.012806972317268347
N1-E_fold1_seed20261003,N1-E,1,20261003,31,0.015642124140679486,0.28464801570815096,0.08882152081575154,0.011553530241797276
N1-E_fold1_seed20261003,N1-E,1,20261003,32,0.017335857327886818,0.2812427129795777,0.08764886779469655,0.013322963738762492
N1-E_fold1_seed20261003,N1-E,1,20261003,33,0.018033276875560427,0.2809290469134942,0.0876437991169991,0.01479196507850273
N1-E_fold1_seed20261003,N1-E,1,20261003,34,0.016140280960446347,0.279186873204187,0.08575675905927999,0.014189253201279534
N1-E_fold1_seed20261003,N1-E,1,20261003,35,0.0170369632360267,0.280449415628491,0.08691908895779325,0.013710582594816018
N1-E_fold1_seed20261003,N1-E,1,20261003,36,0.016837700508119956,0.28299339377194765,0.08811810242841209,0.014391856729291372
N1-E_fold1_seed20261003,N1-E,1,20261003,37,0.016837700508119956,0.28265840831909606,0.08766825481681706,0.017069774217476106
N1-E_fold1_seed20261003,N1-E,1,20261003,38,0.016040649596492977,0.2821491861548119,0.0872681459611485,0.013278095742784274
N1-E_fold1_seed20261004,N1-E,1,20261004,26,0.012453920494171565,0.5264222065289288,0.277591794413259,0.007620014795857185
N1-E_fold1_seed20261004,N1-E,1,20261004,27,0.01384875958951878,0.5275850840237423,0.2786367108340066,0.008981820138843518
N1-E_fold1_seed20261004,N1-E,1,20261004,28,0.015343230048819368,0.529608009018574,0.2809734418106625,0.008896872308053829
N1-E_fold1_seed20261004,N1-E,1,20261004,29,0.015542492776726114,0.5293887714210351,0.2806473044037423,0.009423069009530757
N1-E_fold1_seed20261004,N1-E,1,20261004,30,0.015542492776726114,0.527535836664478,0.27857350959059546,0.010210992762816626
N1-E_fold1_seed20261004,N1-E,1,20261004,31,0.015642124140679486,0.5260377678192832,0.2771622575729885,0.010539751870342519
N1-E_fold1_seed20261004,N1-E,1,20261004,32,0.017335857327886818,0.5306459122036347,0.2820047469995857,0.010161879466953277
N1-E_fold1_seed20261004,N1-E,1,20261004,33,0.018033276875560427,0.5313904076230329,0.28253746702020205,0.011531582095045564
N1-E_fold1_seed20261004,N1-E,1,20261004,34,0.016140280960446347,0.5289014339347144,0.27977329892845976,0.01201819412259357
N1-E_fold1_seed20261004,N1-E,1,20261004,35,0.0170369632360267,0.5298822443621009,0.28099101237578417,0.010387083691047034
N1-E_fold1_seed20261004,N1-E,1,20261004,36,0.016837700508119956,0.5286472987121983,0.27930099600050073,0.01755201990056989
N1-E_fold1_seed20261004,N1-E,1,20261004,37,0.016837700508119956,0.5295375140433063,0.2800314749669921,0.023754492462185688
N1-E_fold1_seed20261004,N1-E,1,20261004,38,0.016040649596492977,0.5286387780721566,0.27928958308989027,0.016744112897000174
N1-E_fold1_seed20261005,N1-E,1,20261005,26,0.012453920494171565,0.28228086711445294,0.08529037442957367,0.03901830065862078
N1-E_fold1_seed20261005,N1-E,1,20261005,27,0.01384875958951878,0.28166836501441544,0.08553586818498486,0.043948153195092904
N1-E_fold1_seed20261005,N1-E,1,20261005,28,0.015343230048819368,0.2816119359096047,0.0860997248124243,0.06332977443130594
N1-E_fold1_seed20261005,N1-E,1,20261005,29,0.015542492776726114,0.28043065656065275,0.08554717506004857,0.0591558409142352
N1-E_fold1_seed20261005,N1-E,1,20261005,30,0.015542492776726114,0.2793366827704202,0.08492987388411898,0.0590220612631755
N1-E_fold1_seed20261005,N1-E,1,20261005,31,0.015642124140679486,0.27644991718316586,0.08348457003509543,0.06059292821056276
N1-E_fold1_seed20261005,N1-E,1,20261005,32,0.017335857327886818,0.27954390160882786,0.08569928975104502,0.07149777469396625
N1-E_fold1_seed20261005,N1-E,1,20261005,33,0.018033276875560427,0.28136189386095484,0.08689153539573977,0.07528242563197046
N1-E_fold1_seed20261005,N1-E,1,20261005,34,0.016140280960446347,0.2843783747026826,0.08757214212891941,0.07227425652395059
N1-E_fold1_seed20261005,N1-E,1,20261005,35,0.0170369632360267,0.2857955914665168,0.08876851840335831,0.06632203145804987
N1-E_fold1_seed20261005,N1-E,1,20261005,36,0.016837700508119956,0.2825350643779496,0.08677651379801071,0.09997816698453871
N1-E_fold1_seed20261005,N1-E,1,20261005,37,0.016837700508119956,0.2837360289623991,0.08739812624765354,0.096970087145638
N1-E_fold1_seed20261005,N1-E,1,20261005,38,0.016040649596492977,0.28747434332073024,0.08916365401766052,0.07924392028241621
N1-E_fold1_seed20261006,N1-E,1,20261006,26,0.012453920494171565,0.23955062085581427,0.06445877753660345,0.009918586716241086
N1-E_fold1_seed20261006,N1-E,1,20261006,27,0.01384875958951878,0.2387420114087725,0.06495543006664493,0.012155078530752483
N1-E_fold1_seed20261006,N1-E,1,20261006,28,0.015343230048819368,0.23600640993117497,0.06431391424157062,0.014327854259525676
N1-E_fold1_seed20261006,N1-E,1,20261006,29,0.015542492776726114,0.23665115890863206,0.06482280821512992,0.014824253055837119
N1-E_fold1_seed20261006,N1-E,1,20261006,30,0.015542492776726114,0.236939734841865,0.06500508341330657,0.0149864296721616
N1-E_fold1_seed20261006,N1-E,1,20261006,31,0.015642124140679486,0.23876802389081375,0.0659677066071988,0.014514101783979766
N1-E_fold1_seed20261006,N1-E,1,20261006,32,0.017335857327886818,0.23622945168853274,0.06548539416082708,0.01674962511248671
N1-E_fold1_seed20261006,N1-E,1,20261006,33,0.018033276875560427,0.23577122387208788,0.06569347675309005,0.016293995497972266
N1-E_fold1_seed20261006,N1-E,1,20261006,34,0.016140280960446347,0.23404215659859653,0.06370978161320255,0.01585660057917772
N1-E_fold1_seed20261006,N1-E,1,20261006,35,0.0170369632360267,0.23313320374825833,0.06373245379589045,0.017756960083543695
N1-E_fold1_seed20261006,N1-E,1,20261006,36,0.016837700508119956,0.2334786340503275,0.06382943414935367,0.018879269214024646
N1-E_fold1_seed20261006,N1-E,1,20261006,37,0.016837700508119956,0.23324443313627669,0.06380547804354593,0.01585206996607576
N1-E_fold1_seed20261006,N1-E,1,20261006,38,0.016040649596492977,0.23281425369284053,0.06300195875077018,0.018792512872434684
N1-E_fold2_seed20261002,N1-E,2,20261002,39,0.01693733187207333,0.42590786539640274,0.1849281132902555,0.016321671930557266
N1-E_fold2_seed20261002,N1-E,2,20261002,40,0.016738069144166583,0.42866963665898916,0.18674206707602903,0.022077966246198295
N1-E_fold2_seed20261002,N1-E,2,20261002,41,0.016837700508119956,0.43092810954130084,0.18932856758154834,0.015324604302410571
N1-E_fold2_seed20261002,N1-E,2,20261002,42,0.02251668825346219,0.43610855666093606,0.19461989092955365,0.01814584895097488
N1-E_fold2_seed20261002,N1-E,2,20261002,43,0.018631065059280662,0.4485205185861417,0.20520871205734992,0.01249699965910084
N1-E_fold2_seed20261002,N1-E,2,20261002,44,0.01902959051509415,0.44508273379231367,0.20206424273381304,0.014366052815318857
N1-E_fold2_seed20261002,N1-E,2,20261002,45,0.01773438278370031,0.4607693629570982,0.21601047528700848,0.011530071331637545
N1-E_fold2_seed20261002,N1-E,2,20261002,46,0.017236225963933448,0.4462815980346215,0.20307843119204394,0.011246584236195609
N1-E_fold2_seed20261002,N1-E,2,20261002,47,0.02012553551858125,0.47408702529230323,0.23022667157925936,0.012337157365011849
N1-E_fold2_seed20261002,N1-E,2,20261002,48,0.019228853243000898,0.48332030300189927,0.23941739028274311,0.011049790549683698
N1-E_fold2_seed20261002,N1-E,2,20261002,49,0.019527747334861015,0.4868839353356141,0.2420025756449693,0.011367569852678925
N1-E_fold2_seed20261002,N1-E,2,20261002,50,0.018631065059280662,0.48656708862263076,0.24156647863388034,0.01026482866245469
N1-E_fold2_seed20261002,N1-E,2,20261002,51,0.01464581050114576,0.45686298827434557,0.21273374194026312,0.009407891875824555
N1-E_fold2_seed20261003,N1-E,2,20261003,39,0.01693733187207333,0.22563791779468134,0.06028423289231409,0.027932477856489668
N1-E_fold2_seed20261003,N1-E,2,20261003,40,0.016738069144166583,0.2250982862399902,0.05975500150569551,0.03903528659422709
N1-E_fold2_seed20261003,N1-E,2,20261003,41,0.016837700508119956,0.2255758455113874,0.060148793644063545,0.028729339441807087
N1-E_fold2_seed20261003,N1-E,2,20261003,42,0.02251668825346219,0.22822371782375755,0.06450641012002592,0.032912074890657915
N1-E_fold2_seed20261003,N1-E,2,20261003,43,0.018631065059280662,0.2401142672965864,0.0680796804093986,0.01582103617717023
N1-E_fold2_seed20261003,N1-E,2,20261003,44,0.01902959051509415,0.23894904298469602,0.06783451639357344,0.018780557532328067
N1-E_fold2_seed20261003,N1-E,2,20261003,45,0.01773438278370031,0.2361093702557472,0.06554341402713729,0.0219353514583141
N1-E_fold2_seed20261003,N1-E,2,20261003,46,0.017236225963933448,0.23842231513429682,0.06625720544645217,0.013875264674191139
N1-E_fold2_seed20261003,N1-E,2,20261003,47,0.02012553551858125,0.2325090459795448,0.06488854993835604,0.026180967001772817
N1-E_fold2_seed20261003,N1-E,2,20261003,48,0.019228853243000898,0.24256354834946323,0.06932411756767223,0.01424945962442354
N1-E_fold2_seed20261003,N1-E,2,20261003,49,0.019527747334861015,0.23753208758450522,0.06690098538787596,0.020631567074159456
N1-E_fold2_seed20261003,N1-E,2,20261003,50,0.018631065059280662,0.23531843726012616,0.06549766067082517,0.019986133986172626
N1-E_fold2_seed20261003,N1-E,2,20261003,51,0.01464581050114576,0.23894139045239401,0.06493144214917668,0.016147287750123897
N1-E_fold2_seed20261004,N1-E,2,20261004,39,0.01693733187207333,0.4453726752485294,0.20082045709536378,0.029258734114997607
N1-E_fold2_seed20261004,N1-E,2,20261004,40,0.016738069144166583,0.450389736418356,0.20533981998143644,0.032748107006033575
N1-E_fold2_seed20261004,N1-E,2,20261004,41,0.016837700508119956,0.4442341559418964,0.2001257429633457,0.025338402074448083
N1-E_fold2_seed20261004,N1-E,2,20261004,42,0.02251668825346219,0.4392963304769869,0.19646951085798692,0.03997175716001186
N1-E_fold2_seed20261004,N1-E,2,20261004,43,0.018631065059280662,0.4340182928628282,0.19136011741633382,0.04386067373747456
N1-E_fold2_seed20261004,N1-E,2,20261004,44,0.01902959051509415,0.43442542435876735,0.19170871224601127,0.048689223627996235
N1-E_fold2_seed20261004,N1-E,2,20261004,45,0.01773438278370031,0.4308333226335026,0.18838820974366657,0.09010493442265952
N1-E_fold2_seed20261004,N1-E,2,20261004,46,0.017236225963933448,0.43683242728822164,0.19375669147558153,0.02660628752892906
N1-E_fold2_seed20261004,N1-E,2,20261004,47,0.02012553551858125,0.4285486656317446,0.1868406902730859,0.06822953234849584
N1-E_fold2_seed20261004,N1-E,2,20261004,48,0.019228853243000898,0.43110076349901916,0.18918414139746068,0.040522282879337686
N1-E_fold2_seed20261004,N1-E,2,20261004,49,0.019527747334861015,0.4294019716669321,0.1875190609901949,0.08926785163496093
N1-E_fold2_seed20261004,N1-E,2,20261004,50,0.018631065059280662,0.42925218683594485,0.18731734384416407,0.09450372370407273
N1-E_fold2_seed20261004,N1-E,2,20261004,51,0.01464581050114576,0.4340795365659135,0.19095932200439372,0.05546803776896603
N1-E_fold2_seed20261005,N1-E,2,20261005,39,0.01693733187207333,0.23573323566517937,0.06466346349954566,0.030479781028558955
N1-E_fold2_seed20261005,N1-E,2,20261005,40,0.016738069144166583,0.23887293490245318,0.06592931971087729,0.027584406444637947
N1-E_fold2_seed20261005,N1-E,2,20261005,41,0.016837700508119956,0.23610620466885446,0.06457836502047389,0.043265000802158116
N1-E_fold2_seed20261005,N1-E,2,20261005,42,0.02251668825346219,0.23209636798436556,0.06548803843924549,0.06879025965279133
N1-E_fold2_seed20261005,N1-E,2,20261005,43,0.018631065059280662,0.23378858733940933,0.06467802123394042,0.04788864206563839
N1-E_fold2_seed20261005,N1-E,2,20261005,44,0.01902959051509415,0.22931521494751517,0.06255924619561287,0.061516387489776524
N1-E_fold2_seed20261005,N1-E,2,20261005,45,0.01773438278370031,0.2287945155640261,0.06153248588772713,0.07446362526388016
N1-E_fold2_seed20261005,N1-E,2,20261005,46,0.017236225963933448,0.24025069698742393,0.06665997003940993,0.0416746514785895
N1-E_fold2_seed20261005,N1-E,2,20261005,47,0.02012553551858125,0.24155308096589367,0.06871916707770567,0.03988287513660146
N1-E_fold2_seed20261005,N1-E,2,20261005,48,0.019228853243000898,0.2430705849582517,0.0690089507483414,0.03870827532849411
N1-E_fold2_seed20261005,N1-E,2,20261005,49,0.019527747334861015,0.2369941560820762,0.06627768548765788,0.04795429434296617
N1-E_fold2_seed20261005,N1-E,2,20261005,50,0.018631065059280662,0.23178464827238132,0.06350925642102219,0.04419189265147592
N1-E_fold2_seed20261005,N1-E,2,20261005,51,0.01464581050114576,0.23641328367864214,0.0636816335852637,0.031000307140756942
N1-E_fold2_seed20261006,N1-E,2,20261006,39,0.01693733187207333,0.18815959842424806,0.04651692202847758,0.013457745681436605
N1-E_fold2_seed20261006,N1-E,2,20261006,40,0.016738069144166583,0.18447742401830244,0.04514959053412298,0.012514876125720085
N1-E_fold2_seed20261006,N1-E,2,20261006,41,0.016837700508119956,0.18605029828876074,0.045645821878320565,0.015156387749302242
N1-E_fold2_seed20261006,N1-E,2,20261006,42,0.02251668825346219,0.18790615682584016,0.0498948147953981,0.020086401231140867
N1-E_fold2_seed20261006,N1-E,2,20261006,43,0.018631065059280662,0.18515536502119756,0.046687587564161276,0.015842339141456434
N1-E_fold2_seed20261006,N1-E,2,20261006,44,0.01902959051509415,0.19067792463398064,0.048922980069780346,0.01286902295914577
N1-E_fold2_seed20261006,N1-E,2,20261006,45,0.01773438278370031,0.1873173672683851,0.04687132951060361,0.012485594027395245
N1-E_fold2_seed20261006,N1-E,2,20261006,46,0.017236225963933448,0.17622073618401285,0.04228676176037678,0.03207946542549511
N1-E_fold2_seed20261006,N1-E,2,20261006,47,0.02012553551858125,0.18485154132524245,0.047384443702092764,0.01677386992466383
N1-E_fold2_seed20261006,N1-E,2,20261006,48,0.019228853243000898,0.1845269340470685,0.04681475790654361,0.016239841916752613
N1-E_fold2_seed20261006,N1-E,2,20261006,49,0.019527747334861015,0.19539089589009842,0.05109381508855829,0.012664595924323762
N1-E_fold2_seed20261006,N1-E,2,20261006,50,0.018631065059280662,0.19572025182735492,0.05072607295194214,0.012283791707670591
N1-E_fold2_seed20261006,N1-E,2,20261006,51,0.01464581050114576,0.1833417838032898,0.043377227697201655,0.015002815847869062
N1-E_fold3_seed20261002,N1-E,3,20261002,52,0.011656869582544586,0.4140608339621274,0.1765588006482756,0.006478306324134731
N1-E_fold3_seed20261002,N1-E,3,20261002,53,0.016638437780213212,0.4064258141312139,0.1724862769393063,0.009104801973182426
N1-E_fold3_seed20261002,N1-E,3,20261002,54,0.02022516688253462,0.43022645442767926,0.1926932524448131,0.010872107359226002
N1-E_fold3_seed20261002,N1-E,3,20261002,55,0.01972701006276776,0.4285319526956716,0.19142473429464485,0.010581861347398913
N1-E_fold3_seed20261002,N1-E,3,20261002,56,0.014745441865099133,0.438864865902065,0.19855814413487824,0.007779039602892614
N1-E_fold3_seed20261002,N1-E,3,20261002,57,0.016638437780213212,0.4177234638441949,0.18073461048408926,0.00903013292026407
N1-E_fold3_seed20261002,N1-E,3,20261002,58,0.016638437780213212,0.3971197999271243,0.16416385680548956,0.009311129156773472
N1-E_fold3_seed20261002,N1-E,3,20261002,59,0.022616319617415562,0.4015493989093518,0.17020018199469045,0.012802864717655698
N1-E_fold3_seed20261003,N1-E,3,20261003,52,0.011656869582544586,0.18999062416620457,0.043277979950281806,0.034624122547157334
N1-E_fold3_seed20261003,N1-E,3,20261003,53,0.016638437780213212,0.1931725343362329,0.047426685311571036,0.03976713012425061
N1-E_fold3_seed20261003,N1-E,3,20261003,54,0.02022516688253462,0.1852121227071187,0.04656542932569069,0.061580540626420766
N1-E_fold3_seed20261003,N1-E,3,20261003,55,0.01972701006276776,0.19056022093645955,0.048231728891270774,0.06011463346584288
N1-E_fold3_seed20261003,N1-E,3,20261003,56,0.014745441865099133,0.19060692070291765,0.045407258730423034,0.03262275671573256
N1-E_fold3_seed20261003,N1-E,3,20261003,57,0.016638437780213212,0.19103974264239898,0.04663380757770101,0.03945080639710198
N1-E_fold3_seed20261003,N1-E,3,20261003,58,0.016638437780213212,0.19118914615972973,0.046769984097138714,0.030433496095174678
N1-E_fold3_seed20261003,N1-E,3,20261003,59,0.022616319617415562,0.19231431317551584,0.051030882822041566,0.029020507618178468
N1-E_fold3_seed20261004,N1-E,3,20261004,52,0.011656869582544586,0.34608251483022,0.12416120712567026,0.007610932508669481
N1-E_fold3_seed20261004,N1-E,3,20261004,53,0.016638437780213212,0.3476802319857478,0.1271126043564931,0.010150531656270263
N1-E_fold3_seed20261004,N1-E,3,20261004,54,0.02022516688253462,0.34398265562235614,0.1256791055023633,0.018118372785377458
N1-E_fold3_seed20261004,N1-E,3,20261004,55,0.01972701006276776,0.34827992506265704,0.12872437021848349,0.011497253852187686
N1-E_fold3_seed20261004,N1-E,3,20261004,56,0.014745441865099133,0.3477890738612215,0.12661647712761392,0.00928802353717076
N1-E_fold3_seed20261004,N1-E,3,20261004,57,0.016638437780213212,0.3487992688968594,0.12791811468369466,0.009765200925113507
N1-E_fold3_seed20261004,N1-E,3,20261004,58,0.016638437780213212,0.35082957600716747,0.1293370027935012,0.009370523292283961
N1-E_fold3_seed20261004,N1-E,3,20261004,59,0.022616319617415562,0.3466515675151151,0.12875721478371843,0.012875557764013189
N1-E_fold3_seed20261005,N1-E,3,20261005,52,0.011656869582544586,0.17940998604481986,0.03963272057275422,0.02771068075549404
N1-E_fold3_seed20261005,N1-E,3,20261005,53,0.016638437780213212,0.18139067040403517,0.043492553288334776,0.028055362855138287
N1-E_fold3_seed20261005,N1-E,3,20261005,54,0.02022516688253462,0.17588756374800654,0.04360849495557056,0.06470847039442676
N1-E_fold3_seed20261005,N1-E,3,20261005,55,0.01972701006276776,0.17582609779624947,0.0432865509602357,0.06365364204043972
N1-E_fold3_seed20261005,N1-E,3,20261005,56,0.014745441865099133,0.17448867978673896,0.03979127731575747,0.05212030662754867
N1-E_fold3_seed20261005,N1-E,3,20261005,57,0.016638437780213212,0.17776622268184952,0.04205448355892277,0.05049975588213268
N1-E_fold3_seed20261005,N1-E,3,20261005,58,0.016638437780213212,0.18055465135006962,0.04307665350699784,0.03805347607814898
N1-E_fold3_seed20261005,N1-E,3,20261005,59,0.022616319617415562,0.1801595478326562,0.046545020266996175,0.061869831783776225
N1-E_fold3_seed20261006,N1-E,3,20261006,52,0.011656869582544586,0.1391257324814033,0.028223826435107194,0.008338279472795362
N1-E_fold3_seed20261006,N1-E,3,20261006,53,0.016638437780213212,0.13867927322963042,0.0319005354810016,0.011214958367888933
N1-E_fold3_seed20261006,N1-E,3,20261006,54,0.02022516688253462,0.1449047660479107,0.036401610674975195,0.012596589016276461
N1-E_fold3_seed20261006,N1-E,3,20261006,55,0.01972701006276776,0.14288053240740117,0.03538679953467239,0.01298443684912153
N1-E_fold3_seed20261006,N1-E,3,20261006,56,0.014745441865099133,0.15098867442822986,0.03407060786576469,0.008404462601376839
N1-E_fold3_seed20261006,N1-E,3,20261006,57,0.016638437780213212,0.15073776884880724,0.03545956547839618,0.009588567737929382
N1-E_fold3_seed20261006,N1-E,3,20261006,58,0.016638437780213212,0.14297100138090812,0.03307326867602648,0.010636881877918418
N1-E_fold3_seed20261006,N1-E,3,20261006,59,0.022616319617415562,0.1459560063933141,0.03833240878310737,0.015239320245565709
N1-E_fold4_seed20261002,N1-E,4,20261002,60,0.02640231144764372,0.3485220462214709,0.1317623784580628,0.014405016929975308
N1-E_fold4_seed20261002,N1-E,4,20261002,61,0.027099730995317328,0.3389135382994752,0.12557710239738537,0.015855020083020054
N1-E_fold4_seed20261002,N1-E,4,20261002,62,0.02879346418252466,0.3346893521316856,0.12327725367961305,0.018330806698426568
N1-E_fold4_seed20261002,N1-E,4,20261002,63,0.028295307362757795,0.3369896603204924,0.12426201024970884,0.01703728134977075
N1-E_fold4_seed20261002,N1-E,4,20261002,64,0.029391252366244895,0.3318979713560367,0.12130676634672653,0.01868203675099103
N1-E_fold4_seed20261002,N1-E,4,20261002,65,0.02570489189997011,0.3291291056881473,0.1182965458471917,0.01815558793098705
N1-E_fold4_seed20261002,N1-E,4,20261002,66,0.03307761283251968,0.3312279035774126,0.1220404297311229,0.022567126139272694
N1-E_fold4_seed20261002,N1-E,4,20261002,67,0.030586828733685366,0.3317906517618547,0.12198263661873783,0.02148654988706384
N1-E_fold4_seed20261003,N1-E,4,20261003,60,0.02640231144764372,0.15603421782039728,0.04244205029604467,0.038276290241569595
N1-E_fold4_seed20261003,N1-E,4,20261003,61,0.027099730995317328,0.15816228933237678,0.04334625757641571,0.04484291096599997
N1-E_fold4_seed20261003,N1-E,4,20261003,62,0.02879346418252466,0.15490398899226301,0.04361758880354201,0.04590645940723943
N1-E_fold4_seed20261003,N1-E,4,20261003,63,0.028295307362757795,0.15850495367842224,0.0445418586244789,0.037113434518247564
N1-E_fold4_seed20261003,N1-E,4,20261003,64,0.029391252366244895,0.1559764715528133,0.044317403970308394,0.048339974420069876
N1-E_fold4_seed20261003,N1-E,4,20261003,65,0.02570489189997011,0.15344267615608476,0.04087771265777554,0.05827042884987209
N1-E_fold4_seed20261003,N1-E,4,20261003,66,0.03307761283251968,0.15522533588228196,0.046340964715202916,0.07046784532660808
N1-E_fold4_seed20261003,N1-E,4,20261003,67,0.030586828733685366,0.1557372317355829,0.04508142849172462,0.049223060637661936
N1-E_fold4_seed20261004,N1-E,4,20261004,60,0.02640231144764372,0.2672982812539369,0.08497141180276468,0.01640478209872775
N1-E_fold4_seed20261004,N1-E,4,20261004,61,0.027099730995317328,0.2731741666974861,0.08827289237942787,0.016038173641726824
N1-E_fold4_seed20261004,N1-E,4,20261004,62,0.02879346418252466,0.26957186417566487,0.0872390687148096,0.017453587353319172
N1-E_fold4_seed20261004,N1-E,4,20261004,63,0.028295307362757795,0.2685708937820077,0.08623339048673002,0.018762412349460675
N1-E_fold4_seed20261004,N1-E,4,20261004,64,0.029391252366244895,0.2730387108718995,0.08926403899601035,0.01743138307821201
N1-E_fold4_seed20261004,N1-E,4,20261004,65,0.02570489189997011,0.27650758044224794,0.08932545820546227,0.014675831675376698
N1-E_fold4_seed20261004,N1-E,4,20261004,66,0.03307761283251968,0.2758557932598163,0.09230865649399767,0.019724281465915337
N1-E_fold4_seed20261004,N1-E,4,20261004,67,0.030586828733685366,0.2746565777361692,0.09084026846013005,0.017344963103141098
N1-E_fold4_seed20261005,N1-E,4,20261005,60,0.02640231144764372,0.13793594658701694,0.03753941731608571,0.08882358511938088
N1-E_fold4_seed20261005,N1-E,4,20261005,61,0.027099730995317328,0.13865760340775837,0.03815572081712216,0.09088368464783701
N1-E_fold4_seed20261005,N1-E,4,20261005,62,0.02879346418252466,0.13978741974493447,0.039548960717654486,0.10152559325802099
N1-E_fold4_seed20261005,N1-E,4,20261005,63,0.028295307362757795,0.14029588424118325,0.03970761374506046,0.06724140815621449
N1-E_fold4_seed20261005,N1-E,4,20261005,64,0.029391252366244895,0.14232464319349766,0.04085863263432879,0.07966005102590759
N1-E_fold4_seed20261005,N1-E,4,20261005,65,0.02570489189997011,0.1419018348979291,0.038140710479984144,0.07211400115283319
N1-E_fold4_seed20261005,N1-E,4,20261005,66,0.03307761283251968,0.1416225115448832,0.043399116686882365,0.07367836004564904
N1-E_fold4_seed20261005,N1-E,4,20261005,67,0.030586828733685366,0.14293480685496365,0.04186609443244574,0.07001226568857935
N1-E_fold4_seed20261006,N1-E,4,20261006,60,0.02640231144764372,0.11110519980337641,0.03345958376877521,0.019270835392797503
N1-E_fold4_seed20261006,N1-E,4,20261006,61,0.027099730995317328,0.11151851965693937,0.034099670593502586,0.021148050931415804
N1-E_fold4_seed20261006,N1-E,4,20261006,62,0.02879346418252466,0.1122369415442612,0.03556189086377089,0.022065028984895374
N1-E_fold4_seed20261006,N1-E,4,20261006,63,0.028295307362757795,0.11485797558651739,0.03586435397718704,0.01965281490793679
N1-E_fold4_seed20261006,N1-E,4,20261006,64,0.029391252366244895,0.11325047789805907,0.03628480995693182,0.02131838490261348
N1-E_fold4_seed20261006,N1-E,4,20261006,65,0.02570489189997011,0.11101467132696852,0.03288628875584841,0.019691155151322002
N1-E_fold4_seed20261006,N1-E,4,20261006,66,0.03307761283251968,0.11131741451345305,0.0386537794401902,0.027116359901281757
N1-E_fold4_seed20261006,N1-E,4,20261006,67,0.030586828733685366,0.11281710664014388,0.03710005354158179,0.022928939024523993
N2-R_fold1_seed20261002,N2-R,1,20261002,26,0.012453920494171565,0.48138316678101867,0.23316725295774127,0.010237828448231623
N2-R_fold1_seed20261002,N2-R,1,20261002,27,0.01384875958951878,0.4827833899957101,0.23430817154236064,0.012436528339928692
N2-R_fold1_seed20261002,N2-R,1,20261002,28,0.015343230048819368,0.4820480607779615,0.23389801064819643,0.011841795195498803
N2-R_fold1_seed20261002,N2-R,1,20261002,29,0.015542492776726114,0.48125570929467404,0.23293737587730706,0.014095614020707773
N2-R_fold1_seed20261002,N2-R,1,20261002,30,0.015542492776726114,0.48097060878705017,0.23264264680425223,0.014550989756413661
N2-R_fold1_seed20261002,N2-R,1,20261002,31,0.015642124140679486,0.4818713552054629,0.23339016491140926,0.017017922696516145
N2-R_fold1_seed20261002,N2-R,1,20261002,32,0.017335857327886818,0.4810455848113806,0.23271429776216787,0.01804646209505007
N2-R_fold1_seed20261002,N2-R,1,20261002,33,0.018033276875560427,0.4804798505857659,0.2320944382397988,0.023746302065425627
N2-R_fold1_seed20261002,N2-R,1,20261002,34,0.016140280960446347,0.48233689959004633,0.23390521188721233,0.016311594674747527
N2-R_fold1_seed20261002,N2-R,1,20261002,35,0.0170369632360267,0.4812132149148017,0.23303979608999867,0.016950262549299582
N2-R_fold1_seed20261002,N2-R,1,20261002,36,0.016837700508119956,0.48179652726644995,0.23338249910063133,0.01877743324771758
N2-R_fold1_seed20261002,N2-R,1,20261002,37,0.016837700508119956,0.48122013065279157,0.2327032116173017,0.020531566066648556
N2-R_fold1_seed20261002,N2-R,1,20261002,38,0.016040649596492977,0.4838203682751568,0.2351617126994452,0.017027976871463818
N2-R_fold1_seed20261003,N2-R,1,20261003,26,0.012453920494171565,0.27798297428413915,0.0834891937518645,0.010102225194262314
N2-R_fold1_seed20261003,N2-R,1,20261003,27,0.01384875958951878,0.27738807729583576,0.08385130434887628,0.011742986970317622
N2-R_fold1_seed20261003,N2-R,1,20261003,28,0.015343230048819368,0.2752156649089381,0.08335588277275455,0.014084404610803215
N2-R_fold1_seed20261003,N2-R,1,20261003,29,0.015542492776726114,0.27771503130874603,0.08492197151488909,0.015069012971376923
N2-R_fold1_seed20261003,N2-R,1,20261003,30,0.015542492776726114,0.28051406776042737,0.08634410544691827,0.012806983905989056
N2-R_fold1_seed20261003,N2-R,1,20261003,31,0.015642124140679486,0.2846480110688503,0.08882151829156872,0.011553516079017938
N2-R_fold1_seed20261003,N2-R,1,20261003,32,0.017335857327886818,0.28124270853636574,0.08764886531487381,0.013322963738762492
N2-R_fold1_seed20261003,N2-R,1,20261003,33,0.018033276875560427,0.28092904171388505,0.08764379620917839,0.01479196507850273
N2-R_fold1_seed20261003,N2-R,1,20261003,34,0.016140280960446347,0.27918686732563774,0.08575675594283436,0.014189251195957384
N2-R_fold1_seed20261003,N2-R,1,20261003,35,0.0170369632360267,0.2804494104552358,0.08691908612386658,0.013710582792101635
N2-R_fold1_seed20261003,N2-R,1,20261003,36,0.016837700508119956,0.2829933881141881,0.08811809927656658,0.014391856729291372
N2-R_fold1_seed20261003,N2-R,1,20261003,37,0.016837700508119956,0.2826584024515989,0.08766825166990379,0.017069774217476106
N2-R_fold1_seed20261003,N2-R,1,20261003,38,0.016040649596492977,0.28214918191117266,0.08726814365683687,0.013278095742784274
N2-R_fold1_seed20261004,N2-R,1,20261004,26,0.012453920494171565,0.5264222049560772,0.2775917927354461,0.007620014795857185
N2-R_fold1_seed20261004,N2-R,1,20261004,27,0.01384875958951878,0.5275850832583624,0.27863671005189994,0.008981824446439397
N2-R_fold1_seed20261004,N2-R,1,20261004,28,0.015343230048819368,0.5296080081016937,0.28097344094002663,0.008896872308053829
N2-R_fold1_seed20261004,N2-R,1,20261004,29,0.015542492776726114,0.5293887701224933,0.2806473031415504,0.009423069009530757
N2-R_fold1_seed20261004,N2-R,1,20261004,30,0.015542492776726114,0.5275358359464583,0.2785735087777833,0.010210992762816626
N2-R_fold1_seed20261004,N2-R,1,20261004,31,0.015642124140679486,0.5260377664478375,0.2771622561033957,0.010539741493897269
N2-R_fold1_seed20261004,N2-R,1,20261004,32,0.017335857327886818,0.5306459114449094,0.2820047461741148,0.010161879466953277
N2-R_fold1_seed20261004,N2-R,1,20261004,33,0.018033276875560427,0.5313904071616032,0.28253746653242684,0.011531582095045564
N2-R_fold1_seed20261004,N2-R,1,20261004,34,0.016140280960446347,0.5289014321655051,0.27977329698306963,0.01201819412259357
N2-R_fold1_seed20261004,N2-R,1,20261004,35,0.0170369632360267,0.52988224248185,0.28099101039085944,0.010387083691047034
N2-R_fold1_seed20261004,N2-R,1,20261004,36,0.016837700508119956,0.5286472967193216,0.2793009939174296,0.01755201990056989
N2-R_fold1_seed20261004,N2-R,1,20261004,37,0.016837700508119956,0.5295375118944973,0.28003147266149137,0.023754418824277267
N2-R_fold1_seed20261004,N2-R,1,20261004,38,0.016040649596492977,0.5286387758203094,0.2792895807592794,0.016744112897000174
N2-R_fold1_seed20261005,N2-R,1,20261005,26,0.012453920494171565,0.28228086866555474,0.0852903753204295,0.03901830065862078
N2-R_fold1_seed20261005,N2-R,1,20261005,27,0.01384875958951878,0.28166836646292526,0.08553586898515896,0.043948153195092904
N2-R_fold1_seed20261005,N2-R,1,20261005,28,0.015343230048819368,0.28161193683620817,0.08609972528396476,0.06332977443130594
N2-R_fold1_seed20261005,N2-R,1,20261005,29,0.015542492776726114,0.2804306575743831,0.08554717562442152,0.059155020458489874
N2-R_fold1_seed20261005,N2-R,1,20261005,30,0.015542492776726114,0.2793366837253986,0.08492987442859798,0.0590220612631755
N2-R_fold1_seed20261005,N2-R,1,20261005,31,0.015642124140679486,0.27644991848964895,0.08348457069746004,0.06059298087585831
N2-R_fold1_seed20261005,N2-R,1,20261005,32,0.017335857327886818,0.27954390192898027,0.08569928996414938,0.07149777469396625
N2-R_fold1_seed20261005,N2-R,1,20261005,33,0.018033276875560427,0.2813618944255966,0.08689153566781165,0.07528242563197046
N2-R_fold1_seed20261005,N2-R,1,20261005,34,0.016140280960446347,0.2843783754952744,0.08757214256647894,0.07227425652395059
N2-R_fold1_seed20261005,N2-R,1,20261005,35,0.0170369632360267,0.285795592283945,0.08876851888333558,0.06632203145804987
N2-R_fold1_seed20261005,N2-R,1,20261005,36,0.016837700508119956,0.28253506590793287,0.08677651451179988,0.09997816698453871
N2-R_fold1_seed20261005,N2-R,1,20261005,37,0.016837700508119956,0.2837360304254694,0.08739812696996,0.096970087145638
N2-R_fold1_seed20261005,N2-R,1,20261005,38,0.016040649596492977,0.2874743447512218,0.08916365470544016,0.07924392028241621
N2-R_fold1_seed20261006,N2-R,1,20261006,26,0.012453920494171565,0.23955061793821925,0.06445877616194574,0.009918586716241086
N2-R_fold1_seed20261006,N2-R,1,20261006,27,0.01384875958951878,0.23874200881414537,0.06495542881166398,0.012155078530752483
N2-R_fold1_seed20261006,N2-R,1,20261006,28,0.015343230048819368,0.23600640792496352,0.06431391328302673,0.014327854259525676
N2-R_fold1_seed20261006,N2-R,1,20261006,29,0.015542492776726114,0.2366511562292035,0.06482280695736227,0.014824253055837119
N2-R_fold1_seed20261006,N2-R,1,20261006,30,0.015542492776726114,0.23693973269033577,0.06500508234012224,0.014986400608703283
N2-R_fold1_seed20261006,N2-R,1,20261006,31,0.015642124140679486,0.23876802110456613,0.06596770517974894,0.014514101783979766
N2-R_fold1_seed20261006,N2-R,1,20261006,32,0.017335857327886818,0.23622944967679857,0.06548539313183974,0.01674962511248671
N2-R_fold1_seed20261006,N2-R,1,20261006,33,0.018033276875560427,0.23577122160817665,0.06569347560568255,0.01629401023114821
N2-R_fold1_seed20261006,N2-R,1,20261006,34,0.016140280960446347,0.23404215439421788,0.06370978059891917,0.01585660057917772
N2-R_fold1_seed20261006,N2-R,1,20261006,35,0.0170369632360267,0.2331332011093214,0.06373245259012396,0.017756960083543695
N2-R_fold1_seed20261006,N2-R,1,20261006,36,0.016837700508119956,0.23347863087663503,0.06382943269409104,0.018879269214024646
N2-R_fold1_seed20261006,N2-R,1,20261006,37,0.016837700508119956,0.2332444301893126,0.06380547671175851,0.01585206996607576
N2-R_fold1_seed20261006,N2-R,1,20261006,38,0.016040649596492977,0.23281425129447708,0.06300195764111764,0.01879256128523256
N2-R_fold2_seed20261002,N2-R,2,20261002,39,0.01693733187207333,0.425907862319717,0.18492811072734186,0.016321671930557266
N2-R_fold2_seed20261002,N2-R,2,20261002,40,0.016738069144166583,0.42866963379848666,0.18674206474080227,0.022077966246198295
N2-R_fold2_seed20261002,N2-R,2,20261002,41,0.016837700508119956,0.4309281063193291,0.1893285649566972,0.015324604302410571
N2-R_fold2_seed20261002,N2-R,2,20261002,42,0.02251668825346219,0.4361085533386598,0.19461988803941588,0.01814584895097488
N2-R_fold2_seed20261002,N2-R,2,20261002,43,0.018631065059280662,0.44852051553160127,0.2052087094373788,0.012496987375996324
N2-R_fold2_seed20261002,N2-R,2,20261002,44,0.01902959051509415,0.44508273033909457,0.20206423960647918,0.014366052815318857
N2-R_fold2_seed20261002,N2-R,2,20261002,45,0.01773438278370031,0.4607693588357557,0.2160104714863885,0.011530071331637545
N2-R_fold2_seed20261002,N2-R,2,20261002,46,0.017236225963933448,0.44628159562435776,0.20307842923080402,0.011246584236195609
N2-R_fold2_seed20261002,N2-R,2,20261002,47,0.02012553551858125,0.47408702238400574,0.23022666890471247,0.01233715736501185
N2-R_fold2_seed20261002,N2-R,2,20261002,48,0.019228853243000898,0.4833203001766707,0.23941738779763785,0.011049790549683698
N2-R_fold2_seed20261002,N2-R,2,20261002,49,0.019527747334861015,0.48688393232745353,0.24200257273871745,0.011367569852678925
N2-R_fold2_seed20261002,N2-R,2,20261002,50,0.018631065059280662,0.48656708576923,0.2415664759007395,0.01026482866245469
N2-R_fold2_seed20261002,N2-R,2,20261002,51,0.01464581050114576,0.45686298532985425,0.21273373933389786,0.009407896894712437
N2-R_fold2_seed20261003,N2-R,2,20261003,39,0.01693733187207333,0.22563791854686074,0.06028423335503341,0.027932477856489668
N2-R_fold2_seed20261003,N2-R,2,20261003,40,0.016738069144166583,0.2250982865450826,0.05975500172736086,0.03903528659422708
N2-R_fold2_seed20261003,N2-R,2,20261003,41,0.016837700508119956,0.22557584603873193,0.06014879386815214,0.028729339441807087
N2-R_fold2_seed20261003,N2-R,2,20261003,42,0.02251668825346219,0.22822371808642347,0.06450641030413247,0.032912074890657915
N2-R_fold2_seed20261003,N2-R,2,20261003,43,0.018631065059280662,0.2401142675374984,0.06807968060268857,0.01582103617717023
N2-R_fold2_seed20261003,N2-R,2,20261003,44,0.01902959051509415,0.23894904216295718,0.06783451604050446,0.018780557532328067
N2-R_fold2_seed20261003,N2-R,2,20261003,45,0.01773438278370031,0.23610936972577393,0.06554341377289738,0.0219353514583141
N2-R_fold2_seed20261003,N2-R,2,20261003,46,0.017236225963933448,0.23842231477638012,0.06625720525270246,0.013875232970285874
N2-R_fold2_seed20261003,N2-R,2,20261003,47,0.02012553551858125,0.23250904541436448,0.06488854976097164,0.026180967001772817
N2-R_fold2_seed20261003,N2-R,2,20261003,48,0.019228853243000898,0.24256354847622516,0.06932411765818705,0.01424945962442354
N2-R_fold2_seed20261003,N2-R,2,20261003,49,0.019527747334861015,0.2375320872428771,0.06690098522906272,0.02063155440935495
N2-R_fold2_seed20261003,N2-R,2,20261003,50,0.018631065059280662,0.23531843692947318,0.06549766061034136,0.019986133986172626
N2-R_fold2_seed20261003,N2-R,2,20261003,51,0.01464581050114576,0.2389413910069781,0.06493144239568259,0.016147312125015294
N2-R_fold2_seed20261004,N2-R,2,20261004,39,0.01693733187207333,0.4453726885934502,0.2008204689915619,0.029258734114997607
N2-R_fold2_seed20261004,N2-R,2,20261004,40,0.016738069144166583,0.4503897492631986,0.20533983156822283,0.032748107006033575
N2-R_fold2_seed20261004,N2-R,2,20261004,41,0.016837700508119956,0.444234168676063,0.20012575439562627,0.025338402074448083
N2-R_fold2_seed20261004,N2-R,2,20261004,42,0.02251668825346219,0.4392963418162077,0.19646952071480173,0.03997175716001186
N2-R_fold2_seed20261004,N2-R,2,20261004,43,0.018631065059280662,0.4340183038791358,0.1913601269082556,0.043860528188252375
N2-R_fold2_seed20261004,N2-R,2,20261004,44,0.01902959051509415,0.4344254349139753,0.1917087212917544,0.048689223627996235
N2-R_fold2_seed20261004,N2-R,2,20261004,45,0.01773438278370031,0.4308333340302449,0.1883882193586923,0.0901048825459718
N2-R_fold2_seed20261004,N2-R,2,20261004,46,0.017236225963933448,0.4368324390523374,0.19375670159154648,0.02660628752892906
N2-R_fold2_seed20261004,N2-R,2,20261004,47,0.02012553551858125,0.4285486773097363,0.18684070013261486,0.06822983426686097
N2-R_fold2_seed20261004,N2-R,2,20261004,48,0.019228853243000898,0.43110077523819545,0.189184151376621,0.04052226750129896
N2-R_fold2_seed20261004,N2-R,2,20261004,49,0.019527747334861015,0.4294019833024616,0.18751907090559902,0.08926785163496093
N2-R_fold2_seed20261004,N2-R,2,20261004,50,0.018631065059280662,0.4292521985238483,0.18731735375470346,0.09450372370407273
N2-R_fold2_seed20261004,N2-R,2,20261004,51,0.01464581050114576,0.43407954797395587,0.19095933175510105,0.05546803776896602
N2-R_fold2_seed20261005,N2-R,2,20261005,39,0.01693733187207333,0.23573323560912385,0.06466346352773136,0.030479781028558958
N2-R_fold2_seed20261005,N2-R,2,20261005,40,0.016738069144166583,0.23887293581540617,0.06592932022705228,0.027584406444637947
N2-R_fold2_seed20261005,N2-R,2,20261005,41,0.016837700508119956,0.23610620415610772,0.06457836473672247,0.043265000802158116
N2-R_fold2_seed20261005,N2-R,2,20261005,42,0.02251668825346219,0.23209636745206622,0.06548803814906447,0.06879025965279133
N2-R_fold2_seed20261005,N2-R,2,20261005,43,0.018631065059280662,0.23378858578320708,0.06467802042130544,0.04788864206563839
N2-R_fold2_seed20261005,N2-R,2,20261005,44,0.01902959051509415,0.22931521562602197,0.06255924659398714,0.06151638748977653
N2-R_fold2_seed20261005,N2-R,2,20261005,45,0.01773438278370031,0.22879451521646693,0.061532485712640556,0.07446362526388016
N2-R_fold2_seed20261005,N2-R,2,20261005,46,0.017236225963933448,0.24025069113152706,0.06665996735899046,0.04167465147858951
N2-R_fold2_seed20261005,N2-R,2,20261005,47,0.02012553551858125,0.2415530796476871,0.06871916658649692,0.03988287513660146
N2-R_fold2_seed20261005,N2-R,2,20261005,48,0.019228853243000898,0.24307058248726107,0.06900894960171579,0.03870843798483912
N2-R_fold2_seed20261005,N2-R,2,20261005,49,0.019527747334861015,0.23699415503060547,0.066277685141727,0.04795429434296617
N2-R_fold2_seed20261005,N2-R,2,20261005,50,0.018631065059280662,0.23178464865250717,0.06350925669169011,0.04419189265147592
N2-R_fold2_seed20261005,N2-R,2,20261005,51,0.01464581050114576,0.2364132838673448,0.0636816337110631,0.031000307140756942
N2-R_fold2_seed20261006,N2-R,2,20261006,39,0.01693733187207333,0.18815959944574212,0.04651692243414839,0.013457745681436605
N2-R_fold2_seed20261006,N2-R,2,20261006,40,0.016738069144166583,0.1844774251651398,0.045149590965145,0.012514876125720085
N2-R_fold2_seed20261006,N2-R,2,20261006,41,0.016837700508119956,0.1860502991507282,0.04564582217689963,0.015156370240828703
N2-R_fold2_seed20261006,N2-R,2,20261006,42,0.02251668825346219,0.18790615731622007,0.049894815007518266,0.020086387892339564
N2-R_fold2_seed20261006,N2-R,2,20261006,43,0.018631065059280662,0.1851553656220906,0.04668758778791677,0.015842349791567505
N2-R_fold2_seed20261006,N2-R,2,20261006,44,0.01902959051509415,0.1906779249892677,0.04892298020403836,0.01286902295914577
N2-R_fold2_seed20261006,N2-R,2,20261006,45,0.01773438278370031,0.1873173677664441,0.046871329649247666,0.012485594027395245
N2-R_fold2_seed20261006,N2-R,2,20261006,46,0.017236225963933448,0.17622073655610462,0.042286761791906755,0.032079480260568755
N2-R_fold2_seed20261006,N2-R,2,20261006,47,0.02012553551858125,0.18485154158147682,0.04738444380064275,0.01677386036107993
N2-R_fold2_seed20261006,N2-R,2,20261006,48,0.019228853243000898,0.18452693427443248,0.04681475796559082,0.016239841916752613
N2-R_fold2_seed20261006,N2-R,2,20261006,49,0.019527747334861015,0.19539089579012467,0.05109381502348893,0.012664595924323762
N2-R_fold2_seed20261006,N2-R,2,20261006,50,0.018631065059280662,0.19572025168158488,0.05072607291173222,0.012283774973423296
N2-R_fold2_seed20261006,N2-R,2,20261006,51,0.01464581050114576,0.18334178389340827,0.0433772277125183,0.015002857478209094
N2-R_fold3_seed20261002,N2-R,3,20261002,52,0.011656869582544586,0.41406083741140903,0.17655880338182273,0.006478306324134731
N2-R_fold3_seed20261002,N2-R,3,20261002,53,0.016638437780213212,0.4064258175314384,0.1724862796435628,0.009104801973182426
N2-R_fold3_seed20261002,N2-R,3,20261002,54,0.02022516688253462,0.4302264572607481,0.1926932547673132,0.010872107359226004
N2-R_fold3_seed20261002,N2-R,3,20261002,55,0.01972701006276776,0.42853195529536997,0.19142473643674865,0.010581861347398913
N2-R_fold3_seed20261002,N2-R,3,20261002,56,0.014745441865099133,0.438864868392662,0.19855814616401385,0.007779039602892614
N2-R_fold3_seed20261002,N2-R,3,20261002,57,0.016638437780213212,0.41772346712950886,0.18073461316293177,0.00903013292026407
N2-R_fold3_seed20261002,N2-R,3,20261002,58,0.016638437780213212,0.39711980262549856,0.1641638589091271,0.009311129156773472
N2-R_fold3_seed20261002,N2-R,3,20261002,59,0.022616319617415562,0.4015494019929064,0.17020018439751544,0.01280286811483628
N2-R_fold3_seed20261003,N2-R,3,20261003,52,0.011656869582544586,0.1899906265750873,0.04327798074215743,0.03462347807929975
N2-R_fold3_seed20261003,N2-R,3,20261003,53,0.016638437780213212,0.193172536898265,0.04742668610064608,0.03976713012425061
N2-R_fold3_seed20261003,N2-R,3,20261003,54,0.02022516688253462,0.18521212595249983,0.04656543030455239,0.061580273801680796
N2-R_fold3_seed20261003,N2-R,3,20261003,55,0.01972701006276776,0.19056022389076302,0.0482317297706368,0.060114712672814354
N2-R_fold3_seed20261003,N2-R,3,20261003,56,0.014745441865099133,0.19060692394774048,0.045407259791482524,0.03262275671573256
N2-R_fold3_seed20261003,N2-R,3,20261003,57,0.016638437780213212,0.19103974603071092,0.04663380868838425,0.03945080639710198
N2-R_fold3_seed20261003,N2-R,3,20261003,58,0.016638437780213212,0.19118914938628565,0.046769985167748,0.030433496095174675
N2-R_fold3_seed20261003,N2-R,3,20261003,59,0.022616319617415562,0.1923143164109747,0.05103088384245602,0.029020413652086293
N2-R_fold3_seed20261004,N2-R,3,20261004,52,0.011656869582544586,0.3460825088833587,0.12416120317822943,0.007610923556796827
N2-R_fold3_seed20261004,N2-R,3,20261004,53,0.016638437780213212,0.3476802262357128,0.12711260050810028,0.010150515843341762
N2-R_fold3_seed20261004,N2-R,3,20261004,54,0.02022516688253462,0.3439826502902568,0.12567910222456072,0.018118372785377458
N2-R_fold3_seed20261004,N2-R,3,20261004,55,0.01972701006276776,0.34827992024722654,0.12872436717294253,0.011497248498563194
N2-R_fold3_seed20261004,N2-R,3,20261004,56,0.014745441865099133,0.34778906924184816,0.12661647412082053,0.00928802353717076
N2-R_fold3_seed20261004,N2-R,3,20261004,57,0.016638437780213212,0.34879926376210013,0.12791811128218442,0.009765200925113507
N2-R_fold3_seed20261004,N2-R,3,20261004,58,0.016638437780213212,0.3508295709245585,0.1293369994911093,0.009370516082609512
N2-R_fold3_seed20261004,N2-R,3,20261004,59,0.022616319617415562,0.34665156198345654,0.12875721109047464,0.012875549587640605
N2-R_fold3_seed20261005,N2-R,3,20261005,52,0.011656869582544586,0.17940997542857864,0.039632716892528785,0.02771068075549404
N2-R_fold3_seed20261005,N2-R,3,20261005,53,0.016638437780213212,0.18139065578191685,0.04349254796914265,0.028055362855138287
N2-R_fold3_seed20261005,N2-R,3,20261005,54,0.02022516688253462,0.1758875583657365,0.04360849321430182,0.06470847039442676
N2-R_fold3_seed20261005,N2-R,3,20261005,55,0.01972701006276776,0.17582608372834427,0.043286546106498715,0.06365373283898014
N2-R_fold3_seed20261005,N2-R,3,20261005,56,0.014745441865099133,0.17448867155719525,0.03979127465747673,0.05212030662754867
N2-R_fold3_seed20261005,N2-R,3,20261005,57,0.016638437780213212,0.17776621576198165,0.04205448124898559,0.05049975588213267
N2-R_fold3_seed20261005,N2-R,3,20261005,58,0.016638437780213212,0.18055464392943255,0.04307665101492817,0.03805347607814898
N2-R_fold3_seed20261005,N2-R,3,20261005,59,0.022616319617415562,0.1801595400815537,0.04654501770851048,0.061869831783776225
N2-R_fold3_seed20261006,N2-R,3,20261006,52,0.011656869582544586,0.1391257282228627,0.028223825372918485,0.008338272478430827
N2-R_fold3_seed20261006,N2-R,3,20261006,53,0.016638437780213212,0.13867926910726372,0.03190053446057163,0.011214958367888933
N2-R_fold3_seed20261006,N2-R,3,20261006,54,0.02022516688253462,0.14490476187887175,0.03640160964443795,0.012596580716967624
N2-R_fold3_seed20261006,N2-R,3,20261006,55,0.01972701006276776,0.14288052909227478,0.03538679872094911,0.01298443684912153
N2-R_fold3_seed20261006,N2-R,3,20261006,56,0.014745441865099133,0.1509886705532274,0.03407060677370557,0.008404462601376839
N2-R_fold3_seed20261006,N2-R,3,20261006,57,0.016638437780213212,0.15073776348748286,0.035459563999385546,0.009588572997816833
N2-R_fold3_seed20261006,N2-R,3,20261006,58,0.016638437780213212,0.1429709966453014,0.03307326736039341,0.010636881877918418
N2-R_fold3_seed20261006,N2-R,3,20261006,59,0.022616319617415562,0.1459560023745097,0.03833240776378996,0.015239329660577793
N2-R_fold4_seed20261002,N2-R,4,20261002,60,0.02640231144764372,0.3485220495040453,0.13176238081793118,0.014405016929975308
N2-R_fold4_seed20261002,N2-R,4,20261002,61,0.027099730995317328,0.3389135393703154,0.12557710316768905,0.015855020083020054
N2-R_fold4_seed20261002,N2-R,4,20261002,62,0.02879346418252466,0.3346893532569739,0.12327725444608141,0.01833079741377124
N2-R_fold4_seed20261002,N2-R,4,20261002,63,0.028295307362757795,0.3369896618393046,0.12426201122756937,0.01703728134977075
N2-R_fold4_seed20261002,N2-R,4,20261002,64,0.029391252366244895,0.331897972151281,0.12130676681924113,0.01868203675099103
N2-R_fold4_seed20261002,N2-R,4,20261002,65,0.02570489189997011,0.329129106850912,0.11829654659927587,0.018155599601227968
N2-R_fold4_seed20261002,N2-R,4,20261002,66,0.03307761283251968,0.33122790442290545,0.12204043018633978,0.022567126139272694
N2-R_fold4_seed20261002,N2-R,4,20261002,67,0.030586828733685366,0.33179065310987027,0.12198263750409158,0.02148654988706384
N2-R_fold4_seed20261003,N2-R,4,20261003,60,0.02640231144764372,0.15603422076432072,0.042442051109435844,0.038276290241569595
N2-R_fold4_seed20261003,N2-R,4,20261003,61,0.027099730995317328,0.1581622915346872,0.04334625818341019,0.04484297406412734
N2-R_fold4_seed20261003,N2-R,4,20261003,62,0.02879346418252466,0.1549039915291173,0.04361758949989265,0.04590645940723943
N2-R_fold4_seed20261003,N2-R,4,20261003,63,0.028295307362757795,0.15850495550882626,0.044541858994315627,0.037113434518247564
N2-R_fold4_seed20261003,N2-R,4,20261003,64,0.029391252366244895,0.15597647262354045,0.04431740423076597,0.048339974420069876
N2-R_fold4_seed20261003,N2-R,4,20261003,65,0.02570489189997011,0.1534426780885475,0.04087771318310089,0.05827058557778236
N2-R_fold4_seed20261003,N2-R,4,20261003,66,0.03307761283251968,0.15522533768611624,0.046340965044284615,0.07046784532660808
N2-R_fold4_seed20261003,N2-R,4,20261003,67,0.030586828733685366,0.15573723306286094,0.045081428765375305,0.049223060637661936
N2-R_fold4_seed20261004,N2-R,4,20261004,60,0.02640231144764372,0.26729828743234124,0.08497141485752029,0.016404783250388057
N2-R_fold4_seed20261004,N2-R,4,20261004,61,0.027099730995317328,0.27317417232824687,0.08827289523015949,0.016038173641726824
N2-R_fold4_seed20261004,N2-R,4,20261004,62,0.02879346418252466,0.2695718700217031,0.08723907168515713,0.017453587353319172
N2-R_fold4_seed20261004,N2-R,4,20261004,63,0.028295307362757795,0.2685709002427122,0.08623339355969901,0.018762412349460675
N2-R_fold4_seed20261004,N2-R,4,20261004,64,0.029391252366244895,0.27303871744802427,0.08926404232178338,0.01743138307821201
N2-R_fold4_seed20261004,N2-R,4,20261004,65,0.02570489189997011,0.2765075861779065,0.08932546092518616,0.014675841962001602
N2-R_fold4_seed20261004,N2-R,4,20261004,66,0.03307761283251968,0.275855799083515,0.09230865927999625,0.019724281465915337
N2-R_fold4_seed20261004,N2-R,4,20261004,67,0.030586828733685366,0.27465658319137043,0.0908402710462559,0.017344963103141098
N2-R_fold4_seed20261005,N2-R,4,20261005,60,0.02640231144764372,0.13793594207225957,0.037539416304794376,0.08882368426890956
N2-R_fold4_seed20261005,N2-R,4,20261005,61,0.027099730995317328,0.13865759852929258,0.03815571968387843,0.09088376172804055
N2-R_fold4_seed20261005,N2-R,4,20261005,62,0.02879346418252466,0.1397874142611912,0.039548959294228914,0.10152559325802096
N2-R_fold4_seed20261005,N2-R,4,20261005,63,0.028295307362757795,0.14029587872368646,0.039707612475673615,0.06724152023431623
N2-R_fold4_seed20261005,N2-R,4,20261005,64,0.029391252366244895,0.14232463756503502,0.0408586313181326,0.07966005102590762
N2-R_fold4_seed20261005,N2-R,4,20261005,65,0.02570489189997011,0.14190182940647403,0.03814070905065766,0.07211400115283319
N2-R_fold4_seed20261005,N2-R,4,20261005,66,0.03307761283251968,0.14162250566058251,0.043399115361811215,0.07367834838105078
N2-R_fold4_seed20261005,N2-R,4,20261005,67,0.030586828733685366,0.14293480124667018,0.04186609295443425,0.07001237482769479
N2-R_fold4_seed20261006,N2-R,4,20261006,60,0.02640231144764372,0.11110519949384381,0.03345958370832292,0.019270835392797503
N2-R_fold4_seed20261006,N2-R,4,20261006,61,0.027099730995317328,0.11151851948770254,0.03409967054014096,0.021148050931415804
N2-R_fold4_seed20261006,N2-R,4,20261006,62,0.02879346418252466,0.11223694116153987,0.03556189083890847,0.02206503574704712
N2-R_fold4_seed20261006,N2-R,4,20261006,63,0.028295307362757795,0.11485797536205483,0.03586435402554138,0.01965281490793679
N2-R_fold4_seed20261006,N2-R,4,20261006,64,0.029391252366244895,0.11325047749533022,0.03628480992683083,0.021318371884710377
N2-R_fold4_seed20261006,N2-R,4,20261006,65,0.02570489189997011,0.11101467113166362,0.03288628872542391,0.019691155151322
N2-R_fold4_seed20261006,N2-R,4,20261006,66,0.03307761283251968,0.11131741420459121,0.038653779385249304,0.027116359901281757
N2-R_fold4_seed20261006,N2-R,4,20261006,67,0.030586828733685366,0.11281710648149211,0.03710005346105819,0.022928953392707216
N2-G0_fold1_seed20261002,N2-G0,1,20261002,26,0.012453920494171565,0.31070188316236735,0.1017348543765028,0.011029529325176023
N2-G0_fold1_seed20261002,N2-G0,1,20261002,27,0.01384875958951878,0.31315340165480277,0.10396202232832323,0.013276659317921383
N2-G0_fold1_seed20261002,N2-G0,1,20261002,28,0.015343230048819368,0.3129231221742476,0.10441326354964504,0.01591518103929078
N2-G0_fold1_seed20261002,N2-G0,1,20261002,29,0.015542492776726114,0.31433599339129853,0.1053276896658105,0.014323638566965936
N2-G0_fold1_seed20261002,N2-G0,1,20261002,30,0.015542492776726114,0.3173606177372746,0.10732835136697211,0.012980061556842958
N2-G0_fold1_seed20261002,N2-G0,1,20261002,31,0.015642124140679486,0.32140597706380275,0.11008648640749859,0.012003674118372755
N2-G0_fold1_seed20261002,N2-G0,1,20261002,32,0.017335857327886818,0.31725966734134387,0.10799824659489293,0.014734140882363411
N2-G0_fold1_seed20261002,N2-G0,1,20261002,33,0.018033276875560427,0.3173271190202229,0.10822083944948528,0.01442249337519651
N2-G0_fold1_seed20261002,N2-G0,1,20261002,34,0.016140280960446347,0.31237477506659556,0.10416191093527302,0.013787750283909828
N2-G0_fold1_seed20261002,N2-G0,1,20261002,35,0.0170369632360267,0.3111393223077584,0.10363401708582247,0.014151438158661508
N2-G0_fold1_seed20261002,N2-G0,1,20261002,36,0.016837700508119956,0.311893465649718,0.10394895983500725,0.012764306437623218
N2-G0_fold1_seed20261002,N2-G0,1,20261002,37,0.016837700508119956,0.3104894898750849,0.10291841857348556,0.01759218879358595
N2-G0_fold1_seed20261002,N2-G0,1,20261002,38,0.016040649596492977,0.3078531728064375,0.10108510291714527,0.01597064442618969
N2-G0_fold1_seed20261003,N2-G0,1,20261003,26,0.012453920494171565,0.3824101264291941,0.1492902790613722,0.016876615012376982
N2-G0_fold1_seed20261003,N2-G0,1,20261003,27,0.01384875958951878,0.3808119912073384,0.14837539869687388,0.020478740209099715
N2-G0_fold1_seed20261003,N2-G0,1,20261003,28,0.015343230048819368,0.3796963115545126,0.1478308574408575,0.02562004702416614
N2-G0_fold1_seed20261003,N2-G0,1,20261003,29,0.015542492776726114,0.38176600034148567,0.14949993113964571,0.020294612951906373
N2-G0_fold1_seed20261003,N2-G0,1,20261003,30,0.015542492776726114,0.3824914796523975,0.15003446180338934,0.0205835191709371
N2-G0_fold1_seed20261003,N2-G0,1,20261003,31,0.015642124140679486,0.38040858898470364,0.1485115790840877,0.02287999634997286
N2-G0_fold1_seed20261003,N2-G0,1,20261003,32,0.017335857327886818,0.3796248383067896,0.14827016407845997,0.028972286377038886
N2-G0_fold1_seed20261003,N2-G0,1,20261003,33,0.018033276875560427,0.3806585575776449,0.14923324633806478,0.0248067544093692
N2-G0_fold1_seed20261003,N2-G0,1,20261003,34,0.016140280960446347,0.38628741493515817,0.15320781786756335,0.014395267342867281
N2-G0_fold1_seed20261003,N2-G0,1,20261003,35,0.0170369632360267,0.38813234628138976,0.15479939462896436,0.013232204269619248
N2-G0_fold1_seed20261003,N2-G0,1,20261003,36,0.016837700508119956,0.39207988372803815,0.1579846394145606,0.011009749381406166
N2-G0_fold1_seed20261003,N2-G0,1,20261003,37,0.016837700508119956,0.390514078764387,0.15680614342001245,0.010827699106023974
N2-G0_fold1_seed20261003,N2-G0,1,20261003,38,0.016040649596492977,0.3894521700307784,0.15572514465266013,0.011195401778236616
N2-G0_fold1_seed20261004,N2-G0,1,20261004,26,0.012453920494171565,0.17492540474457977,0.03889576389911295,0.012309237202181834
N2-G0_fold1_seed20261004,N2-G0,1,20261004,27,0.01384875958951878,0.17662380604303615,0.040396286140280055,0.012125859412830727
N2-G0_fold1_seed20261004,N2-G0,1,20261004,28,0.015343230048819368,0.17634781302493258,0.0411608502409575,0.01685284356983098
N2-G0_fold1_seed20261004,N2-G0,1,20261004,29,0.015542492776726114,0.179701349628721,0.04253289954489512,0.013446902297983565
N2-G0_fold1_seed20261004,N2-G0,1,20261004,30,0.015542492776726114,0.18009619311597147,0.04268419065879288,0.012563362218380654
N2-G0_fold1_seed20261004,N2-G0,1,20261004,31,0.015642124140679486,0.18000237732563842,0.042714853289284684,0.012431142168052819
N2-G0_fold1_seed20261004,N2-G0,1,20261004,32,0.017335857327886818,0.17965924578430503,0.04365328437830641,0.014281243950457548
N2-G0_fold1_seed20261004,N2-G0,1,20261004,33,0.018033276875560427,0.17994604996450111,0.04420936519390976,0.015090227708708414
N2-G0_fold1_seed20261004,N2-G0,1,20261004,34,0.016140280960446347,0.17999310395227278,0.04301687636457644,0.01315860840820133
N2-G0_fold1_seed20261004,N2-G0,1,20261004,35,0.0170369632360267,0.18025424297757967,0.043678350847514626,0.014441181742625427
N2-G0_fold1_seed20261004,N2-G0,1,20261004,36,0.016837700508119956,0.18309528382317608,0.04464625455762296,0.012172329174868376
N2-G0_fold1_seed20261004,N2-G0,1,20261004,37,0.016837700508119956,0.18189825964750958,0.04423895858663057,0.011966809705274839
N2-G0_fold1_seed20261004,N2-G0,1,20261004,38,0.016040649596492977,0.17956542163141068,0.04290706897371652,0.012989785124608346
N2-G0_fold1_seed20261005,N2-G0,1,20261005,26,0.012453920494171565,0.2410128080586017,0.06448678746535609,0.027165828598692526
N2-G0_fold1_seed20261005,N2-G0,1,20261005,27,0.01384875958951878,0.24677287755789384,0.06801547476319872,0.018416743457042733
N2-G0_fold1_seed20261005,N2-G0,1,20261005,28,0.015343230048819368,0.24778303128060913,0.06910146488030437,0.02674676856328179
N2-G0_fold1_seed20261005,N2-G0,1,20261005,29,0.015542492776726114,0.25372444275066586,0.07227275580870889,0.015340677607588588
N2-G0_fold1_seed20261005,N2-G0,1,20261005,30,0.015542492776726114,0.2566943929683967,0.07384942167600614,0.012344471784380454
N2-G0_fold1_seed20261005,N2-G0,1,20261005,31,0.015642124140679486,0.25868630570139234,0.07494846871461343,0.010638066785287071
N2-G0_fold1_seed20261005,N2-G0,1,20261005,32,0.017335857327886818,0.25494478442770335,0.07377380549948441,0.013672399971472918
N2-G0_fold1_seed20261005,N2-G0,1,20261005,33,0.018033276875560427,0.2552696307475922,0.07437702483566684,0.013759005490727932
N2-G0_fold1_seed20261005,N2-G0,1,20261005,34,0.016140280960446347,0.25271970897341944,0.07220954637737598,0.012822267144112411
N2-G0_fold1_seed20261005,N2-G0,1,20261005,35,0.0170369632360267,0.25481019733258925,0.07360068684017015,0.013086929857523605
N2-G0_fold1_seed20261005,N2-G0,1,20261005,36,0.016837700508119956,0.25845053129523204,0.0756284873298278,0.010286435034965862
N2-G0_fold1_seed20261005,N2-G0,1,20261005,37,0.016837700508119956,0.2559645870390232,0.0745331482258165,0.00958677899737062
N2-G0_fold1_seed20261005,N2-G0,1,20261005,38,0.016040649596492977,0.2531776953431657,0.0724521495430919,0.010566845338220538
N2-G0_fold1_seed20261006,N2-G0,1,20261006,26,0.012453920494171565,0.3601147869618996,0.1334134626451538,0.009998626618478739
N2-G0_fold1_seed20261006,N2-G0,1,20261006,27,0.01384875958951878,0.3646013417941017,0.13712742066755662,0.00851653810316601
N2-G0_fold1_seed20261006,N2-G0,1,20261006,28,0.015343230048819368,0.36474636652308423,0.13761464366111853,0.009006905957424566
N2-G0_fold1_seed20261006,N2-G0,1,20261006,29,0.015542492776726114,0.36574830045387996,0.1383565330998959,0.008817630070782971
N2-G0_fold1_seed20261006,N2-G0,1,20261006,30,0.015542492776726114,0.36714024456591393,0.13941352814628036,0.008687478012888702
N2-G0_fold1_seed20261006,N2-G0,1,20261006,31,0.015642124140679486,0.3702890091449996,0.14184750246050953,0.008638468949621001
N2-G0_fold1_seed20261006,N2-G0,1,20261006,32,0.017335857327886818,0.3677362069113577,0.14038301463266997,0.009708173935364082
N2-G0_fold1_seed20261006,N2-G0,1,20261006,33,0.018033276875560427,0.367596924616464,0.14052390893951272,0.010128966205721922
N2-G0_fold1_seed20261006,N2-G0,1,20261006,34,0.016140280960446347,0.3660158332695624,0.1387750633163983,0.009170382655786206
N2-G0_fold1_seed20261006,N2-G0,1,20261006,35,0.0170369632360267,0.36672563871884645,0.13957144104020908,0.009745203861366906
N2-G0_fold1_seed20261006,N2-G0,1,20261006,36,0.016837700508119956,0.36808913954323874,0.1405468978667072,0.009557428637439122
N2-G0_fold1_seed20261006,N2-G0,1,20261006,37,0.016837700508119956,0.3675951651305578,0.14022544929764388,0.009508851906186756
N2-G0_fold1_seed20261006,N2-G0,1,20261006,38,0.016040649596492977,0.3659795495418014,0.1387541788879848,0.009059954883454442
N2-G0_fold2_seed20261002,N2-G0,2,20261002,39,0.01693733187207333,0.2503622883020871,0.07089835884543298,0.12422948209076688
N2-G0_fold2_seed20261002,N2-G0,2,20261002,40,0.016738069144166583,0.2469898307530778,0.06911927858043801,0.1775362235815455
N2-G0_fold2_seed20261002,N2-G0,2,20261002,41,0.016837700508119956,0.24782159606687104,0.0695941783600084,0.17467872787505143
N2-G0_fold2_seed20261002,N2-G0,2,20261002,42,0.02251668825346219,0.2486873954863926,0.0727617923526639,0.1845618456618266
N2-G0_fold2_seed20261002,N2-G0,2,20261002,43,0.018631065059280662,0.24534849802898107,0.06937688125393471,0.07748994217747758
N2-G0_fold2_seed20261002,N2-G0,2,20261002,44,0.01902959051509415,0.2509296582082303,0.0722025482788046,0.08112648107275565
N2-G0_fold2_seed20261002,N2-G0,2,20261002,45,0.01773438278370031,0.2525158152870692,0.0724015401485563,0.06268355210215507
N2-G0_fold2_seed20261002,N2-G0,2,20261002,46,0.017236225963933448,0.24003319840300621,0.06616097156922061,0.16415400450881418
N2-G0_fold2_seed20261002,N2-G0,2,20261002,47,0.02012553551858125,0.2438340010663969,0.06927084920725066,0.19347508063797272
N2-G0_fold2_seed20261002,N2-G0,2,20261002,48,0.019228853243000898,0.2358200036159801,0.06517736832063543,0.10176928427946727
N2-G0_fold2_seed20261002,N2-G0,2,20261002,49,0.019527747334861015,0.24552313803087936,0.06987870665907732,0.05191658855946351
N2-G0_fold2_seed20261002,N2-G0,2,20261002,50,0.018631065059280662,0.24807606370009797,0.07074144966825383,0.0414504977306327
N2-G0_fold2_seed20261002,N2-G0,2,20261002,51,0.01464581050114576,0.24520750942040195,0.06737898526729488,0.070853511983521
N2-G0_fold2_seed20261003,N2-G0,2,20261003,39,0.01693733187207333,0.32088614473173915,0.10966166606178514,0.010811857222285249
N2-G0_fold2_seed20261003,N2-G0,2,20261003,40,0.016738069144166583,0.3195937756048188,0.10876108091439914,0.011301306103304444
N2-G0_fold2_seed20261003,N2-G0,2,20261003,41,0.016837700508119956,0.32950830808017056,0.11538358722073014,0.01022993332157288
N2-G0_fold2_seed20261003,N2-G0,2,20261003,42,0.02251668825346219,0.3402298984214503,0.12481540992213547,0.013307098508680561
N2-G0_fold2_seed20261003,N2-G0,2,20261003,43,0.018631065059280662,0.3431659884033214,0.12514764072943424,0.01052928003295232
N2-G0_fold2_seed20261003,N2-G0,2,20261003,44,0.01902959051509415,0.3495161578613165,0.12966628797856747,0.01021192107549636
N2-G0_fold2_seed20261003,N2-G0,2,20261003,45,0.01773438278370031,0.35122793390742135,0.13034452782981282,0.009576103348860955
N2-G0_fold2_seed20261003,N2-G0,2,20261003,46,0.017236225963933448,0.3391199598899224,0.12235562296034831,0.010246618924987284
N2-G0_fold2_seed20261003,N2-G0,2,20261003,47,0.02012553551858125,0.3557301023455125,0.13473254196043452,0.011203723288466267
N2-G0_fold2_seed20261003,N2-G0,2,20261003,48,0.019228853243000898,0.368112673235591,0.1444055630241078,0.01097756269484454
N2-G0_fold2_seed20261003,N2-G0,2,20261003,49,0.019527747334861015,0.36287969191333785,0.13978271152770974,0.010647397810216818
N2-G0_fold2_seed20261003,N2-G0,2,20261003,50,0.018631065059280662,0.35836507172866244,0.1357757239266415,0.009928267989505078
N2-G0_fold2_seed20261003,N2-G0,2,20261003,51,0.01464581050114576,0.34505209603410064,0.12533330575634144,0.00853868710227956
N2-G0_fold2_seed20261004,N2-G0,2,20261004,39,0.01693733187207333,0.1347349561497626,0.030538162508803385,0.019988331960582768
N2-G0_fold2_seed20261004,N2-G0,2,20261004,40,0.016738069144166583,0.1334477890757324,0.030027859427872918,0.025300271430898736
N2-G0_fold2_seed20261004,N2-G0,2,20261004,41,0.016837700508119956,0.13559795893002066,0.03070900655675328,0.01941216728216143
N2-G0_fold2_seed20261004,N2-G0,2,20261004,42,0.02251668825346219,0.14076708710450778,0.036257802414075106,0.018892877669403608
N2-G0_fold2_seed20261004,N2-G0,2,20261004,43,0.018631065059280662,0.1440409333471853,0.03447556702362368,0.015359435163235357
N2-G0_fold2_seed20261004,N2-G0,2,20261004,44,0.01902959051509415,0.14683000804319937,0.03557120335721515,0.013036752942199418
N2-G0_fold2_seed20261004,N2-G0,2,20261004,45,0.01773438278370031,0.14807256729409976,0.03492788548572157,0.01030208100218988
N2-G0_fold2_seed20261004,N2-G0,2,20261004,46,0.017236225963933448,0.13605325139410254,0.03110297476206079,0.018524319081532473
N2-G0_fold2_seed20261004,N2-G0,2,20261004,47,0.02012553551858125,0.14439351709004372,0.035595539518570946,0.012761913162815351
N2-G0_fold2_seed20261004,N2-G0,2,20261004,48,0.019228853243000898,0.14520663750636176,0.035227427123915085,0.013206966006370469
N2-G0_fold2_seed20261004,N2-G0,2,20261004,49,0.019527747334861015,0.14990202280224038,0.036811958799081196,0.011364966289532666
N2-G0_fold2_seed20261004,N2-G0,2,20261004,50,0.018631065059280662,0.15009765550365659,0.03618363185929246,0.010658892926501413
N2-G0_fold2_seed20261004,N2-G0,2,20261004,51,0.01464581050114576,0.13964926449829482,0.0302917259094299,0.012982683236454542
N2-G0_fold2_seed20261005,N2-G0,2,20261005,39,0.01693733187207333,0.1911862108249891,0.0473034196553566,0.013837176828228059
N2-G0_fold2_seed20261005,N2-G0,2,20261005,40,0.016738069144166583,0.18634092716754203,0.045412435108439,0.01578622292940526
N2-G0_fold2_seed20261005,N2-G0,2,20261005,41,0.016837700508119956,0.1942862728106336,0.04842151011925759,0.012498366550389325
N2-G0_fold2_seed20261005,N2-G0,2,20261005,42,0.02251668825346219,0.20051335482160182,0.054379815782528394,0.0146202544601881
N2-G0_fold2_seed20261005,N2-G0,2,20261005,43,0.018631065059280662,0.20098954747179548,0.052064397486684545,0.013761369267030404
N2-G0_fold2_seed20261005,N2-G0,2,20261005,44,0.01902959051509415,0.2061370019871872,0.05444651406579533,0.011045248673405592
N2-G0_fold2_seed20261005,N2-G0,2,20261005,45,0.01773438278370031,0.20657071270990632,0.05390175323496287,0.01052029683701802
N2-G0_fold2_seed20261005,N2-G0,2,20261005,46,0.017236225963933448,0.1876571893758456,0.04603578186101582,0.021785476887129
N2-G0_fold2_seed20261005,N2-G0,2,20261005,47,0.02012553551858125,0.19384624395553302,0.05027647812689122,0.017139290633596926
N2-G0_fold2_seed20261005,N2-G0,2,20261005,48,0.019228853243000898,0.18660957935771608,0.04685320669883826,0.026799016354164817
N2-G0_fold2_seed20261005,N2-G0,2,20261005,49,0.019527747334861015,0.19364501329049424,0.04993342593501407,0.01598122361241967
N2-G0_fold2_seed20261005,N2-G0,2,20261005,50,0.018631065059280662,0.19533835089544682,0.049831371144965685,0.016647484472767426
N2-G0_fold2_seed20261005,N2-G0,2,20261005,51,0.01464581050114576,0.18790436705887245,0.04457624823030009,0.018954113586302276
N2-G0_fold2_seed20261006,N2-G0,2,20261006,39,0.01693733187207333,0.2971221834079479,0.09556072991946961,0.01147414447301421
N2-G0_fold2_seed20261006,N2-G0,2,20261006,40,0.016738069144166583,0.294603296122265,0.09403337764339241,0.011825829367206112
N2-G0_fold2_seed20261006,N2-G0,2,20261006,41,0.016837700508119956,0.29558455298772385,0.09445537944065431,0.013896462715054826
N2-G0_fold2_seed20261006,N2-G0,2,20261006,42,0.02251668825346219,0.29193553009350587,0.09463530132761395,0.023679627352604975
N2-G0_fold2_seed20261006,N2-G0,2,20261006,43,0.018631065059280662,0.2872459647798531,0.09036965143179068,0.03181458186337913
N2-G0_fold2_seed20261006,N2-G0,2,20261006,44,0.01902959051509415,0.28856968932157845,0.09132195950636879,0.025739614816547574
N2-G0_fold2_seed20261006,N2-G0,2,20261006,45,0.01773438278370031,0.28789394088763715,0.09054004120141934,0.018991727686819504
N2-G0_fold2_seed20261006,N2-G0,2,20261006,46,0.017236225963933448,0.28548058355859973,0.08897329205393811,0.019687142419225423
N2-G0_fold2_seed20261006,N2-G0,2,20261006,47,0.02012553551858125,0.28831147067009777,0.09189507474488065,0.016871223874745107
N2-G0_fold2_seed20261006,N2-G0,2,20261006,48,0.019228853243000898,0.2822599517893748,0.08802747306824969,0.02570480032516682
N2-G0_fold2_seed20261006,N2-G0,2,20261006,49,0.019527747334861015,0.28693125395888175,0.0908195423570309,0.01838453961907791
N2-G0_fold2_seed20261006,N2-G0,2,20261006,50,0.018631065059280662,0.28684362695204446,0.09047513108759299,0.01760080789627047
N2-G0_fold2_seed20261006,N2-G0,2,20261006,51,0.01464581050114576,0.28408204903437095,0.08724341242109088,0.013451857261429294
N2-G0_fold3_seed20261002,N2-G0,3,20261002,52,0.011656869582544586,0.18595350073758,0.04151136667747788,0.18736826748539923
N2-G0_fold3_seed20261002,N2-G0,3,20261002,53,0.016638437780213212,0.1859398319139675,0.0444624015062292,0.18822229098115553
N2-G0_fold3_seed20261002,N2-G0,3,20261002,54,0.02022516688253462,0.1850039583108957,0.046338650489078134,0.20345146018700247
N2-G0_fold3_seed20261002,N2-G0,3,20261002,55,0.01972701006276776,0.1841160795335735,0.0456260643785731,0.2547789306001431
N2-G0_fold3_seed20261002,N2-G0,3,20261002,56,0.014745441865099133,0.18358338110427108,0.042597218400781324,0.15291023012041358
N2-G0_fold3_seed20261002,N2-G0,3,20261002,57,0.016638437780213212,0.1905224450675688,0.04631227299404818,0.1469459174407659
N2-G0_fold3_seed20261002,N2-G0,3,20261002,58,0.016638437780213212,0.19023865165709486,0.04608005446441876,0.17106202031962117
N2-G0_fold3_seed20261002,N2-G0,3,20261002,59,0.022616319617415562,0.1884357780217585,0.04895280851556275,0.21659938131525286
N2-G0_fold3_seed20261003,N2-G0,3,20261003,52,0.011656869582544586,0.2893228493351555,0.08972574335198491,0.006718319022469797
N2-G0_fold3_seed20261003,N2-G0,3,20261003,53,0.016638437780213212,0.2837311328510065,0.0888591271867062,0.010293953994476796
N2-G0_fold3_seed20261003,N2-G0,3,20261003,54,0.02022516688253462,0.28940885856993137,0.09371151392776171,0.011245421965477108
N2-G0_fold3_seed20261003,N2-G0,3,20261003,55,0.01972701006276776,0.2854289975890355,0.09127645978008292,0.01121490150617137
N2-G0_fold3_seed20261003,N2-G0,3,20261003,56,0.014745441865099133,0.29001990990766596,0.09143631102811817,0.00793140525097753
N2-G0_fold3_seed20261003,N2-G0,3,20261003,57,0.016638437780213212,0.29217305363695784,0.09354797159569601,0.009077743219040391
N2-G0_fold3_seed20261003,N2-G0,3,20261003,58,0.016638437780213212,0.28482576502113016,0.0895675988622281,0.009698366096201252
N2-G0_fold3_seed20261003,N2-G0,3,20261003,59,0.022616319617415562,0.28464272160236936,0.09255528419186147,0.01280941331954253
N2-G0_fold3_seed20261004,N2-G0,3,20261004,52,0.011656869582544586,0.11330253979121967,0.021907976390183333,0.010037798254581311
N2-G0_fold3_seed20261004,N2-G0,3,20261004,53,0.016638437780213212,0.1119135170816525,0.02546297332229292,0.01745443381111383
N2-G0_fold3_seed20261004,N2-G0,3,20261004,54,0.02022516688253462,0.11777379550914088,0.029599919688961963,0.01268530294558582
N2-G0_fold3_seed20261004,N2-G0,3,20261004,55,0.01972701006276776,0.11536815671750184,0.028653050681564773,0.0152956594139378
N2-G0_fold3_seed20261004,N2-G0,3,20261004,56,0.014745441865099133,0.11987854420489921,0.02585964185651169,0.008299827297759304
N2-G0_fold3_seed20261004,N2-G0,3,20261004,57,0.016638437780213212,0.1173021708339463,0.02669849797812401,0.010274260690992748
N2-G0_fold3_seed20261004,N2-G0,3,20261004,58,0.016638437780213212,0.11074069118925511,0.02522272141761464,0.01811816546071488
N2-G0_fold3_seed20261004,N2-G0,3,20261004,59,0.022616319617415562,0.11319598625972596,0.030448426202680904,0.018738589191726884
N2-G0_fold3_seed20261005,N2-G0,3,20261005,52,0.011656869582544586,0.13853723653995895,0.02746189267050993,0.03324499815262843
N2-G0_fold3_seed20261005,N2-G0,3,20261005,53,0.016638437780213212,0.13822430741895805,0.030727536381673613,0.05749596203681864
N2-G0_fold3_seed20261005,N2-G0,3,20261005,54,0.02022516688253462,0.14240324673031146,0.03450434970851223,0.04024688208422991
N2-G0_fold3_seed20261005,N2-G0,3,20261005,55,0.01972701006276776,0.1375264587462767,0.03270317398166849,0.08279074991121893
N2-G0_fold3_seed20261005,N2-G0,3,20261005,56,0.014745441865099133,0.14345311032968008,0.030959535155627264,0.030649273820399114
N2-G0_fold3_seed20261005,N2-G0,3,20261005,57,0.016638437780213212,0.14309439459643583,0.03205799263991052,0.05252768691945439
N2-G0_fold3_seed20261005,N2-G0,3,20261005,58,0.016638437780213212,0.13681731026673888,0.030336261175226868,0.0729849192635231
N2-G0_fold3_seed20261005,N2-G0,3,20261005,59,0.022616319617415562,0.14193217851247916,0.03602316226338052,0.04316593504129511
N2-G0_fold3_seed20261006,N2-G0,3,20261006,52,0.011656869582544586,0.21357199423600107,0.052701782300013024,0.006877448848198323
N2-G0_fold3_seed20261006,N2-G0,3,20261006,53,0.016638437780213212,0.21047095238049054,0.05427507910129795,0.011632856129491454
N2-G0_fold3_seed20261006,N2-G0,3,20261006,54,0.02022516688253462,0.21722498537715693,0.05965298375875222,0.011476517897818036
N2-G0_fold3_seed20261006,N2-G0,3,20261006,55,0.01972701006276776,0.21799096626846892,0.05964693355640305,0.012584431050591647
N2-G0_fold3_seed20261006,N2-G0,3,20261006,56,0.014745441865099133,0.22449359461187882,0.05960547222385114,0.008274030693479175
N2-G0_fold3_seed20261006,N2-G0,3,20261006,57,0.016638437780213212,0.21849501995364148,0.05786622606127834,0.009378594037732781
N2-G0_fold3_seed20261006,N2-G0,3,20261006,58,0.016638437780213212,0.2148085004567419,0.05610729186322056,0.010435745951860816
N2-G0_fold3_seed20261006,N2-G0,3,20261006,59,0.022616319617415562,0.21523938272363977,0.05968646182666821,0.014597536674356449
N2-G0_fold4_seed20261002,N2-G0,4,20261002,60,0.02640231144764372,0.13368626285390622,0.03657322751046861,0.22215151959976395
N2-G0_fold4_seed20261002,N2-G0,4,20261002,61,0.027099730995317328,0.13785897584037285,0.03792589819209115,0.2293223695042665
N2-G0_fold4_seed20261002,N2-G0,4,20261002,62,0.02879346418252466,0.13527890839652246,0.03836529402847428,0.2769068198481384
N2-G0_fold4_seed20261002,N2-G0,4,20261002,63,0.028295307362757795,0.1342240579958108,0.03809575917595153,0.18735461660298022
N2-G0_fold4_seed20261002,N2-G0,4,20261002,64,0.029391252366244895,0.1359072707284959,0.03915136907925375,0.23088020210441182
N2-G0_fold4_seed20261002,N2-G0,4,20261002,65,0.02570489189997011,0.13830677800300573,0.03702300193492735,0.21561436402015385
N2-G0_fold4_seed20261002,N2-G0,4,20261002,66,0.03307761283251968,0.1356232515455458,0.04147820416528758,0.24576994795336274
N2-G0_fold4_seed20261002,N2-G0,4,20261002,67,0.030586828733685366,0.13838707895956037,0.04041835904481587,0.22505787046563647
N2-G0_fold4_seed20261003,N2-G0,4,20261003,60,0.02640231144764372,0.2211344304463088,0.06468819673686885,0.015943440543201893
N2-G0_fold4_seed20261003,N2-G0,4,20261003,61,0.027099730995317328,0.21247392722367128,0.061783893780315735,0.017499938541200213
N2-G0_fold4_seed20261003,N2-G0,4,20261003,62,0.02879346418252466,0.21498514742715658,0.06405200700471109,0.016733510985997162
N2-G0_fold4_seed20261003,N2-G0,4,20261003,63,0.028295307362757795,0.21882099953187795,0.06506730335221494,0.016961701317627146
N2-G0_fold4_seed20261003,N2-G0,4,20261003,64,0.029391252366244895,0.21021680539159035,0.062283427351626924,0.019708299297389334
N2-G0_fold4_seed20261003,N2-G0,4,20261003,65,0.02570489189997011,0.2034070043181878,0.05728203393952111,0.01801804517084481
N2-G0_fold4_seed20261003,N2-G0,4,20261003,66,0.03307761283251968,0.20645114515122917,0.06320960042961224,0.020499914945668885
N2-G0_fold4_seed20261003,N2-G0,4,20261003,67,0.030586828733685366,0.2034835026790783,0.06084666885575975,0.018114470812773963
N2-G0_fold4_seed20261004,N2-G0,4,20261004,60,0.02640231144764372,0.09059598233981164,0.02971309689065266,0.046161298810078445
N2-G0_fold4_seed20261004,N2-G0,4,20261004,61,0.027099730995317328,0.08861021083108364,0.029933819700140734,0.05831431851603785
N2-G0_fold4_seed20261004,N2-G0,4,20261004,62,0.02879346418252466,0.08896350848765072,0.03138855290409303,0.06134104924089559
N2-G0_fold4_seed20261004,N2-G0,4,20261004,63,0.028295307362757795,0.09154356456058847,0.03153919069315402,0.02976446850522398
N2-G0_fold4_seed20261004,N2-G0,4,20261004,64,0.029391252366244895,0.08906988788585507,0.031941238806612114,0.055171972846199305
N2-G0_fold4_seed20261004,N2-G0,4,20261004,65,0.02570489189997011,0.08717806754492567,0.028600555397806447,0.06633440893255921
N2-G0_fold4_seed20261004,N2-G0,4,20261004,66,0.03307761283251968,0.08711458573222321,0.03465006295118987,0.07492020652557146
N2-G0_fold4_seed20261004,N2-G0,4,20261004,67,0.030586828733685366,0.08828567652104358,0.032836106504345965,0.05037751933057587
N2-G0_fold4_seed20261005,N2-G0,4,20261005,60,0.02640231144764372,0.10376694280730388,0.031623524788477284,0.034476464642561544
N2-G0_fold4_seed20261005,N2-G0,4,20261005,61,0.027099730995317328,0.10221849707737529,0.03192084650700056,0.037426179292238626
N2-G0_fold4_seed20261005,N2-G0,4,20261005,62,0.02879346418252466,0.10502836232937991,0.033721720436894934,0.034565590648131486
N2-G0_fold4_seed20261005,N2-G0,4,20261005,63,0.028295307362757795,0.11033186660001963,0.03452284366671308,0.022934309783984985
N2-G0_fold4_seed20261005,N2-G0,4,20261005,64,0.029391252366244895,0.10749840632484116,0.03464981714073583,0.03595208114053468
N2-G0_fold4_seed20261005,N2-G0,4,20261005,65,0.02570489189997011,0.1041954842571811,0.031177753422297425,0.031684032843527055
N2-G0_fold4_seed20261005,N2-G0,4,20261005,66,0.03307761283251968,0.10483598800588437,0.03718905668782586,0.03517698118268053
N2-G0_fold4_seed20261005,N2-G0,4,20261005,67,0.030586828733685366,0.1079701392214725,0.0358473399854307,0.02780318215614616
N2-G0_fold4_seed20261006,N2-G0,4,20261006,60,0.02640231144764372,0.15825130532036868,0.0441730718017274,0.01496461194234245
N2-G0_fold4_seed20261006,N2-G0,4,20261006,61,0.027099730995317328,0.15404003521893464,0.04325473686697389,0.01772771205323234
N2-G0_fold4_seed20261006,N2-G0,4,20261006,62,0.02879346418252466,0.1554835450162555,0.044851750024319605,0.0183152437890342
N2-G0_fold4_seed20261006,N2-G0,4,20261006,63,0.028295307362757795,0.16107218292065625,0.04669673845456056,0.015200020682056531
N2-G0_fold4_seed20261006,N2-G0,4,20261006,64,0.029391252366244895,0.15874253767361252,0.046559511137222724,0.017543971905143493
N2-G0_fold4_seed20261006,N2-G0,4,20261006,65,0.02570489189997011,0.15170456389669945,0.041766447459555836,0.016713006634694196
N2-G0_fold4_seed20261006,N2-G0,4,20261006,66,0.03307761283251968,0.1536601037556559,0.04764699170502731,0.020498016199753763
N2-G0_fold4_seed20261006,N2-G0,4,20261006,67,0.030586828733685366,0.15579757908842742,0.046248759706648254,0.02034100531923505
N3-K1_fold1_seed20261002,N3-K1,1,20261002,26,0.012453920494171565,0.38310110532603187,0.15125830963483394,0.006753479679548297
N3-K1_fold1_seed20261002,N3-K1,1,20261002,27,0.01384875958951878,0.3865167633347939,0.154767548222561,0.007362191034128798
N3-K1_fold1_seed20261002,N3-K1,1,20261002,28,0.015343230048819368,0.3876298183835851,0.15582411833052243,0.008725472116530561
N3-K1_fold1_seed20261002,N3-K1,1,20261002,29,0.015542492776726114,0.3938663835332905,0.16099229030255496,0.008267146633055965
N3-K1_fold1_seed20261002,N3-K1,1,20261002,30,0.015542492776726114,0.3922509143783487,0.1599032313839156,0.008163972912001126
N3-K1_fold1_seed20261002,N3-K1,1,20261002,31,0.015642124140679486,0.3931344827023164,0.16076002879624193,0.008250463909297522
N3-K1_fold1_seed20261002,N3-K1,1,20261002,32,0.017335857327886818,0.39362090668972805,0.16155324119213152,0.009063811407509326
N3-K1_fold1_seed20261002,N3-K1,1,20261002,33,0.018033276875560427,0.3926905075580673,0.1613874259274055,0.009443527985324083
N3-K1_fold1_seed20261002,N3-K1,1,20261002,34,0.016140280960446347,0.38538060395634316,0.15502563470304065,0.008487811809082759
N3-K1_fold1_seed20261002,N3-K1,1,20261002,35,0.0170369632360267,0.38490983779571747,0.15458489523909652,0.0089851562184522
N3-K1_fold1_seed20261002,N3-K1,1,20261002,36,0.016837700508119956,0.38580665466358127,0.15593372268944505,0.008767753632501646
N3-K1_fold1_seed20261002,N3-K1,1,20261002,37,0.016837700508119956,0.38498127439305024,0.15595200217095107,0.008642713760818085
N3-K1_fold1_seed20261002,N3-K1,1,20261002,38,0.016040649596492977,0.3801519206186754,0.15121135484014053,0.008386738391350424
N3-K1_fold1_seed20261003,N3-K1,1,20261003,26,0.012453920494171565,0.3871258390543214,0.15402034410212104,0.007454183754926115
N3-K1_fold1_seed20261003,N3-K1,1,20261003,27,0.01384875958951878,0.3887516773174343,0.15568397117484575,0.008607608043852253
N3-K1_fold1_seed20261003,N3-K1,1,20261003,28,0.015343230048819368,0.3889081492374226,0.15618564529045026,0.009435663968055044
N3-K1_fold1_seed20261003,N3-K1,1,20261003,29,0.015542492776726114,0.38742840321412286,0.15509031809422363,0.009541739101840134
N3-K1_fold1_seed20261003,N3-K1,1,20261003,30,0.015542492776726114,0.38878216424128265,0.1562070308121371,0.009412703649889064
N3-K1_fold1_seed20261003,N3-K1,1,20261003,31,0.015642124140679486,0.3870804774582033,0.15486991042943368,0.009472055326645488
N3-K1_fold1_seed20261003,N3-K1,1,20261003,32,0.017335857327886818,0.3862172667711603,0.1545684492751693,0.010886181902640657
N3-K1_fold1_seed20261003,N3-K1,1,20261003,33,0.018033276875560427,0.3863978278799426,0.15500958738201592,0.010773693594424578
N3-K1_fold1_seed20261003,N3-K1,1,20261003,34,0.016140280960446347,0.38788804984041136,0.15567873903873528,0.00969455257289559
N3-K1_fold1_seed20261003,N3-K1,1,20261003,35,0.0170369632360267,0.3869373177346611,0.155194119482901,0.01009923343872613
N3-K1_fold1_seed20261003,N3-K1,1,20261003,36,0.016837700508119956,0.3859489576556864,0.15445140887838996,0.009939313985843827
N3-K1_fold1_seed20261003,N3-K1,1,20261003,37,0.016837700508119956,0.38546187085197814,0.1540418332354039,0.009715379923446633
N3-K1_fold1_seed20261003,N3-K1,1,20261003,38,0.016040649596492977,0.3876621737790461,0.15556587052655635,0.009326908817605332
N3-K1_fold1_seed20261004,N3-K1,1,20261004,26,0.012453920494171565,0.37709487701975575,0.1452133656630425,0.03171242686965852
N3-K1_fold1_seed20261004,N3-K1,1,20261004,27,0.01384875958951878,0.3811461055498109,0.14863042791986084,0.023339858615894854
N3-K1_fold1_seed20261004,N3-K1,1,20261004,28,0.015343230048819368,0.3801430067178475,0.14799140880334055,0.04650282265835726
N3-K1_fold1_seed20261004,N3-K1,1,20261004,29,0.015542492776726114,0.38300328956428936,0.1502245122958893,0.036314908291621054
N3-K1_fold1_seed20261004,N3-K1,1,20261004,30,0.015542492776726114,0.3856064613464569,0.15223365307460265,0.030403357971287154
N3-K1_fold1_seed20261004,N3-K1,1,20261004,31,0.015642124140679486,0.3870795687335247,0.15346866082403787,0.023424886269382557
N3-K1_fold1_seed20261004,N3-K1,1,20261004,32,0.017335857327886818,0.38453660942077095,0.1516915703309479,0.0430109438228774
N3-K1_fold1_seed20261004,N3-K1,1,20261004,33,0.018033276875560427,0.3854985169898784,0.1527032907697374,0.03576584098851528
N3-K1_fold1_seed20261004,N3-K1,1,20261004,34,0.016140280960446347,0.38348293558135826,0.15068963717049286,0.06144819251895349
N3-K1_fold1_seed20261004,N3-K1,1,20261004,35,0.0170369632360267,0.38310679970953515,0.15049135024553897,0.11661075455634652
N3-K1_fold1_seed20261004,N3-K1,1,20261004,36,0.016837700508119956,0.38279576098411455,0.1503556692947846,0.053256975498358734
N3-K1_fold1_seed20261004,N3-K1,1,20261004,37,0.016837700508119956,0.3820559909546905,0.15011581364895293,0.053058689569075
N3-K1_fold1_seed20261004,N3-K1,1,20261004,38,0.016040649596492977,0.3816873418605825,0.14933413232323445,0.07224280560305131
N3-K1_fold1_seed20261005,N3-K1,1,20261005,26,0.012453920494171565,0.3083564880066148,0.10041947566044136,0.013412446489280146
N3-K1_fold1_seed20261005,N3-K1,1,20261005,27,0.01384875958951878,0.3055322714434711,0.09935878405532912,0.014669634263565559
N3-K1_fold1_seed20261005,N3-K1,1,20261005,28,0.015343230048819368,0.30354488542850727,0.09853617049109764,0.027714099998879513
N3-K1_fold1_seed20261005,N3-K1,1,20261005,29,0.015542492776726114,0.30553933135049594,0.09996314931158316,0.020175482462923455
N3-K1_fold1_seed20261005,N3-K1,1,20261005,30,0.015542492776726114,0.3062039661042797,0.10047541547008113,0.01554602965601604
N3-K1_fold1_seed20261005,N3-K1,1,20261005,31,0.015642124140679486,0.3025607978266057,0.09834241503388495,0.01649724336088413
N3-K1_fold1_seed20261005,N3-K1,1,20261005,32,0.017335857327886818,0.30096191627431074,0.09808994603512745,0.018281178275371134
N3-K1_fold1_seed20261005,N3-K1,1,20261005,33,0.018033276875560427,0.3020899125487031,0.09926899262865976,0.01657145993457552
N3-K1_fold1_seed20261005,N3-K1,1,20261005,34,0.016140280960446347,0.3070036694372184,0.10181220953462163,0.012377943393827352
N3-K1_fold1_seed20261005,N3-K1,1,20261005,35,0.0170369632360267,0.3109059086860739,0.10431712022391228,0.013213992403784729
N3-K1_fold1_seed20261005,N3-K1,1,20261005,36,0.016837700508119956,0.31632259932224543,0.10797870990743658,0.010345362890192463
N3-K1_fold1_seed20261005,N3-K1,1,20261005,37,0.016837700508119956,0.3103270530619735,0.10459299231769788,0.009945230580375476
N3-K1_fold1_seed20261005,N3-K1,1,20261005,38,0.016040649596492977,0.30586956577169877,0.1013412951327417,0.011534470608196831
N3-K1_fold1_seed20261006,N3-K1,1,20261006,26,0.012453920494171565,0.29679603351542705,0.09299880737288516,0.09570431102481644
N3-K1_fold1_seed20261006,N3-K1,1,20261006,27,0.01384875958951878,0.29382292710098046,0.09185246107332207,0.2118266372060268
N3-K1_fold1_seed20261006,N3-K1,1,20261006,28,0.015343230048819368,0.296007425627029,0.09367489625080296,0.09114376832027113
N3-K1_fold1_seed20261006,N3-K1,1,20261006,29,0.015542492776726114,0.29388903228709495,0.09260095859337601,0.10727716839955925
N3-K1_fold1_seed20261006,N3-K1,1,20261006,30,0.015542492776726114,0.29387680864429666,0.09257438932246481,0.13983559661375705
N3-K1_fold1_seed20261006,N3-K1,1,20261006,31,0.015642124140679486,0.2902181171689268,0.09060750416695497,0.14440677937095978
N3-K1_fold1_seed20261006,N3-K1,1,20261006,32,0.017335857327886818,0.29293784358289265,0.09264296883167591,0.1785844247606105
N3-K1_fold1_seed20261006,N3-K1,1,20261006,33,0.018033276875560427,0.2944800254917938,0.09383299564484661,0.11763903747157974
N3-K1_fold1_seed20261006,N3-K1,1,20261006,34,0.016140280960446347,0.3011533897710821,0.09688818217283726,0.05348023911604575
N3-K1_fold1_seed20261006,N3-K1,1,20261006,35,0.0170369632360267,0.3028770205610669,0.09829738696686569,0.03792472220327561
N3-K1_fold1_seed20261006,N3-K1,1,20261006,36,0.016837700508119956,0.30340100466325026,0.09848225639999435,0.046298828321005195
N3-K1_fold1_seed20261006,N3-K1,1,20261006,37,0.016837700508119956,0.3042199848427545,0.09893434345645963,0.06559292285161054
N3-K1_fold1_seed20261006,N3-K1,1,20261006,38,0.016040649596492977,0.3047893813684095,0.09894906939431618,0.07079936216043914
N3-K1_fold2_seed20261002,N3-K1,2,20261002,39,0.01693733187207333,0.3263819792278921,0.11533253827444583,0.008754095001576813
N3-K1_fold2_seed20261002,N3-K1,2,20261002,40,0.016738069144166583,0.31561155244815725,0.10864751917527532,0.008711561319330817
N3-K1_fold2_seed20261002,N3-K1,2,20261002,41,0.016837700508119956,0.3247253687605493,0.11409520168638419,0.008672071450857069
N3-K1_fold2_seed20261002,N3-K1,2,20261002,42,0.02251668825346219,0.3290179653175321,0.11934916904195614,0.011557043759347019
N3-K1_fold2_seed20261002,N3-K1,2,20261002,43,0.018631065059280662,0.31737599689931995,0.11027757445878045,0.010387656100694408
N3-K1_fold2_seed20261002,N3-K1,2,20261002,44,0.01902959051509415,0.3331173040341927,0.12018266592920497,0.009761616258411134
N3-K1_fold2_seed20261002,N3-K1,2,20261002,45,0.01773438278370031,0.3319604478376197,0.11890123408211745,0.009152290958924208
N3-K1_fold2_seed20261002,N3-K1,2,20261002,46,0.017236225963933448,0.30446648474152654,0.1014353514883578,0.01078260128927381
N3-K1_fold2_seed20261002,N3-K1,2,20261002,47,0.02012553551858125,0.316675127187991,0.11021487919316511,0.01118526236786396
N3-K1_fold2_seed20261002,N3-K1,2,20261002,48,0.019228853243000898,0.30031840646798985,0.0998528327808645,0.01272742265374895
N3-K1_fold2_seed20261002,N3-K1,2,20261002,49,0.019527747334861015,0.3199506941588967,0.11214639530453666,0.010458234182944056
N3-K1_fold2_seed20261002,N3-K1,2,20261002,50,0.018631065059280662,0.3274778246979865,0.11587274457975125,0.010071285817912853
N3-K1_fold2_seed20261002,N3-K1,2,20261002,51,0.01464581050114576,0.3101561892376591,0.10371848001439421,0.009271444157500443
N3-K1_fold2_seed20261003,N3-K1,2,20261003,39,0.01693733187207333,0.3404273461596605,0.12317783870415533,0.00947207622295688
N3-K1_fold2_seed20261003,N3-K1,2,20261003,40,0.016738069144166583,0.3414318754206682,0.1237403901266293,0.009603346365993422
N3-K1_fold2_seed20261003,N3-K1,2,20261003,41,0.016837700508119956,0.3435752030094289,0.12522329311972588,0.009343579019961048
N3-K1_fold2_seed20261003,N3-K1,2,20261003,42,0.02251668825346219,0.3451560582048296,0.12844665052922094,0.012243130793486177
N3-K1_fold2_seed20261003,N3-K1,2,20261003,43,0.018631065059280662,0.3467087801040186,0.12772767490828824,0.010104268480328015
N3-K1_fold2_seed20261003,N3-K1,2,20261003,44,0.01902959051509415,0.3481622061395714,0.12901335355353108,0.010094531722754069
N3-K1_fold2_seed20261003,N3-K1,2,20261003,45,0.01773438278370031,0.3506147330893986,0.13032138169845475,0.0094324199994933
N3-K1_fold2_seed20261003,N3-K1,2,20261003,46,0.017236225963933448,0.3425596948143325,0.12444501968630518,0.009219266410091029
N3-K1_fold2_seed20261003,N3-K1,2,20261003,47,0.02012553551858125,0.35462110844977135,0.1340466366818271,0.010975077514977668
N3-K1_fold2_seed20261003,N3-K1,2,20261003,48,0.019228853243000898,0.35370994686603857,0.13322256110355793,0.01049150790214814
N3-K1_fold2_seed20261003,N3-K1,2,20261003,49,0.019527747334861015,0.3610837084181327,0.138675759892715,0.010491957757947791
N3-K1_fold2_seed20261003,N3-K1,2,20261003,50,0.018631065059280662,0.36423584391726466,0.14065656127426784,0.009827642707138722
N3-K1_fold2_seed20261003,N3-K1,2,20261003,51,0.01464581050114576,0.3485408976964371,0.12742570300066206,0.007849194110285616
N3-K1_fold2_seed20261004,N3-K1,2,20261004,39,0.01693733187207333,0.3274824172691556,0.11325836744776295,0.016870182442696356
N3-K1_fold2_seed20261004,N3-K1,2,20261004,40,0.016738069144166583,0.32600789463029156,0.11234825419275218,0.01549158630578382
N3-K1_fold2_seed20261004,N3-K1,2,20261004,41,0.016837700508119956,0.32957592965281307,0.11438389406564861,0.02258982599412843
N3-K1_fold2_seed20261004,N3-K1,2,20261004,42,0.02251668825346219,0.3300940600556162,0.11652783302548377,0.03287800793196731
N3-K1_fold2_seed20261004,N3-K1,2,20261004,43,0.018631065059280662,0.3312467500348402,0.1157658846979758,0.039342383353631334
N3-K1_fold2_seed20261004,N3-K1,2,20261004,44,0.01902959051509415,0.33026480193200686,0.1154416140698054,0.031491739175283445
N3-K1_fold2_seed20261004,N3-K1,2,20261004,45,0.01773438278370031,0.33008039565742675,0.114909563217466,0.03209025240302557
N3-K1_fold2_seed20261004,N3-K1,2,20261004,46,0.017236225963933448,0.32674326063152986,0.1125578886402593,0.03735852423374236
N3-K1_fold2_seed20261004,N3-K1,2,20261004,47,0.02012553551858125,0.3302453407556188,0.11572185982375802,0.056661042335644
N3-K1_fold2_seed20261004,N3-K1,2,20261004,48,0.019228853243000898,0.3269874595222688,0.11334004637458012,0.06120090655972048
N3-K1_fold2_seed20261004,N3-K1,2,20261004,49,0.019527747334861015,0.3288073622740578,0.11469410825772589,0.047510346183552904
N3-K1_fold2_seed20261004,N3-K1,2,20261004,50,0.018631065059280662,0.3279471775360262,0.11364806979903275,0.06248863694712933
N3-K1_fold2_seed20261004,N3-K1,2,20261004,51,0.01464581050114576,0.3239080542627229,0.10989613237353678,0.04788761393706824
N3-K1_fold2_seed20261005,N3-K1,2,20261005,39,0.01693733187207333,0.27741589373242403,0.0864654854055006,0.009447681771117216
N3-K1_fold2_seed20261005,N3-K1,2,20261005,40,0.016738069144166583,0.2664703371798292,0.08051827255551626,0.009992912748560148
N3-K1_fold2_seed20261005,N3-K1,2,20261005,41,0.016837700508119956,0.28238842539016995,0.0887896023563081,0.009333995198319648
N3-K1_fold2_seed20261005,N3-K1,2,20261005,42,0.02251668825346219,0.28597608703126676,0.09358839768561975,0.0123076657500439
N3-K1_fold2_seed20261005,N3-K1,2,20261005,43,0.018631065059280662,0.2823686735519815,0.0888551973886142,0.024947568019385715
N3-K1_fold2_seed20261005,N3-K1,2,20261005,44,0.01902959051509415,0.29174234172762287,0.09470555802090044,0.010558022511434432
N3-K1_fold2_seed20261005,N3-K1,2,20261005,45,0.01773438278370031,0.2964223835300929,0.09666616425544443,0.010295506635042346
N3-K1_fold2_seed20261005,N3-K1,2,20261005,46,0.017236225963933448,0.2774209741097265,0.08567988604170065,0.015172857470788727
N3-K1_fold2_seed20261005,N3-K1,2,20261005,47,0.02012553551858125,0.29032727339706815,0.09429461497209511,0.01256368296177197
N3-K1_fold2_seed20261005,N3-K1,2,20261005,48,0.019228853243000898,0.28306540076394004,0.08968725521914701,0.013451027002631375
N3-K1_fold2_seed20261005,N3-K1,2,20261005,49,0.019527747334861015,0.2902565844817051,0.09398554553105216,0.011471209315843828
N3-K1_fold2_seed20261005,N3-K1,2,20261005,50,0.018631065059280662,0.2947907066217466,0.09575780808626884,0.013270707062666936
N3-K1_fold2_seed20261005,N3-K1,2,20261005,51,0.01464581050114576,0.28225518092837854,0.08705163642611463,0.014109091375781986
N3-K1_fold2_seed20261006,N3-K1,2,20261006,39,0.01693733187207333,0.2667021849434889,0.07892194245783014,0.03330752958528311
N3-K1_fold2_seed20261006,N3-K1,2,20261006,40,0.016738069144166583,0.26906671724153797,0.07991491467998955,0.044642215274134325
N3-K1_fold2_seed20261006,N3-K1,2,20261006,41,0.016837700508119956,0.2702767341747412,0.08074074865872796,0.026201498646119765
N3-K1_fold2_seed20261006,N3-K1,2,20261006,42,0.02251668825346219,0.2689289329185371,0.08274706198884316,0.02849977989916969
N3-K1_fold2_seed20261006,N3-K1,2,20261006,43,0.018631065059280662,0.27313112736011647,0.08328750821664002,0.019736650802214192
N3-K1_fold2_seed20261006,N3-K1,2,20261006,44,0.01902959051509415,0.27331390139914685,0.08352845060260429,0.021236789131236635
N3-K1_fold2_seed20261006,N3-K1,2,20261006,45,0.01773438278370031,0.2738218850639389,0.08322764311009793,0.01956758389566819
N3-K1_fold2_seed20261006,N3-K1,2,20261006,46,0.017236225963933448,0.27983068276580875,0.0863144956873602,0.013508020524920991
N3-K1_fold2_seed20261006,N3-K1,2,20261006,47,0.02012553551858125,0.2882537921417715,0.09254968153697093,0.015851028290557758
N3-K1_fold2_seed20261006,N3-K1,2,20261006,48,0.019228853243000898,0.2935294382599635,0.0953039849685206,0.012997177888377093
N3-K1_fold2_seed20261006,N3-K1,2,20261006,49,0.019527747334861015,0.29581065497289205,0.09682431949797878,0.013367990515288959
N3-K1_fold2_seed20261006,N3-K1,2,20261006,50,0.018631065059280662,0.2956851541972962,0.09644934060677951,0.012521466175910516
N3-K1_fold2_seed20261006,N3-K1,2,20261006,51,0.01464581050114576,0.2832163859326137,0.08714970387362099,0.011638037092527935
N3-K1_fold3_seed20261002,N3-K1,3,20261002,52,0.011656869582544586,0.26937094541034173,0.07916313021684102,0.007699004350322405
N3-K1_fold3_seed20261002,N3-K1,3,20261002,53,0.016638437780213212,0.26520148249758985,0.07937307798105579,0.012732189479861393
N3-K1_fold3_seed20261002,N3-K1,3,20261002,54,0.02022516688253462,0.2840582795471301,0.09129970442711834,0.011389751044045144
N3-K1_fold3_seed20261002,N3-K1,3,20261002,55,0.01972701006276776,0.26916197002133624,0.0827491134202976,0.014643399077029872
N3-K1_fold3_seed20261002,N3-K1,3,20261002,56,0.014745441865099133,0.28266825768390325,0.08764201759541367,0.009008104001464541
N3-K1_fold3_seed20261002,N3-K1,3,20261002,57,0.016638437780213212,0.284928234133429,0.08974855447279152,0.010227968194709664
N3-K1_fold3_seed20261002,N3-K1,3,20261002,58,0.016638437780213212,0.27552258319369183,0.08447468844529958,0.01179301578145664
N3-K1_fold3_seed20261002,N3-K1,3,20261002,59,0.022616319617415562,0.2744172739161143,0.08692274373768727,0.016168304912915696
N3-K1_fold3_seed20261003,N3-K1,3,20261003,52,0.011656869582544586,0.30739956794050516,0.10049360295197658,0.006315063354566013
N3-K1_fold3_seed20261003,N3-K1,3,20261003,53,0.016638437780213212,0.30510008738640104,0.10118054605673978,0.008970588364345116
N3-K1_fold3_seed20261003,N3-K1,3,20261003,54,0.02022516688253462,0.32064176023860885,0.11300051772015757,0.010953374890145029
N3-K1_fold3_seed20261003,N3-K1,3,20261003,55,0.01972701006276776,0.31749877421274386,0.1108127236293502,0.010596643073393945
N3-K1_fold3_seed20261003,N3-K1,3,20261003,56,0.014745441865099133,0.32781623229264245,0.11537627358248514,0.0077735686917896046
N3-K1_fold3_seed20261003,N3-K1,3,20261003,57,0.016638437780213212,0.31378890327644754,0.10665078579276577,0.008948855666802326
N3-K1_fold3_seed20261003,N3-K1,3,20261003,58,0.016638437780213212,0.3016463818845689,0.09897723743590862,0.008977617230444813
N3-K1_fold3_seed20261003,N3-K1,3,20261003,59,0.022616319617415562,0.30593211727945724,0.10450449911990604,0.011905917664157283
N3-K1_fold3_seed20261004,N3-K1,3,20261004,52,0.011656869582544586,0.2807882949084536,0.08391347034061013,0.03197490549221359
N3-K1_fold3_seed20261004,N3-K1,3,20261004,53,0.016638437780213212,0.28083571875763164,0.08582735195836863,0.05972456958415722
N3-K1_fold3_seed20261004,N3-K1,3,20261004,54,0.02022516688253462,0.28198299735081533,0.0881109429672729,0.06166930519067508
N3-K1_fold3_seed20261004,N3-K1,3,20261004,55,0.01972701006276776,0.283871791974862,0.08892534482287416,0.07000476918207896
N3-K1_fold3_seed20261004,N3-K1,3,20261004,56,0.014745441865099133,0.28366446042210025,0.08666696259371594,0.05292125587892747
N3-K1_fold3_seed20261004,N3-K1,3,20261004,57,0.016638437780213212,0.28257606350985764,0.08676755590352205,0.056145526651835455
N3-K1_fold3_seed20261004,N3-K1,3,20261004,58,0.016638437780213212,0.28118215006740943,0.08604714518751284,0.05516400293200807
N3-K1_fold3_seed20261004,N3-K1,3,20261004,59,0.022616319617415562,0.2820693690176012,0.08892917180779723,0.07527624530307969
N3-K1_fold3_seed20261005,N3-K1,3,20261005,52,0.011656869582544586,0.2524141220773046,0.06997743085240231,0.008491245813355402
N3-K1_fold3_seed20261005,N3-K1,3,20261005,53,0.016638437780213212,0.253949759125685,0.07314761749442357,0.012789760747254974
N3-K1_fold3_seed20261005,N3-K1,3,20261005,54,0.02022516688253462,0.2554921570108543,0.0757801593463776,0.013478675652719024
N3-K1_fold3_seed20261005,N3-K1,3,20261005,55,0.01972701006276776,0.2589086192453359,0.07746206487204996,0.011425177853134325
N3-K1_fold3_seed20261005,N3-K1,3,20261005,56,0.014745441865099133,0.2591284934794625,0.07489378477334445,0.009051271470404623
N3-K1_fold3_seed20261005,N3-K1,3,20261005,57,0.016638437780213212,0.25722868025273055,0.07461082245343767,0.011213402476592717
N3-K1_fold3_seed20261005,N3-K1,3,20261005,58,0.016638437780213212,0.2575978213567872,0.07500301460754892,0.010525902532108033
N3-K1_fold3_seed20261005,N3-K1,3,20261005,59,0.022616319617415562,0.2552692041369556,0.07685635637573365,0.01507239268047433
N3-K1_fold3_seed20261006,N3-K1,3,20261006,52,0.011656869582544586,0.24579021020655253,0.06687155184593352,0.010259188809172898
N3-K1_fold3_seed20261006,N3-K1,3,20261006,53,0.016638437780213212,0.24247446040740986,0.06766047042256072,0.01500522127846776
N3-K1_fold3_seed20261006,N3-K1,3,20261006,54,0.02022516688253462,0.2538378582258182,0.07523948229380178,0.014489206943404668
N3-K1_fold3_seed20261006,N3-K1,3,20261006,55,0.01972701006276776,0.25284125446829103,0.0745757087571922,0.014680957487351329
N3-K1_fold3_seed20261006,N3-K1,3,20261006,56,0.014745441865099133,0.26110574992491864,0.07638073735541476,0.009545108632698479
N3-K1_fold3_seed20261006,N3-K1,3,20261006,57,0.016638437780213212,0.2516233758508428,0.07252292250722017,0.012054050189856126
N3-K1_fold3_seed20261006,N3-K1,3,20261006,58,0.016638437780213212,0.24107399849254976,0.06720079738559963,0.015408778196850485
N3-K1_fold3_seed20261006,N3-K1,3,20261006,59,0.022616319617415562,0.24108474307462233,0.07029312530282769,0.01941695696496135
N3-K1_fold4_seed20261002,N3-K1,4,20261002,60,0.02640231144764372,0.23905372221185633,0.07245190105285158,0.01783586205326159
N3-K1_fold4_seed20261002,N3-K1,4,20261002,61,0.027099730995317328,0.2304401553058178,0.06927055824844494,0.019544676154454706
N3-K1_fold4_seed20261002,N3-K1,4,20261002,62,0.02879346418252466,0.24431042021906202,0.0764105786007592,0.016208587689895373
N3-K1_fold4_seed20261002,N3-K1,4,20261002,63,0.028295307362757795,0.24768215050785047,0.07785706701623615,0.015410020325807995
N3-K1_fold4_seed20261002,N3-K1,4,20261002,64,0.029391252366244895,0.24865985880759386,0.07886884174790593,0.015916345604688627
N3-K1_fold4_seed20261002,N3-K1,4,20261002,65,0.02570489189997011,0.23752980485268815,0.0715599793799055,0.014762595508386697
N3-K1_fold4_seed20261002,N3-K1,4,20261002,66,0.03307761283251968,0.24417076625306675,0.07903092628762391,0.018023249238592564
N3-K1_fold4_seed20261002,N3-K1,4,20261002,67,0.030586828733685366,0.24523497056290197,0.07775072111199739,0.01710759323987267
N3-K1_fold4_seed20261003,N3-K1,4,20261003,60,0.02640231144764372,0.2654726084772946,0.08474739650361215,0.014048424232425239
N3-K1_fold4_seed20261003,N3-K1,4,20261003,61,0.027099730995317328,0.25585615357904573,0.08030648492501222,0.014795014863698152
N3-K1_fold4_seed20261003,N3-K1,4,20261003,62,0.02879346418252466,0.2567592760432242,0.0816995549706314,0.015391427795231007
N3-K1_fold4_seed20261003,N3-K1,4,20261003,63,0.028295307362757795,0.2622543022409349,0.08424922714678948,0.014999535279915432
N3-K1_fold4_seed20261003,N3-K1,4,20261003,64,0.029391252366244895,0.2536445764742141,0.0804413700785076,0.015903816192664542
N3-K1_fold4_seed20261003,N3-K1,4,20261003,65,0.02570489189997011,0.24976290749698493,0.0765479319985602,0.01406267888619357
N3-K1_fold4_seed20261003,N3-K1,4,20261003,66,0.03307761283251968,0.25020418621246077,0.08089285472543394,0.017804509134883066
N3-K1_fold4_seed20261003,N3-K1,4,20261003,67,0.030586828733685366,0.25238635823040606,0.0808002930922373,0.01618505402963644
N3-K1_fold4_seed20261004,N3-K1,4,20261004,60,0.02640231144764372,0.24619773904137876,0.07341950615878012,0.07007529420904927
N3-K1_fold4_seed20261004,N3-K1,4,20261004,61,0.027099730995317328,0.24403390417879828,0.07298728073671301,0.05466369151821717
N3-K1_fold4_seed20261004,N3-K1,4,20261004,62,0.02879346418252466,0.24909133639216818,0.07603807110015363,0.061901172237782326
N3-K1_fold4_seed20261004,N3-K1,4,20261004,63,0.028295307362757795,0.25186320999952155,0.07738594245591161,0.04803575054604545
N3-K1_fold4_seed20261004,N3-K1,4,20261004,64,0.029391252366244895,0.2533018708410341,0.07855340076442525,0.045338571141931676
N3-K1_fold4_seed20261004,N3-K1,4,20261004,65,0.02570489189997011,0.2480662706248491,0.0744156979858778,0.036938109962040847
N3-K1_fold4_seed20261004,N3-K1,4,20261004,66,0.03307761283251968,0.24998028745373274,0.07909520245497838,0.0445599592794713
N3-K1_fold4_seed20261004,N3-K1,4,20261004,67,0.030586828733685366,0.2503419249025652,0.07767055526161923,0.05122187363937292
N3-K1_fold4_seed20261005,N3-K1,4,20261005,60,0.02640231144764372,0.21792574893636166,0.06265444953655006,0.021847530239467672
N3-K1_fold4_seed20261005,N3-K1,4,20261005,61,0.027099730995317328,0.21222814461631445,0.061256871158937215,0.019146938482230636
N3-K1_fold4_seed20261005,N3-K1,4,20261005,62,0.02879346418252466,0.21461790698840072,0.06315459250403012,0.01843954944103774
N3-K1_fold4_seed20261005,N3-K1,4,20261005,63,0.028295307362757795,0.21699984550676363,0.0638042300920035,0.01687350817672637
N3-K1_fold4_seed20261005,N3-K1,4,20261005,64,0.029391252366244895,0.2148123404483687,0.06359768592801004,0.021995803712955606
N3-K1_fold4_seed20261005,N3-K1,4,20261005,65,0.02570489189997011,0.20887754316628596,0.059263963670321974,0.017767480329607246
N3-K1_fold4_seed20261005,N3-K1,4,20261005,66,0.03307761283251968,0.21161092439219747,0.06500136100555766,0.01973870266223681
N3-K1_fold4_seed20261005,N3-K1,4,20261005,67,0.030586828733685366,0.21078081533369494,0.06307560485085117,0.01938002785199031
N3-K1_fold4_seed20261006,N3-K1,4,20261006,60,0.02640231144764372,0.1975566665420066,0.05477786119989721,0.05009925944675275
N3-K1_fold4_seed20261006,N3-K1,4,20261006,61,0.027099730995317328,0.19658491624676708,0.05466538317090931,0.06376712804931976
N3-K1_fold4_seed20261006,N3-K1,4,20261006,62,0.02879346418252466,0.19330163342509155,0.05437781010943959,0.115382995243824
N3-K1_fold4_seed20261006,N3-K1,4,20261006,63,0.028295307362757795,0.19018878155315255,0.053071561845097114,0.08918389035337938
N3-K1_fold4_seed20261006,N3-K1,4,20261006,64,0.029391252366244895,0.1870009498623998,0.0525359847371439,0.12170998931276567
N3-K1_fold4_seed20261006,N3-K1,4,20261006,65,0.02570489189997011,0.19033826876592472,0.051502731975780786,0.10388398551941033
N3-K1_fold4_seed20261006,N3-K1,4,20261006,66,0.03307761283251968,0.18817852836744237,0.05523895936227308,0.10711181286121348
N3-K1_fold4_seed20261006,N3-K1,4,20261006,67,0.030586828733685366,0.18637636096805268,0.05328567997371297,0.10616311969571995
N3-K3_fold1_seed20261002,N3-K3,1,20261002,26,0.012453920494171565,0.4813831677567507,0.23316725376025033,0.010237828448231623
N3-K3_fold1_seed20261002,N3-K3,1,20261002,27,0.01384875958951878,0.4827833915794848,0.2343081729691425,0.012436528339928692
N3-K3_fold1_seed20261002,N3-K3,1,20261002,28,0.015343230048819368,0.4820480623491189,0.2338980119927825,0.011841795195498803
N3-K3_fold1_seed20261002,N3-K3,1,20261002,29,0.015542492776726114,0.48125571042183046,0.23293737689882069,0.014095601316333722
N3-K3_fold1_seed20261002,N3-K3,1,20261002,30,0.015542492776726114,0.4809706101614235,0.23264264801546594,0.014550953251442116
N3-K3_fold1_seed20261002,N3-K3,1,20261002,31,0.015642124140679486,0.4818713565621098,0.23339016600288545,0.017017922696516145
N3-K3_fold1_seed20261002,N3-K3,1,20261002,32,0.017335857327886818,0.4810455860338545,0.23271429883274108,0.018046462095050068
N3-K3_fold1_seed20261002,N3-K3,1,20261002,33,0.018033276875560427,0.4804798517134624,0.2320944392164799,0.023746302065425627
N3-K3_fold1_seed20261002,N3-K3,1,20261002,34,0.016140280960446347,0.4823369007565254,0.23390521292190578,0.016311594674747527
N3-K3_fold1_seed20261002,N3-K3,1,20261002,35,0.0170369632360267,0.4812132163269283,0.23303979726846208,0.016950279380490277
N3-K3_fold1_seed20261002,N3-K3,1,20261002,36,0.016837700508119956,0.48179652852705723,0.23338250017306902,0.01877743324771758
N3-K3_fold1_seed20261002,N3-K3,1,20261002,37,0.016837700508119956,0.4812201319300504,0.23270321276444877,0.020531566066648556
N3-K3_fold1_seed20261002,N3-K3,1,20261002,38,0.016040649596492977,0.48382036975601306,0.2351617140601459,0.017027976871463818
N3-K3_fold1_seed20261003,N3-K3,1,20261003,26,0.012453920494171565,0.2779829773055014,0.08348919551512818,0.010102225194262314
N3-K3_fold1_seed20261003,N3-K3,1,20261003,27,0.01384875958951878,0.27738808005966764,0.08385130602727311,0.011742975495913886
N3-K3_fold1_seed20261003,N3-K3,1,20261003,28,0.015343230048819368,0.27521566764692423,0.0833558842843176,0.014084415261676652
N3-K3_fold1_seed20261003,N3-K3,1,20261003,29,0.015542492776726114,0.2777150344724913,0.08492197336090934,0.015068992093894127
N3-K3_fold1_seed20261003,N3-K3,1,20261003,30,0.015542492776726114,0.28051407138010676,0.08634410757283759,0.012806983905989056
N3-K3_fold1_seed20261003,N3-K3,1,20261003,31,0.015642124140679486,0.284648014460215,0.08882152025926579,0.011553516079017938
N3-K3_fold1_seed20261003,N3-K3,1,20261003,32,0.017335857327886818,0.2812427113041959,0.08764886689788604,0.013322963738762492
N3-K3_fold1_seed20261003,N3-K3,1,20261003,33,0.018033276875560427,0.2809290455670302,0.08764379853079654,0.014791965078502731
N3-K3_fold1_seed20261003,N3-K3,1,20261003,34,0.016140280960446347,0.27918687216792565,0.08575675881454316,0.014189251195957384
N3-K3_fold1_seed20261003,N3-K3,1,20261003,35,0.0170369632360267,0.2804494147990074,0.08691908858282309,0.013710582255840272
N3-K3_fold1_seed20261003,N3-K3,1,20261003,36,0.016837700508119956,0.2829933933074438,0.0881181022735848,0.014391856729291372
N3-K3_fold1_seed20261003,N3-K3,1,20261003,37,0.016837700508119956,0.28265840782771434,0.08766825475863836,0.017069774217476106
N3-K3_fold1_seed20261003,N3-K3,1,20261003,38,0.016040649596492977,0.28214918608824524,0.08726814609425215,0.013278095742784274
N3-K3_fold1_seed20261004,N3-K3,1,20261004,26,0.012453920494171565,0.526422205227103,0.2775917931409608,0.007620014795857185
N3-K3_fold1_seed20261004,N3-K3,1,20261004,27,0.01384875958951878,0.5275850832113267,0.27863671008878266,0.008981803492709918
N3-K3_fold1_seed20261004,N3-K3,1,20261004,28,0.015343230048819368,0.5296080085499378,0.28097344149191006,0.008896872308053829
N3-K3_fold1_seed20261004,N3-K3,1,20261004,29,0.015542492776726114,0.5293887707832623,0.28064730399622195,0.00942306303267415
N3-K3_fold1_seed20261004,N3-K3,1,20261004,30,0.015542492776726114,0.527535835857622,0.27857350869843517,0.010210992762816626
N3-K3_fold1_seed20261004,N3-K3,1,20261004,31,0.015642124140679486,0.5260377664169313,0.27716225608251793,0.010539762838217106
N3-K3_fold1_seed20261004,N3-K3,1,20261004,32,0.017335857327886818,0.5306459116746763,0.28200474672491965,0.010161876623095506
N3-K3_fold1_seed20261004,N3-K3,1,20261004,33,0.018033276875560427,0.5313904068797215,0.28253746651466377,0.011531582095045564
N3-K3_fold1_seed20261004,N3-K3,1,20261004,34,0.016140280960446347,0.528901432103223,0.2797732970208748,0.01201818400152535
N3-K3_fold1_seed20261004,N3-K3,1,20261004,35,0.0170369632360267,0.5298822424367051,0.2809910103806534,0.010387083691047034
N3-K3_fold1_seed20261004,N3-K3,1,20261004,36,0.016837700508119956,0.5286472968831973,0.27930099413836834,0.01755201990056989
N3-K3_fold1_seed20261004,N3-K3,1,20261004,37,0.016837700508119956,0.5295375118512909,0.280031472747457,0.023754418824277267
N3-K3_fold1_seed20261004,N3-K3,1,20261004,38,0.016040649596492977,0.5286387761450657,0.27928958117984637,0.01674399966254652
N3-K3_fold1_seed20261005,N3-K3,1,20261005,26,0.012453920494171565,0.28228086709873046,0.0852903744432088,0.03901830065862078
N3-K3_fold1_seed20261005,N3-K3,1,20261005,27,0.01384875958951878,0.28166836509393967,0.08553586823765524,0.04394815319509291
N3-K3_fold1_seed20261005,N3-K3,1,20261005,28,0.015343230048819368,0.28161193526809153,0.0860997244942014,0.06332977443130594
N3-K3_fold1_seed20261005,N3-K3,1,20261005,29,0.015542492776726114,0.2804306561899175,0.08554717493353846,0.0591558409142352
N3-K3_fold1_seed20261005,N3-K3,1,20261005,30,0.015542492776726114,0.2793366823324483,0.08492987370005374,0.0590220612631755
N3-K3_fold1_seed20261005,N3-K3,1,20261005,31,0.015642124140679486,0.27644991715785733,0.08348456999996666,0.06059292821056276
N3-K3_fold1_seed20261005,N3-K3,1,20261005,32,0.017335857327886818,0.27954390073144864,0.08569928931071936,0.07149777469396625
N3-K3_fold1_seed20261005,N3-K3,1,20261005,33,0.018033276875560427,0.2813618931596454,0.08689153503108984,0.07528242563197046
N3-K3_fold1_seed20261005,N3-K3,1,20261005,34,0.016140280960446347,0.28437837436905666,0.08757214200953638,0.07227425652395059
N3-K3_fold1_seed20261005,N3-K3,1,20261005,35,0.0170369632360267,0.28579559099360335,0.08876851819462521,0.06632203145804987
N3-K3_fold1_seed20261005,N3-K3,1,20261005,36,0.016837700508119956,0.28253506415807567,0.08677651362216603,0.09997816698453871
N3-K3_fold1_seed20261005,N3-K3,1,20261005,37,0.016837700508119956,0.28373602879696164,0.08739812617702197,0.096970087145638
N3-K3_fold1_seed20261005,N3-K3,1,20261005,38,0.016040649596492977,0.28747434308453934,0.08916365385558098,0.07924392028241624
N3-K3_fold1_seed20261006,N3-K3,1,20261006,26,0.012453920494171565,0.2395506174019106,0.06445877592173105,0.009918586716241086
N3-K3_fold1_seed20261006,N3-K3,1,20261006,27,0.01384875958951878,0.23874200829154718,0.06495542863106975,0.012155078530752483
N3-K3_fold1_seed20261006,N3-K3,1,20261006,28,0.015343230048819368,0.23600640735574813,0.06431391302501119,0.014327854259525676
N3-K3_fold1_seed20261006,N3-K3,1,20261006,29,0.015542492776726114,0.236651156018182,0.06482280693106764,0.014824233191366864
N3-K3_fold1_seed20261006,N3-K3,1,20261006,30,0.015542492776726114,0.2369397321224797,0.06500508213949674,0.014986400608703283
N3-K3_fold1_seed20261006,N3-K3,1,20261006,31,0.015642124140679486,0.23876802067413383,0.06596770508354542,0.014514101783979766
N3-K3_fold1_seed20261006,N3-K3,1,20261006,32,0.017335857327886818,0.236229449207672,0.06548539300335693,0.016749651615133865
N3-K3_fold1_seed20261006,N3-K3,1,20261006,33,0.018033276875560427,0.23577122126677003,0.06569347557051629,0.01629398184023536
N3-K3_fold1_seed20261006,N3-K3,1,20261006,34,0.016140280960446347,0.2340421537824739,0.06370978037151642,0.01585660057917772
N3-K3_fold1_seed20261006,N3-K3,1,20261006,35,0.0170369632360267,0.23313320099593857,0.06373245257579323,0.017756960083543695
N3-K3_fold1_seed20261006,N3-K3,1,20261006,36,0.016837700508119956,0.23347863085812465,0.06382943269209687,0.018879269214024646
N3-K3_fold1_seed20261006,N3-K3,1,20261006,37,0.016837700508119956,0.23324443007550077,0.06380547658807484,0.015852019140936327
N3-K3_fold1_seed20261006,N3-K3,1,20261006,38,0.016040649596492977,0.23281425100646388,0.06300195759041734,0.018792619949528667
N3-K3_fold2_seed20261002,N3-K3,2,20261002,39,0.01693733187207333,0.42590786492936494,0.18492811297563433,0.016321671930557266
N3-K3_fold2_seed20261002,N3-K3,2,20261002,40,0.016738069144166583,0.42866963612105996,0.18674206663647988,0.022077966246198295
N3-K3_fold2_seed20261002,N3-K3,2,20261002,41,0.016837700508119956,0.43092810915388824,0.1893285673775199,0.015324604302410571
N3-K3_fold2_seed20261002,N3-K3,2,20261002,42,0.02251668825346219,0.43610855626515466,0.19461989065638485,0.01814584895097488
N3-K3_fold2_seed20261002,N3-K3,2,20261002,43,0.018631065059280662,0.44852051857418607,0.20520871203273927,0.01249699965910084
N3-K3_fold2_seed20261002,N3-K3,2,20261002,44,0.01902959051509415,0.44508273346631394,0.2020642423755168,0.014366070402661524
N3-K3_fold2_seed20261002,N3-K3,2,20261002,45,0.01773438278370031,0.4607693626958826,0.21601047505090357,0.011530071331637545
N3-K3_fold2_seed20261002,N3-K3,2,20261002,46,0.017236225963933448,0.4462815987924404,0.20307843191539687,0.011246584236195609
N3-K3_fold2_seed20261002,N3-K3,2,20261002,47,0.02012553551858125,0.47408702592990504,0.23022667219940018,0.012337166920319494
N3-K3_fold2_seed20261002,N3-K3,2,20261002,48,0.019228853243000898,0.48332030403277115,0.2394173911916209,0.011049790549683698
N3-K3_fold2_seed20261002,N3-K3,2,20261002,49,0.019527747334861015,0.48688393583345563,0.2420025760150624,0.011367569852678925
N3-K3_fold2_seed20261002,N3-K3,2,20261002,50,0.018631065059280662,0.4865670890341134,0.2415664791524672,0.01026482866245469
N3-K3_fold2_seed20261002,N3-K3,2,20261002,51,0.01464581050114576,0.45686298862147223,0.2127337423214359,0.009407891875824555
N3-K3_fold2_seed20261003,N3-K3,2,20261003,39,0.01693733187207333,0.22563791521328613,0.06028423179851169,0.027932633795099755
N3-K3_fold2_seed20261003,N3-K3,2,20261003,40,0.016738069144166583,0.22509828420476335,0.05975500063973036,0.03903528659422709
N3-K3_fold2_seed20261003,N3-K3,2,20261003,41,0.016837700508119956,0.22557584378436643,0.0601487927276485,0.028729339441807084
N3-K3_fold2_seed20261003,N3-K3,2,20261003,42,0.02251668825346219,0.2282237153801648,0.06450640901545845,0.032912074890657915
N3-K3_fold2_seed20261003,N3-K3,2,20261003,43,0.018631065059280662,0.24011426415727405,0.06807967892378039,0.01582103617717023
N3-K3_fold2_seed20261003,N3-K3,2,20261003,44,0.01902959051509415,0.2389490396189885,0.06783451472026597,0.018780557532328067
N3-K3_fold2_seed20261003,N3-K3,2,20261003,45,0.01773438278370031,0.23610936646533912,0.06554341206053985,0.0219353514583141
N3-K3_fold2_seed20261003,N3-K3,2,20261003,46,0.017236225963933448,0.2384223132826657,0.06625720446802769,0.013875232970285874
N3-K3_fold2_seed20261003,N3-K3,2,20261003,47,0.02012553551858125,0.23250904339677095,0.06488854872393202,0.026180967001772817
N3-K3_fold2_seed20261003,N3-K3,2,20261003,48,0.019228853243000898,0.24256354566460178,0.06932411630612445,0.01424945962442354
N3-K3_fold2_seed20261003,N3-K3,2,20261003,49,0.019527747334861015,0.2375320845842164,0.0669009839161623,0.02063159751856303
N3-K3_fold2_seed20261003,N3-K3,2,20261003,50,0.018631065059280662,0.2353184345705726,0.06549765934417456,0.019986133986172626
N3-K3_fold2_seed20261003,N3-K3,2,20261003,51,0.01464581050114576,0.23894138820978128,0.06493144097035435,0.016147312125015294
N3-K3_fold2_seed20261004,N3-K3,2,20261004,39,0.01693733187207333,0.4453726797409635,0.20082046098694664,0.029258734114997607
N3-K3_fold2_seed20261004,N3-K3,2,20261004,40,0.016738069144166583,0.45038974105668755,0.2053398243206591,0.032748107006033575
N3-K3_fold2_seed20261004,N3-K3,2,20261004,41,0.016837700508119956,0.444234160342188,0.20012574699293154,0.025338402074448083
N3-K3_fold2_seed20261004,N3-K3,2,20261004,42,0.02251668825346219,0.43929633281692027,0.19646951301021037,0.03997175716001186
N3-K3_fold2_seed20261004,N3-K3,2,20261004,43,0.018631065059280662,0.4340182958573533,0.19136012004484135,0.04386052818825238
N3-K3_fold2_seed20261004,N3-K3,2,20261004,44,0.01902959051509415,0.43442542575220766,0.1917087135116816,0.048689223627996235
N3-K3_fold2_seed20261004,N3-K3,2,20261004,45,0.01773438278370031,0.43083332538820696,0.18838821203166686,0.09010493442265952
N3-K3_fold2_seed20261004,N3-K3,2,20261004,46,0.017236225963933448,0.43683243076402906,0.1937566944862146,0.026606358158708758
N3-K3_fold2_seed20261004,N3-K3,2,20261004,47,0.02012553551858125,0.42854866860678464,0.18684069290816008,0.06822985829449843
N3-K3_fold2_seed20261004,N3-K3,2,20261004,48,0.019228853243000898,0.4311007654103611,0.18918414302814893,0.04052168936878211
N3-K3_fold2_seed20261004,N3-K3,2,20261004,49,0.019527747334861015,0.429401973604283,0.18751906262999604,0.08926785163496093
N3-K3_fold2_seed20261004,N3-K3,2,20261004,50,0.018631065059280662,0.4292521889315235,0.18731734551877757,0.09450372370407273
N3-K3_fold2_seed20261004,N3-K3,2,20261004,51,0.01464581050114576,0.4340795387290291,0.1909593238449045,0.05546803776896603
N3-K3_fold2_seed20261005,N3-K3,2,20261005,39,0.01693733187207333,0.23573323463315743,0.06466346314881645,0.030479781028558958
N3-K3_fold2_seed20261005,N3-K3,2,20261005,40,0.016738069144166583,0.23887293452327968,0.06592931965485431,0.027584406444637947
N3-K3_fold2_seed20261005,N3-K3,2,20261005,41,0.016837700508119956,0.23610620278366043,0.06457836417134592,0.043265000802158116
N3-K3_fold2_seed20261005,N3-K3,2,20261005,42,0.02251668825346219,0.23209636624539004,0.06548803766239285,0.06879025965279133
N3-K3_fold2_seed20261005,N3-K3,2,20261005,43,0.018631065059280662,0.23378858551940693,0.06467802036527537,0.04788864206563839
N3-K3_fold2_seed20261005,N3-K3,2,20261005,44,0.01902959051509415,0.229315214582552,0.06255924612867006,0.061516387489776524
N3-K3_fold2_seed20261005,N3-K3,2,20261005,45,0.01773438278370031,0.22879451436296017,0.06153248537179115,0.07446362526388016
N3-K3_fold2_seed20261005,N3-K3,2,20261005,46,0.017236225963933448,0.24025069224682136,0.06665996794478038,0.04167368506507898
N3-K3_fold2_seed20261005,N3-K3,2,20261005,47,0.02012553551858125,0.24155307909460183,0.06871916646406037,0.03988287513660146
N3-K3_fold2_seed20261005,N3-K3,2,20261005,48,0.019228853243000898,0.2430705828818261,0.06900894988401218,0.03870843798483912
N3-K3_fold2_seed20261005,N3-K3,2,20261005,49,0.019527747334861015,0.23699415447561295,0.06627768489749063,0.04795429434296617
N3-K3_fold2_seed20261005,N3-K3,2,20261005,50,0.018631065059280662,0.23178464771842358,0.06350925631860946,0.04419189265147592
N3-K3_fold2_seed20261005,N3-K3,2,20261005,51,0.01464581050114576,0.23641328298028005,0.06368163331708554,0.031000307140756942
N3-K3_fold2_seed20261006,N3-K3,2,20261006,39,0.01693733187207333,0.18815960109369184,0.04651692298755536,0.013457745681436603
N3-K3_fold2_seed20261006,N3-K3,2,20261006,40,0.016738069144166583,0.1844774267634959,0.04514959154932406,0.012514885295449339
N3-K3_fold2_seed20261006,N3-K3,2,20261006,41,0.016837700508119956,0.18605030087069313,0.04564582282525326,0.015156370240828703
N3-K3_fold2_seed20261006,N3-K3,2,20261006,42,0.02251668825346219,0.18790615902202326,0.04989481559676959,0.020086387892339564
N3-K3_fold2_seed20261006,N3-K3,2,20261006,43,0.018631065059280662,0.1851553679019432,0.046687588600827716,0.015842339141456434
N3-K3_fold2_seed20261006,N3-K3,2,20261006,44,0.01902959051509415,0.19067792702922143,0.04892298099783125,0.012869037688803677
N3-K3_fold2_seed20261006,N3-K3,2,20261006,45,0.01773438278370031,0.1873173696537837,0.046871330328207325,0.012485594027395245
N3-K3_fold2_seed20261006,N3-K3,2,20261006,46,0.017236225963933448,0.1762207391967086,0.04228676273457909,0.032079564771673
N3-K3_fold2_seed20261006,N3-K3,2,20261006,47,0.02012553551858125,0.184851544552969,0.04738444494366397,0.01677386992466383
N3-K3_fold2_seed20261006,N3-K3,2,20261006,48,0.019228853243000898,0.18452693824168503,0.046814759495557016,0.016239841916752613
N3-K3_fold2_seed20261006,N3-K3,2,20261006,49,0.019527747334861015,0.19539090008165333,0.05109381677638255,0.012664605376393672
N3-K3_fold2_seed20261006,N3-K3,2,20261006,50,0.018631065059280662,0.19572025535261872,0.05072607439263488,0.012283784029752725
N3-K3_fold2_seed20261006,N3-K3,2,20261006,51,0.01464581050114576,0.18334178706955062,0.043377228903564456,0.015002857478209094
N3-K3_fold3_seed20261002,N3-K3,3,20261002,52,0.011656869582544586,0.41406083043916403,0.17655879773544392,0.006478306324134731
N3-K3_fold3_seed20261002,N3-K3,3,20261002,53,0.016638437780213212,0.40642581069058953,0.1724862742603936,0.009104801973182426
N3-K3_fold3_seed20261002,N3-K3,3,20261002,54,0.02022516688253462,0.43022645177149277,0.19269325022063832,0.010872107359226004
N3-K3_fold3_seed20261002,N3-K3,3,20261002,55,0.01972701006276776,0.42853194933692473,0.1914247315823361,0.010581861347398913
N3-K3_fold3_seed20261002,N3-K3,3,20261002,56,0.014745441865099133,0.43886486257258017,0.1985581412615384,0.007779039602892614
N3-K3_fold3_seed20261002,N3-K3,3,20261002,57,0.016638437780213212,0.41772346104838953,0.18073460836807453,0.00903013292026407
N3-K3_fold3_seed20261002,N3-K3,3,20261002,58,0.016638437780213212,0.3971197966510369,0.164163854385679,0.009311129156773474
N3-K3_fold3_seed20261002,N3-K3,3,20261002,59,0.022616319617415562,0.40154939565132636,0.17020017946821353,0.01280286811483628
N3-K3_fold3_seed20261003,N3-K3,3,20261003,52,0.011656869582544586,0.1899906249046328,0.04327798021490598,0.034624122547157334
N3-K3_fold3_seed20261003,N3-K3,3,20261003,53,0.016638437780213212,0.19317253443061255,0.047426685308308056,0.03976713012425061
N3-K3_fold3_seed20261003,N3-K3,3,20261003,54,0.02022516688253462,0.18521212354864738,0.046565429630084,0.06158054062642075
N3-K3_fold3_seed20261003,N3-K3,3,20261003,55,0.01972701006276776,0.19056022240005074,0.04823172931174799,0.06011463346584288
N3-K3_fold3_seed20261003,N3-K3,3,20261003,56,0.014745441865099133,0.19060692178171101,0.04540725906533682,0.03262272068583845
N3-K3_fold3_seed20261003,N3-K3,3,20261003,57,0.016638437780213212,0.19103974403728768,0.046633808107635406,0.03945078472912498
N3-K3_fold3_seed20261003,N3-K3,3,20261003,58,0.016638437780213212,0.19118914741424373,0.04676998460622194,0.030433496095174675
N3-K3_fold3_seed20261003,N3-K3,3,20261003,59,0.022616319617415562,0.19231431399748622,0.05103088298036017,0.029020430515065775
N3-K3_fold3_seed20261004,N3-K3,3,20261004,52,0.011656869582544586,0.34608251178912935,0.12416120509561246,0.007610923556796827
N3-K3_fold3_seed20261004,N3-K3,3,20261004,53,0.016638437780213212,0.3476802293162929,0.12711260261897844,0.010150515843341762
N3-K3_fold3_seed20261004,N3-K3,3,20261004,54,0.02022516688253462,0.3439826527007452,0.12567910376983485,0.018118437227688862
N3-K3_fold3_seed20261004,N3-K3,3,20261004,55,0.01972701006276776,0.34827992204599934,0.12872436815935331,0.011497248498563194
N3-K3_fold3_seed20261004,N3-K3,3,20261004,56,0.014745441865099133,0.34778907056581543,0.1266164749360671,0.009288030917008786
N3-K3_fold3_seed20261004,N3-K3,3,20261004,57,0.016638437780213212,0.3487992664263353,0.1279181131075958,0.009765200925113507
N3-K3_fold3_seed20261004,N3-K3,3,20261004,58,0.016638437780213212,0.3508295733935386,0.1293370011999812,0.009370516082609512
N3-K3_fold3_seed20261004,N3-K3,3,20261004,59,0.022616319617415562,0.3466515650758163,0.1287572131577614,0.012875560792793365
N3-K3_fold3_seed20261005,N3-K3,3,20261005,52,0.011656869582544586,0.17940997745137804,0.03963271760777039,0.02771068075549404
N3-K3_fold3_seed20261005,N3-K3,3,20261005,53,0.016638437780213212,0.18139065794557738,0.04349254880787068,0.02805532795756435
N3-K3_fold3_seed20261005,N3-K3,3,20261005,54,0.02022516688253462,0.17588755970870915,0.043608493679883974,0.06470847039442676
N3-K3_fold3_seed20261005,N3-K3,3,20261005,55,0.01972701006276776,0.1758260862926707,0.043286546988129546,0.06365373283898014
N3-K3_fold3_seed20261005,N3-K3,3,20261005,56,0.014745441865099133,0.17448867233205412,0.039791274785618586,0.05212030662754867
N3-K3_fold3_seed20261005,N3-K3,3,20261005,57,0.016638437780213212,0.17776621568218537,0.042054481149916174,0.05049975588213267
N3-K3_fold3_seed20261005,N3-K3,3,20261005,58,0.016638437780213212,0.18055464378908795,0.043076650887507624,0.03805347607814898
N3-K3_fold3_seed20261005,N3-K3,3,20261005,59,0.022616319617415562,0.18015954092942615,0.046545017913314606,0.061869831783776225
N3-K3_fold3_seed20261006,N3-K3,3,20261006,52,0.011656869582544586,0.13912573139521342,0.0282238262128197,0.008338279472795362
N3-K3_fold3_seed20261006,N3-K3,3,20261006,53,0.016638437780213212,0.1386792725605955,0.031900535389144086,0.011214949209074985
N3-K3_fold3_seed20261006,N3-K3,3,20261006,54,0.02022516688253462,0.14490476485706574,0.03640161042155218,0.012596589016276461
N3-K3_fold3_seed20261006,N3-K3,3,20261006,55,0.01972701006276776,0.1428805310926743,0.035386799227559045,0.01298443684912153
N3-K3_fold3_seed20261006,N3-K3,3,20261006,56,0.014745441865099133,0.1509886732310655,0.034070607510989635,0.008404462601376839
N3-K3_fold3_seed20261006,N3-K3,3,20261006,57,0.016638437780213212,0.1507377676390205,0.03545956517704197,0.009588567737929382
N3-K3_fold3_seed20261006,N3-K3,3,20261006,58,0.016638437780213212,0.14297100041477914,0.033073268436236196,0.010636881877918418
N3-K3_fold3_seed20261006,N3-K3,3,20261006,59,0.022616319617415562,0.14595600549480012,0.03833240860300159,0.015239320245565709
N3-K3_fold4_seed20261002,N3-K3,4,20261002,60,0.02640231144764372,0.3485220431309926,0.13176237699803287,0.014405016929975308
N3-K3_fold4_seed20261002,N3-K3,4,20261002,61,0.027099730995317328,0.3389135400309254,0.12557710375885958,0.015855020083020054
N3-K3_fold4_seed20261002,N3-K3,4,20261002,62,0.02879346418252466,0.33468935108396797,0.12327725327518492,0.018330803454820074
N3-K3_fold4_seed20261002,N3-K3,4,20261002,63,0.028295307362757795,0.3369896607898122,0.1242620106319198,0.017037275552819416
N3-K3_fold4_seed20261002,N3-K3,4,20261002,64,0.029391252366244895,0.33189797082384725,0.12130676607906508,0.01868203675099103
N3-K3_fold4_seed20261002,N3-K3,4,20261002,65,0.02570489189997011,0.32912910730891787,0.11829654687353004,0.018155596804961757
N3-K3_fold4_seed20261002,N3-K3,4,20261002,66,0.03307761283251968,0.33122790312640704,0.12204042933806131,0.022567137409817663
N3-K3_fold4_seed20261002,N3-K3,4,20261002,67,0.030586828733685366,0.33179065250663897,0.1219826372161294,0.02148654988706384
N3-K3_fold4_seed20261003,N3-K3,4,20261003,60,0.02640231144764372,0.15603422156523136,0.042442051375555644,0.038276290241569595
N3-K3_fold4_seed20261003,N3-K3,4,20261003,61,0.027099730995317328,0.15816229257166958,0.04334625842236439,0.04484293975596194
N3-K3_fold4_seed20261003,N3-K3,4,20261003,62,0.02879346418252466,0.15490399260000184,0.043617589841486795,0.04590645940723943
N3-K3_fold4_seed20261003,N3-K3,4,20261003,63,0.028295307362757795,0.15850495660317884,0.04454185936971044,0.03711347972509285
N3-K3_fold4_seed20261003,N3-K3,4,20261003,64,0.029391252366244895,0.1559764746620933,0.04431740481390751,0.04833991622558326
N3-K3_fold4_seed20261003,N3-K3,4,20261003,65,0.02570489189997011,0.1534426792089173,0.040877713443157535,0.05827048022375103
N3-K3_fold4_seed20261003,N3-K3,4,20261003,66,0.03307761283251968,0.15522533897192717,0.04634096548475047,0.07046784532660808
N3-K3_fold4_seed20261003,N3-K3,4,20261003,67,0.030586828733685366,0.15573723436856768,0.04508142914339856,0.049223060637661936
N3-K3_fold4_seed20261004,N3-K3,4,20261004,60,0.02640231144764372,0.26729828959860974,0.08497141594506767,0.016404783250388057
N3-K3_fold4_seed20261004,N3-K3,4,20261004,61,0.027099730995317328,0.2731741747445906,0.08827289635468759,0.016038181182383742
N3-K3_fold4_seed20261004,N3-K3,4,20261004,62,0.02879346418252466,0.26957187208199734,0.08723907260790738,0.017453587353319172
N3-K3_fold4_seed20261004,N3-K3,4,20261004,63,0.028295307362757795,0.26857090245556875,0.08623339475781075,0.018762412349460675
N3-K3_fold4_seed20261004,N3-K3,4,20261004,64,0.029391252366244895,0.2730387195483235,0.0892640433156449,0.01743138307821201
N3-K3_fold4_seed20261004,N3-K3,4,20261004,65,0.02570489189997011,0.27650758849898,0.08932546218854807,0.014675838334987437
N3-K3_fold4_seed20261004,N3-K3,4,20261004,66,0.03307761283251968,0.27585580149683875,0.09230866057990345,0.019724281465915337
N3-K3_fold4_seed20261004,N3-K3,4,20261004,67,0.030586828733685366,0.2746565856181336,0.09084027226288702,0.017344963103141098
N3-K3_fold4_seed20261005,N3-K3,4,20261005,60,0.02640231144764372,0.1379359457662775,0.037539417055025476,0.08882358511938088
N3-K3_fold4_seed20261005,N3-K3,4,20261005,61,0.027099730995317328,0.13865760221789272,0.038155720457025075,0.09088368464783701
N3-K3_fold4_seed20261005,N3-K3,4,20261005,62,0.02879346418252466,0.13978741781677967,0.039548960121841364,0.10152559325802096
N3-K3_fold4_seed20261005,N3-K3,4,20261005,63,0.028295307362757795,0.14029588243602323,0.039707613227939136,0.06724152738054565
N3-K3_fold4_seed20261005,N3-K3,4,20261005,64,0.029391252366244895,0.14232464138981427,0.04085863207548484,0.07966005102590762
N3-K3_fold4_seed20261005,N3-K3,4,20261005,65,0.02570489189997011,0.14190183283575145,0.03814070985389391,0.07211400115283319
N3-K3_fold4_seed20261005,N3-K3,4,20261005,66,0.03307761283251968,0.14162250941280502,0.04339911609312825,0.07367836439207742
N3-K3_fold4_seed20261005,N3-K3,4,20261005,67,0.030586828733685366,0.142934804763833,0.041866093737549105,0.0700122853974765
N3-K3_fold4_seed20261006,N3-K3,4,20261006,60,0.02640231144764372,0.11110520087787897,0.03345958393898038,0.019270835392797503
N3-K3_fold4_seed20261006,N3-K3,4,20261006,61,0.027099730995317328,0.11151852080330739,0.03409967076350937,0.021148050931415804
N3-K3_fold4_seed20261006,N3-K3,4,20261006,62,0.02879346418252466,0.11223694269112897,0.035561891076193175,0.02206503574704712
N3-K3_fold4_seed20261006,N3-K3,4,20261006,63,0.028295307362757795,0.1148579762327462,0.03586435408427725,0.01965278991023184
N3-K3_fold4_seed20261006,N3-K3,4,20261006,64,0.029391252366244895,0.11325047817025213,0.03628480985099191,0.02131837188471037
N3-K3_fold4_seed20261006,N3-K3,4,20261006,65,0.02570489189997011,0.11101467209418815,0.03288628886912506,0.019691159099781887
N3-K3_fold4_seed20261006,N3-K3,4,20261006,66,0.03307761283251968,0.11131741520223906,0.0386537794406355,0.027116359901281754
N3-K3_fold4_seed20261006,N3-K3,4,20261006,67,0.030586828733685366,0.1128171076123845,0.037100053657362075,0.02292894013268488
N4-E12_fold1_seed20261002,N4-E12,1,20261002,26,0.012453920494171565,0.4813831683055147,0.23316725449303885,0.010237828448231623
N4-E12_fold1_seed20261002,N4-E12,1,20261002,27,0.01384875958951878,0.4827833915534643,0.23430817301416926,0.012436528339928692
N4-E12_fold1_seed20261002,N4-E12,1,20261002,28,0.015343230048819368,0.48204806211812823,0.23389801184398917,0.011841795195498803
N4-E12_fold1_seed20261002,N4-E12,1,20261002,29,0.015542492776726114,0.4812557106578887,0.2329373771590989,0.014095614020707773
N4-E12_fold1_seed20261002,N4-E12,1,20261002,30,0.015542492776726114,0.48097061025136373,0.23264264810136095,0.014550953251442116
N4-E12_fold1_seed20261002,N4-E12,1,20261002,31,0.015642124140679486,0.48187135681011833,0.2333901663087343,0.017017922696516145
N4-E12_fold1_seed20261002,N4-E12,1,20261002,32,0.017335857327886818,0.4810455863600047,0.23271429919484485,0.018046462095050068
N4-E12_fold1_seed20261002,N4-E12,1,20261002,33,0.018033276875560427,0.48047985196064436,0.23209443949013062,0.023746302065425627
N4-E12_fold1_seed20261002,N4-E12,1,20261002,34,0.016140280960446347,0.4823369010434443,0.23390521323664948,0.016311594674747527
N4-E12_fold1_seed20261002,N4-E12,1,20261002,35,0.0170369632360267,0.48121321672733103,0.23303979779415426,0.016950279380490277
N4-E12_fold1_seed20261002,N4-E12,1,20261002,36,0.016837700508119956,0.48179652878917284,0.23338250044550288,0.01877743324771758
N4-E12_fold1_seed20261002,N4-E12,1,20261002,37,0.016837700508119956,0.48122013225667903,0.23270321308213163,0.020531588295732157
N4-E12_fold1_seed20261002,N4-E12,1,20261002,38,0.016040649596492977,0.4838203699468979,0.2351617142440313,0.017027995892556234
N4-E12_fold1_seed20261003,N4-E12,1,20261003,26,0.012453920494171565,0.2779829761853829,0.08348919471172851,0.010102236935708693
N4-E12_fold1_seed20261003,N4-E12,1,20261003,27,0.01384875958951878,0.2773880790836796,0.08385130522478008,0.011742998308503089
N4-E12_fold1_seed20261003,N4-E12,1,20261003,28,0.015343230048819368,0.27521566697144845,0.08335588383824817,0.014084404610803215
N4-E12_fold1_seed20261003,N4-E12,1,20261003,29,0.015542492776726114,0.27771503287984767,0.08492197230227833,0.015068992093894127
N4-E12_fold1_seed20261003,N4-E12,1,20261003,30,0.015542492776726114,0.28051406962367037,0.0863441063664495,0.012806983905989056
N4-E12_fold1_seed20261003,N4-E12,1,20261003,31,0.015642124140679486,0.28464801245044213,0.08882151903124959,0.011553530241797276
N4-E12_fold1_seed20261003,N4-E12,1,20261003,32,0.017335857327886818,0.28124271013534974,0.0876488660820447,0.013322963738762492
N4-E12_fold1_seed20261003,N4-E12,1,20261003,33,0.018033276875560427,0.2809290435444465,0.08764379725802256,0.01479196507850273
N4-E12_fold1_seed20261003,N4-E12,1,20261003,34,0.016140280960446347,0.27918686950368643,0.08575675710401681,0.014189263599779407
N4-E12_fold1_seed20261003,N4-E12,1,20261003,35,0.0170369632360267,0.2804494124798457,0.08691908714969056,0.013710592546376415
N4-E12_fold1_seed20261003,N4-E12,1,20261003,36,0.016837700508119956,0.2829933900627472,0.08811810028201761,0.014391856729291372
N4-E12_fold1_seed20261003,N4-E12,1,20261003,37,0.016837700508119956,0.28265840460732516,0.08766825281223328,0.017069774217476106
N4-E12_fold1_seed20261003,N4-E12,1,20261003,38,0.016040649596492977,0.28214918351552865,0.0872681445749769,0.013278095742784274
N4-E12_fold1_seed20261004,N4-E12,1,20261004,26,0.012453920494171565,0.5264222023803887,0.27759179011863355,0.007620014795857185
N4-E12_fold1_seed20261004,N4-E12,1,20261004,27,0.01384875958951878,0.5275850805365231,0.27863670733079493,0.008981813597071196
N4-E12_fold1_seed20261004,N4-E12,1,20261004,28,0.015343230048819368,0.5296080054623514,0.28097343826804627,0.008896872308053829
N4-E12_fold1_seed20261004,N4-E12,1,20261004,29,0.015542492776726114,0.5293887677490656,0.28064730067965815,0.009423069009530757
N4-E12_fold1_seed20261004,N4-E12,1,20261004,30,0.015542492776726114,0.5275358331657433,0.2785735059673912,0.010210992762816626
N4-E12_fold1_seed20261004,N4-E12,1,20261004,31,0.015642124140679486,0.5260377634628108,0.2771622530849732,0.010539751870342519
N4-E12_fold1_seed20261004,N4-E12,1,20261004,32,0.017335857327886818,0.5306459086366615,0.2820047435188805,0.010161879466953277
N4-E12_fold1_seed20261004,N4-E12,1,20261004,33,0.018033276875560427,0.5313904042114351,0.2825374636351358,0.011531582095045564
N4-E12_fold1_seed20261004,N4-E12,1,20261004,34,0.016140280960446347,0.5289014285405859,0.27977329323861144,0.012018224464058234
N4-E12_fold1_seed20261004,N4-E12,1,20261004,35,0.0170369632360267,0.5298822391595971,0.280991007091861,0.010387083691047034
N4-E12_fold1_seed20261004,N4-E12,1,20261004,36,0.016837700508119956,0.5286472937643671,0.27930099100702566,0.01755200786030848
N4-E12_fold1_seed20261004,N4-E12,1,20261004,37,0.016837700508119956,0.5295375085308638,0.2800314692431353,0.023754418824277267
N4-E12_fold1_seed20261004,N4-E12,1,20261004,38,0.016040649596492977,0.5286387727995673,0.27928957768246737,0.016744094530278135
N4-E12_fold1_seed20261005,N4-E12,1,20261005,26,0.012453920494171565,0.28228086905417765,0.08529037544814567,0.03901830065862078
N4-E12_fold1_seed20261005,N4-E12,1,20261005,27,0.01384875958951878,0.281668367333061,0.08553586937143583,0.043948153195092904
N4-E12_fold1_seed20261005,N4-E12,1,20261005,28,0.015343230048819368,0.28161193779598814,0.08609972574282446,0.06332977443130594
N4-E12_fold1_seed20261005,N4-E12,1,20261005,29,0.015542492776726114,0.28043065876385403,0.08554717622469739,0.059155020458489874
N4-E12_fold1_seed20261005,N4-E12,1,20261005,30,0.015542492776726114,0.2793366848775625,0.08492987497852798,0.0590220612631755
N4-E12_fold1_seed20261005,N4-E12,1,20261005,31,0.015642124140679486,0.27644991986742345,0.08348457137679774,0.060593036786535596
N4-E12_fold1_seed20261005,N4-E12,1,20261005,32,0.017335857327886818,0.2795439034550716,0.08569929070004033,0.07149777469396625
N4-E12_fold1_seed20261005,N4-E12,1,20261005,33,0.018033276875560427,0.2813618958573126,0.086891536409009,0.07528242563197046
N4-E12_fold1_seed20261005,N4-E12,1,20261005,34,0.016140280960446347,0.2843783768458457,0.08757214325346131,0.07227425652395059
N4-E12_fold1_seed20261005,N4-E12,1,20261005,35,0.0170369632360267,0.2857955932763119,0.08876851935896769,0.06632145977336369
N4-E12_fold1_seed20261005,N4-E12,1,20261005,36,0.016837700508119956,0.2825350666978983,0.08677651499203747,0.09997816698453871
N4-E12_fold1_seed20261005,N4-E12,1,20261005,37,0.016837700508119956,0.2837360312975474,0.08739812750198567,0.096970087145638
N4-E12_fold1_seed20261005,N4-E12,1,20261005,38,0.016040649596492977,0.2874743453698817,0.08916365507563676,0.07924392028241622
N4-E12_fold1_seed20261006,N4-E12,1,20261006,26,0.012453920494171565,0.23955061734060365,0.06445877589994022,0.00991860084857202
N4-E12_fold1_seed20261006,N4-E12,1,20261006,27,0.01384875958951878,0.2387420080247721,0.06495542851766409,0.012155078530752483
N4-E12_fold1_seed20261006,N4-E12,1,20261006,28,0.015343230048819368,0.2360064071930722,0.06431391295491516,0.014327854259525676
N4-E12_fold1_seed20261006,N4-E12,1,20261006,29,0.015542492776726114,0.23665115591294084,0.06482280682444516,0.014824275468000633
N4-E12_fold1_seed20261006,N4-E12,1,20261006,30,0.015542492776726114,0.23693973216045638,0.06500508215039173,0.0149864296721616
N4-E12_fold1_seed20261006,N4-E12,1,20261006,31,0.015642124140679486,0.23876802114010665,0.06596770530132541,0.014514101783979766
N4-E12_fold1_seed20261006,N4-E12,1,20261006,32,0.017335857327886818,0.23622944898171616,0.06548539295959303,0.01674962511248671
N4-E12_fold1_seed20261006,N4-E12,1,20261006,33,0.018033276875560427,0.23577122151790655,0.06569347564471636,0.0162940004861155
N4-E12_fold1_seed20261006,N4-E12,1,20261006,34,0.016140280960446347,0.23404215392955618,0.06370978039477627,0.01585657010415097
N4-E12_fold1_seed20261006,N4-E12,1,20261006,35,0.0170369632360267,0.23313320086192796,0.06373245249500113,0.017756960083543695
N4-E12_fold1_seed20261006,N4-E12,1,20261006,36,0.016837700508119956,0.23347863094926619,0.0638294326981993,0.018879289253596707
N4-E12_fold1_seed20261006,N4-E12,1,20261006,37,0.016837700508119956,0.23324443004681125,0.06380547663158412,0.01585206996607576
N4-E12_fold1_seed20261006,N4-E12,1,20261006,38,0.016040649596492977,0.23281425079041188,0.0630019573910501,0.01879256128523256
N4-E12_fold2_seed20261002,N4-E12,2,20261002,39,0.01693733187207333,0.42590786728996316,0.18492811485966312,0.016321671930557266
N4-E12_fold2_seed20261002,N4-E12,2,20261002,40,0.016738069144166583,0.42866963875545605,0.1867420688730324,0.022077966246198295
N4-E12_fold2_seed20261002,N4-E12,2,20261002,41,0.016837700508119956,0.4309281111805701,0.18932856901755166,0.015324604302410571
N4-E12_fold2_seed20261002,N4-E12,2,20261002,42,0.02251668825346219,0.4361085587290763,0.1946198927784291,0.01814584895097488
N4-E12_fold2_seed20261002,N4-E12,2,20261002,43,0.018631065059280662,0.44852052085104666,0.20520871399626903,0.012496987375996324
N4-E12_fold2_seed20261002,N4-E12,2,20261002,44,0.01902959051509415,0.445082735339716,0.20206424414762836,0.014366052815318857
N4-E12_fold2_seed20261002,N4-E12,2,20261002,45,0.01773438278370031,0.4607693649166641,0.21601047714320434,0.011530071331637545
N4-E12_fold2_seed20261002,N4-E12,2,20261002,46,0.017236225963933448,0.44628160133909056,0.2030784341299037,0.011246584236195609
N4-E12_fold2_seed20261002,N4-E12,2,20261002,47,0.02012553551858125,0.4740870288616629,0.23022667508519498,0.01233715736501185
N4-E12_fold2_seed20261002,N4-E12,2,20261002,48,0.019228853243000898,0.48332030650170266,0.23941739388864516,0.011049788830024424
N4-E12_fold2_seed20261002,N4-E12,2,20261002,49,0.019527747334861015,0.4868839382172442,0.24200257851281493,0.011367569852678925
N4-E12_fold2_seed20261002,N4-E12,2,20261002,50,0.018631065059280662,0.4865670918192951,0.241566481984274,0.010264820819317205
N4-E12_fold2_seed20261002,N4-E12,2,20261002,51,0.01464581050114576,0.45686299160968846,0.21273374512920748,0.009407891875824555
N4-E12_fold2_seed20261003,N4-E12,2,20261003,39,0.01693733187207333,0.2256379170468197,0.060284232537900266,0.027932477856489668
N4-E12_fold2_seed20261003,N4-E12,2,20261003,40,0.016738069144166583,0.22509828533638343,0.059755001013208756,0.039035335051730624
N4-E12_fold2_seed20261003,N4-E12,2,20261003,41,0.016837700508119956,0.22557584460520563,0.060148793065316924,0.028729339441807084
N4-E12_fold2_seed20261003,N4-E12,2,20261003,42,0.02251668825346219,0.22822371689575024,0.06450640962684437,0.032912074890657915
N4-E12_fold2_seed20261003,N4-E12,2,20261003,43,0.018631065059280662,0.2401142655632544,0.06807967956975072,0.015821049367012455
N4-E12_fold2_seed20261003,N4-E12,2,20261003,44,0.01902959051509415,0.23894904107947545,0.06783451547623369,0.01878053687601785
N4-E12_fold2_seed20261003,N4-E12,2,20261003,45,0.01773438278370031,0.23610936740248725,0.0655434125026825,0.0219353514583141
N4-E12_fold2_seed20261003,N4-E12,2,20261003,46,0.017236225963933448,0.2384223146724099,0.06625720514263456,0.013875200817067621
N4-E12_fold2_seed20261003,N4-E12,2,20261003,47,0.02012553551858125,0.23250904432872582,0.0648885491573002,0.026180967001772817
N4-E12_fold2_seed20261003,N4-E12,2,20261003,48,0.019228853243000898,0.24256354670691244,0.06932411674079984,0.01424945962442354
N4-E12_fold2_seed20261003,N4-E12,2,20261003,49,0.019527747334861015,0.23753208520550487,0.06690098419206655,0.02063153798574033
N4-E12_fold2_seed20261003,N4-E12,2,20261003,50,0.018631065059280662,0.23531843472477743,0.0654976594523608,0.019986108383439276
N4-E12_fold2_seed20261003,N4-E12,2,20261003,51,0.01464581050114576,0.23894139033439385,0.06493144197816385,0.016147271699828745
N4-E12_fold2_seed20261004,N4-E12,2,20261004,39,0.01693733187207333,0.44537267729994334,0.2008204589002631,0.029258734114997607
N4-E12_fold2_seed20261004,N4-E12,2,20261004,40,0.016738069144166583,0.4503897384595606,0.2053398217911467,0.032748107006033575
N4-E12_fold2_seed20261004,N4-E12,2,20261004,41,0.016837700508119956,0.44423415941523736,0.20012574600842253,0.02533843219420595
N4-E12_fold2_seed20261004,N4-E12,2,20261004,42,0.02251668825346219,0.43929633400206436,0.19646951393449233,0.03997175716001186
N4-E12_fold2_seed20261004,N4-E12,2,20261004,43,0.018631065059280662,0.43401829684662463,0.19136012089118637,0.04386067373747456
N4-E12_fold2_seed20261004,N4-E12,2,20261004,44,0.01902959051509415,0.4344254294623092,0.19170871662700134,0.048689223627996235
N4-E12_fold2_seed20261004,N4-E12,2,20261004,45,0.01773438278370031,0.43083332747446784,0.18838821385439078,0.0901048825459718
N4-E12_fold2_seed20261004,N4-E12,2,20261004,46,0.017236225963933448,0.4368324315925561,0.19375669524465505,0.026606287528929067
N4-E12_fold2_seed20261004,N4-E12,2,20261004,47,0.02012553551858125,0.4285486732219638,0.18684069685982183,0.06822953234849584
N4-E12_fold2_seed20261004,N4-E12,2,20261004,48,0.019228853243000898,0.4311007711470802,0.18918414801170008,0.04052168936878211
N4-E12_fold2_seed20261004,N4-E12,2,20261004,49,0.019527747334861015,0.4294019792236993,0.18751906769831977,0.08926785163496093
N4-E12_fold2_seed20261004,N4-E12,2,20261004,50,0.018631065059280662,0.42925219442690055,0.18731735039324823,0.09450372370407273
N4-E12_fold2_seed20261004,N4-E12,2,20261004,51,0.01464581050114576,0.43407954217626665,0.19095932682615377,0.05546803776896603
N4-E12_fold2_seed20261005,N4-E12,2,20261005,39,0.01693733187207333,0.23573323814481176,0.06466346476221134,0.030479781028558958
N4-E12_fold2_seed20261005,N4-E12,2,20261005,40,0.016738069144166583,0.2388729373163872,0.06592932099919019,0.027584406444637947
N4-E12_fold2_seed20261005,N4-E12,2,20261005,41,0.016837700508119956,0.23610620714489466,0.0645783662707494,0.043265000802158116
N4-E12_fold2_seed20261005,N4-E12,2,20261005,42,0.02251668825346219,0.23209637101508923,0.06548803982321061,0.06879025965279133
N4-E12_fold2_seed20261005,N4-E12,2,20261005,43,0.018631065059280662,0.23378858784975637,0.06467802136288489,0.04788864206563839
N4-E12_fold2_seed20261005,N4-E12,2,20261005,44,0.01902959051509415,0.22931521891535303,0.06255924811468652,0.061516479404767475
N4-E12_fold2_seed20261005,N4-E12,2,20261005,45,0.01773438278370031,0.22879451863747755,0.06153248732786988,0.07446362526388016
N4-E12_fold2_seed20261005,N4-E12,2,20261005,46,0.017236225963933448,0.24025069190342854,0.0666599677145603,0.041674233974304864
N4-E12_fold2_seed20261005,N4-E12,2,20261005,47,0.02012553551858125,0.24155308114449633,0.06871916730844203,0.03988287513660146
N4-E12_fold2_seed20261005,N4-E12,2,20261005,48,0.019228853243000898,0.24307058407188373,0.06900895039533664,0.03870843798483912
N4-E12_fold2_seed20261005,N4-E12,2,20261005,49,0.019527747334861015,0.23699415830211243,0.06627768660716482,0.04795429434296617
N4-E12_fold2_seed20261005,N4-E12,2,20261005,50,0.018631065059280662,0.23178465155834146,0.06350925801586965,0.04419189265147592
N4-E12_fold2_seed20261005,N4-E12,2,20261005,51,0.01464581050114576,0.23641328500198505,0.06368163423271717,0.031000307140756942
N4-E12_fold2_seed20261006,N4-E12,2,20261006,39,0.01693733187207333,0.18815960006678234,0.04651692259187522,0.013457745681436605
N4-E12_fold2_seed20261006,N4-E12,2,20261006,40,0.016738069144166583,0.18447742582669524,0.04514959116827251,0.012514885295449339
N4-E12_fold2_seed20261006,N4-E12,2,20261006,41,0.016837700508119956,0.18605029969267686,0.045645822361308486,0.015156370240828705
N4-E12_fold2_seed20261006,N4-E12,2,20261006,42,0.02251668825346219,0.1879061578854153,0.0498948151476529,0.020086387892339564
N4-E12_fold2_seed20261006,N4-E12,2,20261006,43,0.018631065059280662,0.18515536639325525,0.0466875880609434,0.015842339141456434
N4-E12_fold2_seed20261006,N4-E12,2,20261006,44,0.01902959051509415,0.19067792572912048,0.0489229804161268,0.012869037688803677
N4-E12_fold2_seed20261006,N4-E12,2,20261006,45,0.01773438278370031,0.18731736856603293,0.04687132991612751,0.012485594027395245
N4-E12_fold2_seed20261006,N4-E12,2,20261006,46,0.017236225963933448,0.17622073746835684,0.04228676211547649,0.03207957960674665
N4-E12_fold2_seed20261006,N4-E12,2,20261006,47,0.02012553551858125,0.18485154327388695,0.04738444432770662,0.01677386047001355
N4-E12_fold2_seed20261006,N4-E12,2,20261006,48,0.019228853243000898,0.18452693588108443,0.04681475854174686,0.016239841916752613
N4-E12_fold2_seed20261006,N4-E12,2,20261006,49,0.019527747334861015,0.1953908974094608,0.051093815643518385,0.012664605376393672
N4-E12_fold2_seed20261006,N4-E12,2,20261006,50,0.018631065059280662,0.19572025297145937,0.05072607342040096,0.012283784029752725
N4-E12_fold2_seed20261006,N4-E12,2,20261006,51,0.01464581050114576,0.18334178555212463,0.043377228308926576,0.015002857478209094
N4-E12_fold3_seed20261002,N4-E12,3,20261002,52,0.011656869582544586,0.4140608351164218,0.17655880140828792,0.006478306324134731
N4-E12_fold3_seed20261002,N4-E12,3,20261002,53,0.016638437780213212,0.4064258155884945,0.17248627786286685,0.009104801973182426
N4-E12_fold3_seed20261002,N4-E12,3,20261002,54,0.02022516688253462,0.4302264565571595,0.19269325400326662,0.010872107359226004
N4-E12_fold3_seed20261002,N4-E12,3,20261002,55,0.01972701006276776,0.4285319536771933,0.19142473491204415,0.010581861347398913
N4-E12_fold3_seed20261002,N4-E12,3,20261002,56,0.014745441865099133,0.438864867198376,0.19855814504168653,0.007779039602892614
N4-E12_fold3_seed20261002,N4-E12,3,20261002,57,0.016638437780213212,0.41772346564284824,0.18073461180189532,0.00903013292026407
N4-E12_fold3_seed20261002,N4-E12,3,20261002,58,0.016638437780213212,0.3971198013480562,0.16416385774932254,0.009311129156773472
N4-E12_fold3_seed20261002,N4-E12,3,20261002,59,0.022616319617415562,0.40154940038182585,0.17020018283622362,0.01280286811483628
N4-E12_fold3_seed20261003,N4-E12,3,20261003,52,0.011656869582544586,0.18999062532085376,0.0432779802929951,0.034624122547157334
N4-E12_fold3_seed20261003,N4-E12,3,20261003,53,0.016638437780213212,0.19317253519304947,0.0474266855809578,0.03976713012425061
N4-E12_fold3_seed20261003,N4-E12,3,20261003,54,0.02022516688253462,0.18521212391704056,0.046565429850148325,0.06158278983035166
N4-E12_fold3_seed20261003,N4-E12,3,20261003,55,0.01972701006276776,0.1905602226188327,0.04823172946083531,0.06011463346584288
N4-E12_fold3_seed20261003,N4-E12,3,20261003,56,0.014745441865099133,0.19060692281314162,0.045407259557329056,0.03262275671573256
N4-E12_fold3_seed20261003,N4-E12,3,20261003,57,0.016638437780213212,0.19103974413708166,0.046633808175767864,0.03945078472912498
N4-E12_fold3_seed20261003,N4-E12,3,20261003,58,0.016638437780213212,0.19118914654269215,0.04676998429104416,0.030433496095174678
N4-E12_fold3_seed20261003,N4-E12,3,20261003,59,0.022616319617415562,0.19231431338867802,0.051030882835871975,0.029020413652086293
N4-E12_fold3_seed20261004,N4-E12,3,20261004,52,0.011656869582544586,0.34608251112251426,0.12416120466808052,0.007610923556796827
N4-E12_fold3_seed20261004,N4-E12,3,20261004,53,0.016638437780213212,0.34768022889453054,0.12711260220046922,0.010150515843341762
N4-E12_fold3_seed20261004,N4-E12,3,20261004,54,0.02022516688253462,0.3439826508839703,0.12567910238230123,0.018118437227688862
N4-E12_fold3_seed20261004,N4-E12,3,20261004,55,0.01972701006276776,0.34827991917555384,0.12872436607564244,0.011497248498563194
N4-E12_fold3_seed20261004,N4-E12,3,20261004,56,0.014745441865099133,0.34778906638150986,0.12661647179646143,0.00928802353717076
N4-E12_fold3_seed20261004,N4-E12,3,20261004,57,0.016638437780213212,0.34879926381141674,0.1279181111490414,0.00976520713362096
N4-E12_fold3_seed20261004,N4-E12,3,20261004,58,0.016638437780213212,0.35082957304789614,0.12933700081983515,0.009370516082609512
N4-E12_fold3_seed20261004,N4-E12,3,20261004,59,0.022616319617415562,0.3466515645593063,0.12875721270543028,0.012875565314486172
N4-E12_fold3_seed20261005,N4-E12,3,20261005,52,0.011656869582544586,0.17940997572359635,0.03963271706678817,0.02771068075549404
N4-E12_fold3_seed20261005,N4-E12,3,20261005,53,0.016638437780213212,0.1813906551092873,0.0434925478130752,0.02805532795756435
N4-E12_fold3_seed20261005,N4-E12,3,20261005,54,0.02022516688253462,0.17588755824371752,0.04360849325944279,0.06470847039442676
N4-E12_fold3_seed20261005,N4-E12,3,20261005,55,0.01972701006276776,0.1758260844715805,0.04328654642199221,0.06365366912597883
N4-E12_fold3_seed20261005,N4-E12,3,20261005,56,0.014745441865099133,0.17448867157808892,0.03979127463887047,0.05212030662754867
N4-E12_fold3_seed20261005,N4-E12,3,20261005,57,0.016638437780213212,0.17776621395211054,0.042054480589070777,0.05049975588213267
N4-E12_fold3_seed20261005,N4-E12,3,20261005,58,0.016638437780213212,0.18055464185406633,0.043076650192525545,0.03805347607814898
N4-E12_fold3_seed20261005,N4-E12,3,20261005,59,0.022616319617415562,0.1801595391957251,0.046545017383280644,0.061869831783776225
N4-E12_fold3_seed20261006,N4-E12,3,20261006,52,0.011656869582544586,0.1391257296903706,0.028223825671744026,0.008338279472795362
N4-E12_fold3_seed20261006,N4-E12,3,20261006,53,0.016638437780213212,0.13867927086444173,0.03190053488720938,0.011214949209074985
N4-E12_fold3_seed20261006,N4-E12,3,20261006,54,0.02022516688253462,0.14490476345281514,0.03640160996797303,0.012596593908059195
N4-E12_fold3_seed20261006,N4-E12,3,20261006,55,0.01972701006276776,0.14288052934472772,0.03538679865115411,0.012984432521131187
N4-E12_fold3_seed20261006,N4-E12,3,20261006,56,0.014745441865099133,0.15098867113447556,0.034070606851334596,0.008404462601376839
N4-E12_fold3_seed20261006,N4-E12,3,20261006,57,0.016638437780213212,0.15073776490563642,0.03545956433124238,0.009588567737929382
N4-E12_fold3_seed20261006,N4-E12,3,20261006,58,0.016638437780213212,0.1429709977893758,0.033073267636769245,0.010636881877918418
N4-E12_fold3_seed20261006,N4-E12,3,20261006,59,0.022616319617415562,0.14595600313118468,0.038332407884308826,0.015239320245565709
N4-E12_fold4_seed20261002,N4-E12,4,20261002,60,0.02640231144764372,0.3485220472406653,0.13176237909579183,0.014405016929975308
N4-E12_fold4_seed20261002,N4-E12,4,20261002,61,0.027099730995317328,0.33891353863265306,0.12557710242966466,0.015855020083020054
N4-E12_fold4_seed20261002,N4-E12,4,20261002,62,0.02879346418252466,0.33468935231567365,0.12327725364968646,0.018330806718923804
N4-E12_fold4_seed20261002,N4-E12,4,20261002,63,0.028295307362757795,0.3369896611211566,0.12426201058180653,0.01703728134977075
N4-E12_fold4_seed20261002,N4-E12,4,20261002,64,0.029391252366244895,0.33189797143545474,0.1213067662612572,0.01868203675099103
N4-E12_fold4_seed20261002,N4-E12,4,20261002,65,0.02570489189997011,0.3291291060440313,0.11829654590205635,0.018155608475202673
N4-E12_fold4_seed20261002,N4-E12,4,20261002,66,0.03307761283251968,0.3312279036956387,0.12204042962687767,0.02256711586687439
N4-E12_fold4_seed20261002,N4-E12,4,20261002,67,0.030586828733685366,0.33179065222850795,0.12198263676203597,0.02148654988706384
N4-E12_fold4_seed20261003,N4-E12,4,20261003,60,0.02640231144764372,0.15603421797080635,0.04244205031893929,0.038276290241569595
N4-E12_fold4_seed20261003,N4-E12,4,20261003,61,0.027099730995317328,0.15816228969898333,0.04334625771706941,0.044842974064127336
N4-E12_fold4_seed20261003,N4-E12,4,20261003,62,0.02879346418252466,0.15490398900112554,0.043617588839481115,0.04590645940723943
N4-E12_fold4_seed20261003,N4-E12,4,20261003,63,0.028295307362757795,0.15850495314263272,0.04454185841830261,0.03711348252299597
N4-E12_fold4_seed20261003,N4-E12,4,20261003,64,0.029391252366244895,0.15597647098218242,0.04431740386614257,0.048339974420069876
N4-E12_fold4_seed20261003,N4-E12,4,20261003,65,0.02570489189997011,0.1534426758066546,0.04087771261305545,0.05827048022375103
N4-E12_fold4_seed20261003,N4-E12,4,20261003,66,0.03307761283251968,0.15522533562733837,0.04634096449982056,0.07046784532660808
N4-E12_fold4_seed20261003,N4-E12,4,20261003,67,0.030586828733685366,0.1557372310478715,0.045081428338228174,0.04922313537628818
N4-E12_fold4_seed20261004,N4-E12,4,20261004,60,0.02640231144764372,0.26729828522170723,0.08497141362983324,0.016404783250388057
N4-E12_fold4_seed20261004,N4-E12,4,20261004,61,0.027099730995317328,0.2731741696360388,0.08827289372895548,0.016038181182383742
N4-E12_fold4_seed20261004,N4-E12,4,20261004,62,0.02879346418252466,0.2695718672125646,0.08723907020288132,0.017453587353319172
N4-E12_fold4_seed20261004,N4-E12,4,20261004,63,0.028295307362757795,0.2685708975542232,0.08623339212451318,0.018762421813721883
N4-E12_fold4_seed20261004,N4-E12,4,20261004,64,0.029391252366244895,0.27303871466370955,0.08926404077514286,0.01743138307821201
N4-E12_fold4_seed20261004,N4-E12,4,20261004,65,0.02570489189997011,0.27650758344622794,0.08932545953431746,0.014675841962001602
N4-E12_fold4_seed20261004,N4-E12,4,20261004,66,0.03307761283251968,0.27585579637579677,0.09230865788637974,0.019724281465915337
N4-E12_fold4_seed20261004,N4-E12,4,20261004,67,0.030586828733685366,0.27465658038029533,0.0908402696637332,0.017344963103141098
N4-E12_fold4_seed20261005,N4-E12,4,20261005,60,0.02640231144764372,0.13793594033488926,0.03753941592018627,0.08882355090744254
N4-E12_fold4_seed20261005,N4-E12,4,20261005,61,0.027099730995317328,0.1386575964860706,0.038155719189641654,0.09088376172804055
N4-E12_fold4_seed20261005,N4-E12,4,20261005,62,0.02879346418252466,0.13978741280292387,0.03954895906837858,0.10152559325802096
N4-E12_fold4_seed20261005,N4-E12,4,20261005,63,0.028295307362757795,0.14029587731847504,0.039707612206072454,0.06724140815621449
N4-E12_fold4_seed20261005,N4-E12,4,20261005,64,0.029391252366244895,0.14232463652893154,0.040858631084562974,0.0796600510259076
N4-E12_fold4_seed20261005,N4-E12,4,20261005,65,0.02570489189997011,0.14190182743179122,0.03814070866251632,0.07211400115283319
N4-E12_fold4_seed20261005,N4-E12,4,20261005,66,0.03307761283251968,0.14162250396201412,0.04339911501649042,0.07367834838105078
N4-E12_fold4_seed20261005,N4-E12,4,20261005,67,0.030586828733685366,0.1429347997928375,0.041866092731813985,0.0700122853974765
N4-E12_fold4_seed20261006,N4-E12,4,20261006,60,0.02640231144764372,0.11110520073524616,0.03345958386162205,0.01927082602061355
N4-E12_fold4_seed20261006,N4-E12,4,20261006,61,0.027099730995317328,0.11151852044338643,0.03409967062734404,0.021148050931415804
N4-E12_fold4_seed20261006,N4-E12,4,20261006,62,0.02879346418252466,0.11223694290959438,0.03556189111314955,0.02206503574704712
N4-E12_fold4_seed20261006,N4-E12,4,20261006,63,0.028295307362757795,0.11485797680021347,0.035864354218380814,0.019652797415925467
N4-E12_fold4_seed20261006,N4-E12,4,20261006,64,0.029391252366244895,0.11325047886168961,0.03628481001698141,0.02131838490261348
N4-E12_fold4_seed20261006,N4-E12,4,20261006,65,0.02570489189997011,0.11101467159950941,0.032886288837867574,0.019691159099781887
N4-E12_fold4_seed20261006,N4-E12,4,20261006,66,0.03307761283251968,0.11131741512903236,0.03865377947988282,0.027116359901281757
N4-E12_fold4_seed20261006,N4-E12,4,20261006,67,0.030586828733685366,0.11281710791179844,0.037100053689929094,0.022928953392707216
N4-E36_fold1_seed20261002,N4-E36,1,20261002,26,0.012453920494171565,0.2648187969748311,0.07569478565853602,0.06757392639609382
N4-E36_fold1_seed20261002,N4-E36,1,20261002,27,0.01384875958951878,0.2646990996851309,0.07620161778370908,0.08029181837657683
N4-E36_fold1_seed20261002,N4-E36,1,20261002,28,0.015343230048819368,0.26436725353580454,0.0767252766542728,0.07859422956189464
N4-E36_fold1_seed20261002,N4-E36,1,20261002,29,0.015542492776726114,0.26446461740165744,0.07678560341149082,0.09509033489992796
N4-E36_fold1_seed20261002,N4-E36,1,20261002,30,0.015542492776726114,0.264364787505995,0.07674680697251614,0.09163575488577787
N4-E36_fold1_seed20261002,N4-E36,1,20261002,31,0.015642124140679486,0.2643738726246176,0.07674732662611339,0.10209164721631948
N4-E36_fold1_seed20261002,N4-E36,1,20261002,32,0.017335857327886818,0.2641372181850594,0.07731994040835684,0.12107599176811593
N4-E36_fold1_seed20261002,N4-E36,1,20261002,33,0.018033276875560427,0.26414778774018516,0.07757916958411233,0.13188180492535864
N4-E36_fold1_seed20261002,N4-E36,1,20261002,34,0.016140280960446347,0.2643072587738275,0.07685696436525537,0.12402786950111701
N4-E36_fold1_seed20261002,N4-E36,1,20261002,35,0.0170369632360267,0.26421742849306545,0.07720138775813011,0.1287124339370066
N4-E36_fold1_seed20261002,N4-E36,1,20261002,36,0.016837700508119956,0.26461998116025787,0.07722983539796582,0.1454695268073797
N4-E36_fold1_seed20261002,N4-E36,1,20261002,37,0.016837700508119956,0.2646102800276123,0.07703690668779632,0.1901076147270517
N4-E36_fold1_seed20261002,N4-E36,1,20261002,38,0.016040649596492977,0.2643448259852098,0.07665236817269643,0.16049883380974742
N4-E36_fold1_seed20261003,N4-E36,1,20261003,26,0.012453920494171565,0.11328957069474072,0.022261464932412146,0.03992254358158858
N4-E36_fold1_seed20261003,N4-E36,1,20261003,27,0.01384875958951878,0.11531562785817721,0.023720871466646174,0.04224730810226013
N4-E36_fold1_seed20261003,N4-E36,1,20261003,28,0.015343230048819368,0.1134736755158041,0.0244496186084787,0.04758991034571447
N4-E36_fold1_seed20261003,N4-E36,1,20261003,29,0.015542492776726114,0.11456111685731761,0.02482474371510132,0.04611616307166251
N4-E36_fold1_seed20261003,N4-E36,1,20261003,30,0.015542492776726114,0.11570930317155717,0.02509831797751315,0.04024949432382107
N4-E36_fold1_seed20261003,N4-E36,1,20261003,31,0.015642124140679486,0.1163992068302606,0.02527715382176863,0.04606701182903433
N4-E36_fold1_seed20261003,N4-E36,1,20261003,32,0.017335857327886818,0.11395790532603202,0.02596017110765038,0.06555827836459915
N4-E36_fold1_seed20261003,N4-E36,1,20261003,33,0.018033276875560427,0.11355546385517712,0.026339361205949416,0.08179577188179372
N4-E36_fold1_seed20261003,N4-E36,1,20261003,34,0.016140280960446347,0.11291305189172819,0.024763667889739986,0.0905487826700072
N4-E36_fold1_seed20261003,N4-E36,1,20261003,35,0.0170369632360267,0.11301787581317962,0.025441754173360694,0.10986063414892791
N4-E36_fold1_seed20261003,N4-E36,1,20261003,36,0.016837700508119956,0.11446876971610336,0.025543378170354698,0.11332952277609665
N4-E36_fold1_seed20261003,N4-E36,1,20261003,37,0.016837700508119956,0.11338789323583619,0.02518302909424918,0.16554870657671725
N4-E36_fold1_seed20261003,N4-E36,1,20261003,38,0.016040649596492977,0.11346809862041096,0.02475891733928002,0.09449269682379065
N4-E36_fold1_seed20261004,N4-E36,1,20261004,26,0.012453920494171565,0.19529123779921848,0.04565036734783051,0.02690955469277731
N4-E36_fold1_seed20261004,N4-E36,1,20261004,27,0.01384875958951878,0.19870326493274768,0.04778663141900621,0.02570418574063275
N4-E36_fold1_seed20261004,N4-E36,1,20261004,28,0.015343230048819368,0.1989075289051806,0.04876676245227918,0.02541017354534516
N4-E36_fold1_seed20261004,N4-E36,1,20261004,29,0.015542492776726114,0.19747362649219524,0.04827649662025513,0.033526472898599266
N4-E36_fold1_seed20261004,N4-E36,1,20261004,30,0.015542492776726114,0.19750052755178701,0.04829875452406246,0.031213334017278105
N4-E36_fold1_seed20261004,N4-E36,1,20261004,31,0.015642124140679486,0.19944554960192337,0.04907555212003857,0.03047398474744277
N4-E36_fold1_seed20261004,N4-E36,1,20261004,32,0.017335857327886818,0.19873599670781703,0.04969426389674947,0.04720331316738147
N4-E36_fold1_seed20261004,N4-E36,1,20261004,33,0.018033276875560427,0.198079669674896,0.04986832445243218,0.04497667275567974
N4-E36_fold1_seed20261004,N4-E36,1,20261004,34,0.016140280960446347,0.19465961623312977,0.04736835125246244,0.066899225087025
N4-E36_fold1_seed20261004,N4-E36,1,20261004,35,0.0170369632360267,0.1925329756354383,0.04713414924453583,0.06163072261921314
N4-E36_fold1_seed20261004,N4-E36,1,20261004,36,0.016837700508119956,0.189191472475686,0.045675924561804124,0.0905966678891742
N4-E36_fold1_seed20261004,N4-E36,1,20261004,37,0.016837700508119956,0.19118725300245318,0.046315440171105386,0.10366281788921972
N4-E36_fold1_seed20261004,N4-E36,1,20261004,38,0.016040649596492977,0.19325140097723306,0.04674559461736941,0.06187811830877946
N4-E36_fold1_seed20261005,N4-E36,1,20261005,26,0.012453920494171565,0.09689058114308727,0.0191945493689396,0.05621502028718474
N4-E36_fold1_seed20261005,N4-E36,1,20261005,27,0.01384875958951878,0.09888652501074001,0.020570625507841195,0.07548047756764076
N4-E36_fold1_seed20261005,N4-E36,1,20261005,28,0.015343230048819368,0.09917101247046482,0.02167568278688315,0.10854230061534959
N4-E36_fold1_seed20261005,N4-E36,1,20261005,29,0.015542492776726114,0.09996452360731187,0.021987140908806598,0.10508634354144657
N4-E36_fold1_seed20261005,N4-E36,1,20261005,30,0.015542492776726114,0.09968554732050641,0.02191764731823058,0.10986691158178773
N4-E36_fold1_seed20261005,N4-E36,1,20261005,31,0.015642124140679486,0.09974108287833332,0.021986397195817783,0.11708468805554151
N4-E36_fold1_seed20261005,N4-E36,1,20261005,32,0.017335857327886818,0.09966804910826743,0.02327321649498648,0.1264126530722058
N4-E36_fold1_seed20261005,N4-E36,1,20261005,33,0.018033276875560427,0.09959982206502396,0.02376604689384073,0.13608832528343476
N4-E36_fold1_seed20261005,N4-E36,1,20261005,34,0.016140280960446347,0.0976017088426591,0.021965664952205827,0.12199914038821325
N4-E36_fold1_seed20261005,N4-E36,1,20261005,35,0.0170369632360267,0.0976143719978046,0.022581189629517363,0.15137052208185298
N4-E36_fold1_seed20261005,N4-E36,1,20261005,36,0.016837700508119956,0.09840048539811189,0.02265740053521961,0.13029410191862842
N4-E36_fold1_seed20261005,N4-E36,1,20261005,37,0.016837700508119956,0.0982030331045907,0.02265803117341527,0.1261608703196281
N4-E36_fold1_seed20261005,N4-E36,1,20261005,38,0.016040649596492977,0.09628502229961185,0.021677531814992445,0.1228203351874573
N4-E36_fold1_seed20261006,N4-E36,1,20261006,26,0.012453920494171565,0.08123794707625127,0.01696922190123908,0.02978943223487189
N4-E36_fold1_seed20261006,N4-E36,1,20261006,27,0.01384875958951878,0.0816554803392547,0.01816191974234327,0.03466063834324899
N4-E36_fold1_seed20261006,N4-E36,1,20261006,28,0.015343230048819368,0.08119640828761147,0.01934486967749618,0.03705878486055251
N4-E36_fold1_seed20261006,N4-E36,1,20261006,29,0.015542492776726114,0.08114266747269214,0.01947297736744423,0.042299103792256515
N4-E36_fold1_seed20261006,N4-E36,1,20261006,30,0.015542492776726114,0.08138026852019448,0.01949765949191646,0.04179830338159399
N4-E36_fold1_seed20261006,N4-E36,1,20261006,31,0.015642124140679486,0.08183173566792709,0.019655468954717138,0.03641417653581072
N4-E36_fold1_seed20261006,N4-E36,1,20261006,32,0.017335857327886818,0.0809333304095094,0.020883436111127123,0.05411349819570886
N4-E36_fold1_seed20261006,N4-E36,1,20261006,33,0.018033276875560427,0.08071151585497521,0.02139996835333761,0.06331505157006154
N4-E36_fold1_seed20261006,N4-E36,1,20261006,34,0.016140280960446347,0.08032027172592907,0.01978298274969526,0.06410840728094203
N4-E36_fold1_seed20261006,N4-E36,1,20261006,35,0.0170369632360267,0.08009487355046328,0.020488600243826958,0.07145923862235683
N4-E36_fold1_seed20261006,N4-E36,1,20261006,36,0.016837700508119956,0.08023488928746805,0.020284430581025657,0.08224108238816633
N4-E36_fold1_seed20261006,N4-E36,1,20261006,37,0.016837700508119956,0.08010587595335555,0.020211210710397144,0.11065853178196335
N4-E36_fold1_seed20261006,N4-E36,1,20261006,38,0.016040649596492977,0.08008667273840002,0.019605306808435887,0.09019803019133184
N4-E36_fold2_seed20261002,N4-E36,2,20261002,39,0.01693733187207333,0.16360447838453643,0.03784380691758762,0.055962422410269205
N4-E36_fold2_seed20261002,N4-E36,2,20261002,40,0.016738069144166583,0.1636747745657162,0.03766985576901648,0.06635616051387791
N4-E36_fold2_seed20261002,N4-E36,2,20261002,41,0.016837700508119956,0.16442812428407316,0.03801855420258735,0.05551768168251818
N4-E36_fold2_seed20261002,N4-E36,2,20261002,42,0.02251668825346219,0.16534048665219506,0.041927810559602964,0.07571117220524613
N4-E36_fold2_seed20261002,N4-E36,2,20261002,43,0.018631065059280662,0.16854126265757938,0.040545561544130956,0.04370875052108747
N4-E36_fold2_seed20261002,N4-E36,2,20261002,44,0.01902959051509415,0.1674413035430027,0.040438858307572614,0.044854919012362715
N4-E36_fold2_seed20261002,N4-E36,2,20261002,45,0.01773438278370031,0.16791698068137745,0.03971684634825023,0.04958542776933466
N4-E36_fold2_seed20261002,N4-E36,2,20261002,46,0.017236225963933448,0.1688274304980076,0.039724357882073055,0.043890239125302266
N4-E36_fold2_seed20261002,N4-E36,2,20261002,47,0.02012553551858125,0.16977554623684016,0.041907367345566715,0.04252833389934132
N4-E36_fold2_seed20261002,N4-E36,2,20261002,48,0.019228853243000898,0.17492582860989064,0.04313464061265009,0.02422199765402438
N4-E36_fold2_seed20261002,N4-E36,2,20261002,49,0.019527747334861015,0.17176998060984508,0.04223440949937723,0.031471305968940044
N4-E36_fold2_seed20261002,N4-E36,2,20261002,50,0.018631065059280662,0.17169354866768663,0.04172772774968911,0.02637819448980639
N4-E36_fold2_seed20261002,N4-E36,2,20261002,51,0.01464581050114576,0.1690733045267036,0.038172671784233496,0.03204791081703224
N4-E36_fold2_seed20261003,N4-E36,2,20261003,39,0.01693733187207333,0.0763865003398115,0.01957028467276517,0.15551079456463787
N4-E36_fold2_seed20261003,N4-E36,2,20261003,40,0.016738069144166583,0.07538961322929993,0.019220648061165493,0.17094392461027624
N4-E36_fold2_seed20261003,N4-E36,2,20261003,41,0.016837700508119956,0.07442355576781323,0.019280053442268543,0.13788191239117387
N4-E36_fold2_seed20261003,N4-E36,2,20261003,42,0.02251668825346219,0.07454504410118863,0.023937162573640595,0.1758814945400895
N4-E36_fold2_seed20261003,N4-E36,2,20261003,43,0.018631065059280662,0.07635501282223903,0.02117303785189758,0.10141247863912994
N4-E36_fold2_seed20261003,N4-E36,2,20261003,44,0.01902959051509415,0.07568926075683687,0.021274360427884127,0.15494969008060208
N4-E36_fold2_seed20261003,N4-E36,2,20261003,45,0.01773438278370031,0.07752992258983167,0.020415024680793127,0.17995375653028708
N4-E36_fold2_seed20261003,N4-E36,2,20261003,46,0.017236225963933448,0.07854907645625196,0.02037367666079841,0.06493943402565167
N4-E36_fold2_seed20261003,N4-E36,2,20261003,47,0.02012553551858125,0.07793308045373325,0.02249497337329871,0.16640053199087762
N4-E36_fold2_seed20261003,N4-E36,2,20261003,48,0.019228853243000898,0.0852095556195518,0.023094761532364637,0.03715787794331116
N4-E36_fold2_seed20261003,N4-E36,2,20261003,49,0.019527747334861015,0.08186745060052462,0.022588941829792854,0.12254262497256727
N4-E36_fold2_seed20261003,N4-E36,2,20261003,50,0.018631065059280662,0.08150327191067974,0.02197245489336826,0.0744726995658146
N4-E36_fold2_seed20261003,N4-E36,2,20261003,51,0.01464581050114576,0.08038900932276608,0.01850500154672221,0.06528218613732382
N4-E36_fold2_seed20261004,N4-E36,2,20261004,39,0.01693733187207333,0.10264821509608531,0.02342266873376508,0.16676884112168622
N4-E36_fold2_seed20261004,N4-E36,2,20261004,40,0.016738069144166583,0.10237128157923694,0.023156755647039742,0.15851859976408492
N4-E36_fold2_seed20261004,N4-E36,2,20261004,41,0.016837700508119956,0.1028224356604873,0.02339187624346385,0.11452675718378622
N4-E36_fold2_seed20261004,N4-E36,2,20261004,42,0.02251668825346219,0.10262625610970343,0.027676944176928373,0.15458798110840505
N4-E36_fold2_seed20261004,N4-E36,2,20261004,43,0.018631065059280662,0.10587019438318146,0.025671430774975027,0.04535527608612453
N4-E36_fold2_seed20261004,N4-E36,2,20261004,44,0.01902959051509415,0.10277025559141853,0.025243696611841806,0.08391681715237644
N4-E36_fold2_seed20261004,N4-E36,2,20261004,45,0.01773438278370031,0.10538883894407704,0.024884653206820716,0.042449209309454505
N4-E36_fold2_seed20261004,N4-E36,2,20261004,46,0.017236225963933448,0.10825782580920283,0.02512095039786096,0.029811349282255133
N4-E36_fold2_seed20261004,N4-E36,2,20261004,47,0.02012553551858125,0.11007587990792285,0.027760452899699136,0.02908668799536333
N4-E36_fold2_seed20261004,N4-E36,2,20261004,48,0.019228853243000898,0.11447440716555085,0.028093303972858627,0.017746364012183803
N4-E36_fold2_seed20261004,N4-E36,2,20261004,49,0.019527747334861015,0.11269404539190869,0.02785713282982321,0.022398596479476934
N4-E36_fold2_seed20261004,N4-E36,2,20261004,50,0.018631065059280662,0.11260623786071966,0.02734213532058455,0.017143134887093202
N4-E36_fold2_seed20261004,N4-E36,2,20261004,51,0.01464581050114576,0.10862279943870184,0.02332919723579914,0.019103282357098454
N4-E36_fold2_seed20261005,N4-E36,2,20261005,39,0.01693733187207333,0.06544567257855127,0.01865055521056348,0.11322640988320544
N4-E36_fold2_seed20261005,N4-E36,2,20261005,40,0.016738069144166583,0.06562042933731034,0.018342335591313114,0.14996518089218427
N4-E36_fold2_seed20261005,N4-E36,2,20261005,41,0.016837700508119956,0.06573779818844391,0.018403595050839824,0.15623004116920083
N4-E36_fold2_seed20261005,N4-E36,2,20261005,42,0.02251668825346219,0.06588113674483138,0.02307432444602469,0.2314471801036854
N4-E36_fold2_seed20261005,N4-E36,2,20261005,43,0.018631065059280662,0.06611543925751887,0.019914798564015554,0.17913491198643977
N4-E36_fold2_seed20261005,N4-E36,2,20261005,44,0.01902959051509415,0.06619229254938457,0.020229555113005553,0.1844762179558112
N4-E36_fold2_seed20261005,N4-E36,2,20261005,45,0.01773438278370031,0.0666809493404195,0.019216651383253132,0.17564094135805822
N4-E36_fold2_seed20261005,N4-E36,2,20261005,46,0.017236225963933448,0.06651190903013185,0.018762818862772618,0.17555716683457284
N4-E36_fold2_seed20261005,N4-E36,2,20261005,47,0.02012553551858125,0.06712515565812943,0.02126567177377981,0.1836824436719864
N4-E36_fold2_seed20261005,N4-E36,2,20261005,48,0.019228853243000898,0.06769932663708031,0.02055592988382858,0.18212269928166536
N4-E36_fold2_seed20261005,N4-E36,2,20261005,49,0.019527747334861015,0.06735338318470711,0.020757930643654544,0.1871467105520336
N4-E36_fold2_seed20261005,N4-E36,2,20261005,50,0.018631065059280662,0.06717807493253537,0.020056314991545532,0.15672558528887456
N4-E36_fold2_seed20261005,N4-E36,2,20261005,51,0.01464581050114576,0.06665045182856341,0.016669425675695296,0.1260004836300949
N4-E36_fold2_seed20261006,N4-E36,2,20261006,39,0.01693733187207333,0.05085978526043032,0.01731595027724535,0.2512310976313706
N4-E36_fold2_seed20261006,N4-E36,2,20261006,40,0.016738069144166583,0.05153767456959594,0.017161405183116693,0.21473816861571093
N4-E36_fold2_seed20261006,N4-E36,2,20261006,41,0.016837700508119956,0.05130012551706053,0.017212199144163557,0.249269095566194
N4-E36_fold2_seed20261006,N4-E36,2,20261006,42,0.02251668825346219,0.051475208491981346,0.022153719950822808,0.317116485889102
N4-E36_fold2_seed20261006,N4-E36,2,20261006,43,0.018631065059280662,0.05178603932908621,0.018853465788196085,0.2708673984460185
N4-E36_fold2_seed20261006,N4-E36,2,20261006,44,0.01902959051509415,0.05159478927646496,0.019149072703397843,0.2904918576111706
N4-E36_fold2_seed20261006,N4-E36,2,20261006,45,0.01773438278370031,0.05180323921966592,0.01803049818413341,0.2724166645786874
N4-E36_fold2_seed20261006,N4-E36,2,20261006,46,0.017236225963933448,0.05200820200092502,0.01768116321591253,0.22850927041369617
N4-E36_fold2_seed20261006,N4-E36,2,20261006,47,0.02012553551858125,0.05230042960093791,0.020182784936569224,0.2805376666996742
N4-E36_fold2_seed20261006,N4-E36,2,20261006,48,0.019228853243000898,0.05299225232067877,0.019526407121865274,0.21099347627727144
N4-E36_fold2_seed20261006,N4-E36,2,20261006,49,0.019527747334861015,0.052757464439031114,0.019678489385654818,0.25754979524001403
N4-E36_fold2_seed20261006,N4-E36,2,20261006,50,0.018631065059280662,0.05261403853041959,0.01901077752700556,0.18780518533296087
N4-E36_fold2_seed20261006,N4-E36,2,20261006,51,0.01464581050114576,0.052346754991507226,0.01549979829966439,0.16720570994931233
N4-E36_fold3_seed20261002,N4-E36,3,20261002,52,0.011656869582544586,0.10909587493639936,0.020888090667933127,0.03734056500612624
N4-E36_fold3_seed20261002,N4-E36,3,20261002,53,0.016638437780213212,0.1089005946261918,0.024651706554396108,0.04674742519322337
N4-E36_fold3_seed20261002,N4-E36,3,20261002,54,0.02022516688253462,0.10985483035246263,0.027649552808745446,0.04945506242804066
N4-E36_fold3_seed20261002,N4-E36,3,20261002,55,0.01972701006276776,0.10948868801506029,0.027141702151357833,0.04849947077737812
N4-E36_fold3_seed20261002,N4-E36,3,20261002,56,0.014745441865099133,0.11202032979128729,0.023942255318169195,0.024274306281242043
N4-E36_fold3_seed20261002,N4-E36,3,20261002,57,0.016638437780213212,0.10912349714017482,0.024765610214246357,0.04154960235764635
N4-E36_fold3_seed20261002,N4-E36,3,20261002,58,0.016638437780213212,0.10611622280559029,0.024094647852091446,0.06253391795446608
N4-E36_fold3_seed20261002,N4-E36,3,20261002,59,0.022616319617415562,0.10812096866720904,0.02907765496262482,0.06875002826239733
N4-E36_fold3_seed20261003,N4-E36,3,20261003,52,0.011656869582544586,0.05463831513179052,0.013207264175905157,0.0505760251674419
N4-E36_fold3_seed20261003,N4-E36,3,20261003,53,0.016638437780213212,0.05373587330356916,0.017583419897673647,0.041526860020035
N4-E36_fold3_seed20261003,N4-E36,3,20261003,54,0.02022516688253462,0.05430086341287575,0.020601871678393908,0.09723011856105539
N4-E36_fold3_seed20261003,N4-E36,3,20261003,55,0.01972701006276776,0.054346004018243854,0.020194235352460295,0.09368830937935428
N4-E36_fold3_seed20261003,N4-E36,3,20261003,56,0.014745441865099133,0.05534834092527315,0.016004046921640848,0.04941984351342114
N4-E36_fold3_seed20261003,N4-E36,3,20261003,57,0.016638437780213212,0.05337188424370244,0.017552365017115868,0.04762860154574798
N4-E36_fold3_seed20261003,N4-E36,3,20261003,58,0.016638437780213212,0.05185602897176426,0.017441019536535356,0.04382488734632253
N4-E36_fold3_seed20261003,N4-E36,3,20261003,59,0.022616319617415562,0.05241225106185057,0.02279332449086211,0.053140316740851894
N4-E36_fold3_seed20261004,N4-E36,3,20261004,52,0.011656869582544586,0.08040101701181694,0.01627477304521351,0.014850613690244253
N4-E36_fold3_seed20261004,N4-E36,3,20261004,53,0.016638437780213212,0.07971767891776108,0.020356438667256678,0.021326455165916913
N4-E36_fold3_seed20261004,N4-E36,3,20261004,54,0.02022516688253462,0.08113253643601373,0.02356821899798368,0.0216294994774481
N4-E36_fold3_seed20261004,N4-E36,3,20261004,55,0.01972701006276776,0.08283548928587545,0.023397364799080916,0.019114333570590843
N4-E36_fold3_seed20261004,N4-E36,3,20261004,56,0.014745441865099133,0.08318397165796101,0.019346489498958366,0.011769023684900067
N4-E36_fold3_seed20261004,N4-E36,3,20261004,57,0.016638437780213212,0.07980614525312284,0.020414150805684723,0.017899007862675856
N4-E36_fold3_seed20261004,N4-E36,3,20261004,58,0.016638437780213212,0.07846033071343991,0.020198505692998622,0.022915375075856705
N4-E36_fold3_seed20261004,N4-E36,3,20261004,59,0.022616319617415562,0.07896548801885736,0.025256946248641967,0.031230911259373443
N4-E36_fold3_seed20261005,N4-E36,3,20261005,52,0.011656869582544586,0.04481498637227113,0.012445291916534647,0.07256593733054657
N4-E36_fold3_seed20261005,N4-E36,3,20261005,53,0.016638437780213212,0.044928252798264796,0.016821133370997356,0.11393227027629492
N4-E36_fold3_seed20261005,N4-E36,3,20261005,54,0.02022516688253462,0.045387472052953876,0.020050660505653704,0.12959699202622538
N4-E36_fold3_seed20261005,N4-E36,3,20261005,55,0.01972701006276776,0.045304158302848,0.01951373874324793,0.15268937176494735
N4-E36_fold3_seed20261005,N4-E36,3,20261005,56,0.014745441865099133,0.04571934985892695,0.01520768815172052,0.09222828167990356
N4-E36_fold3_seed20261005,N4-E36,3,20261005,57,0.016638437780213212,0.04509396742129897,0.0168199841905098,0.11209419450764331
N4-E36_fold3_seed20261005,N4-E36,3,20261005,58,0.016638437780213212,0.044861056909481445,0.016771746284746744,0.11869582495249226
N4-E36_fold3_seed20261005,N4-E36,3,20261005,59,0.022616319617415562,0.04504731133052196,0.022050345738015606,0.1534577706183232
N4-E36_fold3_seed20261006,N4-E36,3,20261006,52,0.011656869582544586,0.04428183513255253,0.012337369323742183,0.1153392895954901
N4-E36_fold3_seed20261006,N4-E36,3,20261006,53,0.016638437780213212,0.04409328341380245,0.016854895089343385,0.10862944915641533
N4-E36_fold3_seed20261006,N4-E36,3,20261006,54,0.02022516688253462,0.04439326296142592,0.020027696693936215,0.14670940811270783
N4-E36_fold3_seed20261006,N4-E36,3,20261006,55,0.01972701006276776,0.04452918522476192,0.019609134473357784,0.13516981224569627
N4-E36_fold3_seed20261006,N4-E36,3,20261006,56,0.014745441865099133,0.04476071602939018,0.015224113328399264,0.08153913837911671
N4-E36_fold3_seed20261006,N4-E36,3,20261006,57,0.016638437780213212,0.04389235711140757,0.01692434566981215,0.07802761629699474
N4-E36_fold3_seed20261006,N4-E36,3,20261006,58,0.016638437780213212,0.04371033365893485,0.016902132154636578,0.08543026624592066
N4-E36_fold3_seed20261006,N4-E36,3,20261006,59,0.022616319617415562,0.043588356662338915,0.022253785095588435,0.1145565159648081
N4-E36_fold4_seed20261002,N4-E36,4,20261002,60,0.02640231144764372,0.0806958567740186,0.028387571109191965,0.0719271002742244
N4-E36_fold4_seed20261002,N4-E36,4,20261002,61,0.027099730995317328,0.08108207779439347,0.028959581191079994,0.08515368827330773
N4-E36_fold4_seed20261002,N4-E36,4,20261002,62,0.02879346418252466,0.0818711475007145,0.03052511322600323,0.0770789315081031
N4-E36_fold4_seed20261002,N4-E36,4,20261002,63,0.028295307362757795,0.08164440294374758,0.030187851817693005,0.0557407344206268
N4-E36_fold4_seed20261002,N4-E36,4,20261002,64,0.029391252366244895,0.08175183058872917,0.03102297391874297,0.08413311384678349
N4-E36_fold4_seed20261002,N4-E36,4,20261002,65,0.02570489189997011,0.08186954181697031,0.0279926358518763,0.0699815177744962
N4-E36_fold4_seed20261002,N4-E36,4,20261002,66,0.03307761283251968,0.08194231751262995,0.03407632308108341,0.09634209137983007
N4-E36_fold4_seed20261002,N4-E36,4,20261002,67,0.030586828733685366,0.08228201658913777,0.032094383092067615,0.07945884455199119
N4-E36_fold4_seed20261003,N4-E36,4,20261003,60,0.02640231144764372,0.04141443847400719,0.02536621319628714,0.15433209582938748
N4-E36_fold4_seed20261003,N4-E36,4,20261003,61,0.027099730995317328,0.04130654192251442,0.02573276509118332,0.1918505870956442
N4-E36_fold4_seed20261003,N4-E36,4,20261003,62,0.02879346418252466,0.04027549893495047,0.027216109861108097,0.21552611303507727
N4-E36_fold4_seed20261003,N4-E36,4,20261003,63,0.028295307362757795,0.04129394638656757,0.02682447979150552,0.1973206475522738
N4-E36_fold4_seed20261003,N4-E36,4,20261003,64,0.029391252366244895,0.040188821796776256,0.027686017606028658,0.21875951450871042
N4-E36_fold4_seed20261003,N4-E36,4,20261003,65,0.02570489189997011,0.04029993171662355,0.024387761584704824,0.19120728615009067
N4-E36_fold4_seed20261003,N4-E36,4,20261003,66,0.03307761283251968,0.040535392220520244,0.03071377877583815,0.27743879757543527
N4-E36_fold4_seed20261003,N4-E36,4,20261003,67,0.030586828733685366,0.040381550693539915,0.02880694055713891,0.19836246036625912
N4-E36_fold4_seed20261004,N4-E36,4,20261004,60,0.02640231144764372,0.05941993096956249,0.026475152212766334,0.07088096484656023
N4-E36_fold4_seed20261004,N4-E36,4,20261004,61,0.027099730995317328,0.05930005957650742,0.026789874854993668,0.13002006900359056
N4-E36_fold4_seed20261004,N4-E36,4,20261004,62,0.02879346418252466,0.05888419605689845,0.028149520022344946,0.15751644628627667
N4-E36_fold4_seed20261004,N4-E36,4,20261004,63,0.028295307362757795,0.05846407854530349,0.027980516396975068,0.10261401589888967
N4-E36_fold4_seed20261004,N4-E36,4,20261004,64,0.029391252366244895,0.05839707446547516,0.028815119497688054,0.1343495928093132
N4-E36_fold4_seed20261004,N4-E36,4,20261004,65,0.02570489189997011,0.05900024526206243,0.025548279741153354,0.13007289818031484
N4-E36_fold4_seed20261004,N4-E36,4,20261004,66,0.03307761283251968,0.058986430802086216,0.031833376743805354,0.16634347952951298
N4-E36_fold4_seed20261004,N4-E36,4,20261004,67,0.030586828733685366,0.05954000628665848,0.029645554777012344,0.16368429802292442
N4-E36_fold4_seed20261005,N4-E36,4,20261005,60,0.02640231144764372,0.036321836649968846,0.025130161841496572,0.1848660935352464
N4-E36_fold4_seed20261005,N4-E36,4,20261005,61,0.027099730995317328,0.03682693701554585,0.02555541314156903,0.21237791802445669
N4-E36_fold4_seed20261005,N4-E36,4,20261005,62,0.02879346418252466,0.03678997140807969,0.027052990197490648,0.22846742703650855
N4-E36_fold4_seed20261005,N4-E36,4,20261005,63,0.028295307362757795,0.03669948397730396,0.026696020691900746,0.2077854183410354
N4-E36_fold4_seed20261005,N4-E36,4,20261005,64,0.029391252366244895,0.03682788236945351,0.027615370083088366,0.23016482520099538
N4-E36_fold4_seed20261005,N4-E36,4,20261005,65,0.02570489189997011,0.037143499306573825,0.024302486106872606,0.1899837903956163
N4-E36_fold4_seed20261005,N4-E36,4,20261005,66,0.03307761283251968,0.037232344164872,0.030844661579678155,0.23633018242389298
N4-E36_fold4_seed20261005,N4-E36,4,20261005,67,0.030586828733685366,0.03729834855395905,0.028668134624830695,0.21004841096578938
N4-E36_fold4_seed20261006,N4-E36,4,20261006,60,0.02640231144764372,0.037254234684128744,0.02540202102783847,0.15927420639039058
N4-E36_fold4_seed20261006,N4-E36,4,20261006,61,0.027099730995317328,0.03737913611437159,0.02593958646236586,0.1874947909392563
N4-E36_fold4_seed20261006,N4-E36,4,20261006,62,0.02879346418252466,0.036929841739639514,0.02744032469822294,0.19067523380288845
N4-E36_fold4_seed20261006,N4-E36,4,20261006,63,0.028295307362757795,0.037117258460381566,0.02697925266065742,0.18507791640626894
N4-E36_fold4_seed20261006,N4-E36,4,20261006,64,0.029391252366244895,0.03700716015182565,0.02793750568318529,0.19865932514439516
N4-E36_fold4_seed20261006,N4-E36,4,20261006,65,0.02570489189997011,0.0371636926182651,0.024590354401646912,0.17298514313958305
N4-E36_fold4_seed20261006,N4-E36,4,20261006,66,0.03307761283251968,0.037280728976023254,0.03116765337270522,0.22681264865881565
N4-E36_fold4_seed20261006,N4-E36,4,20261006,67,0.030586828733685366,0.03720236944790758,0.028996812931127366,0.18824949212984193
